13-Nov-2025 00:10:17.766 INFO [main] org.apache.catalina.startup.VersionLoggerListener.log Имя версии сервера:    Apache Tomcat/9.0.112
13-Nov-2025 00:10:17.768 INFO [main] org.apache.catalina.startup.VersionLoggerListener.log Сервер собран:         Nov 6 2025 07:46:18 UTC
13-Nov-2025 00:10:17.768 INFO [main] org.apache.catalina.startup.VersionLoggerListener.log Номер версии сервера:  9.0.112.0
13-Nov-2025 00:10:17.768 INFO [main] org.apache.catalina.startup.VersionLoggerListener.log OS Name:               Mac OS X
13-Nov-2025 00:10:17.769 INFO [main] org.apache.catalina.startup.VersionLoggerListener.log Версия ОС:             15.6.1
13-Nov-2025 00:10:17.769 INFO [main] org.apache.catalina.startup.VersionLoggerListener.log Архитектура:           aarch64
13-Nov-2025 00:10:17.769 INFO [main] org.apache.catalina.startup.VersionLoggerListener.log Java Home:             /Users/plushavey/Library/Java/JavaVirtualMachines/corretto-23.0.2/Contents/Home
13-Nov-2025 00:10:17.769 INFO [main] org.apache.catalina.startup.VersionLoggerListener.log Версия JVM:            23.0.2+7-FR
13-Nov-2025 00:10:17.769 INFO [main] org.apache.catalina.startup.VersionLoggerListener.log Производитель JVM:     Amazon.com Inc.
13-Nov-2025 00:10:17.769 INFO [main] org.apache.catalina.startup.VersionLoggerListener.log CATALINA_BASE:         /Users/plushavey/Desktop/TP_Projects/WebServletV2/tomcat
13-Nov-2025 00:10:17.769 INFO [main] org.apache.catalina.startup.VersionLoggerListener.log CATALINA_HOME:         /Users/plushavey/Desktop/TP_Projects/WebServletV2/tomcat
13-Nov-2025 00:10:17.781 INFO [main] org.apache.catalina.startup.VersionLoggerListener.log Command line argument: --add-opens=java.base/java.lang=ALL-UNNAMED
13-Nov-2025 00:10:17.781 INFO [main] org.apache.catalina.startup.VersionLoggerListener.log Command line argument: --add-opens=java.base/java.lang.invoke=ALL-UNNAMED
13-Nov-2025 00:10:17.781 INFO [main] org.apache.catalina.startup.VersionLoggerListener.log Command line argument: --add-opens=java.base/java.lang.reflect=ALL-UNNAMED
13-Nov-2025 00:10:17.781 INFO [main] org.apache.catalina.startup.VersionLoggerListener.log Command line argument: --add-opens=java.base/java.io=ALL-UNNAMED
13-Nov-2025 00:10:17.781 INFO [main] org.apache.catalina.startup.VersionLoggerListener.log Command line argument: --add-opens=java.base/java.util=ALL-UNNAMED
13-Nov-2025 00:10:17.782 INFO [main] org.apache.catalina.startup.VersionLoggerListener.log Command line argument: --add-opens=java.base/java.util.concurrent=ALL-UNNAMED
13-Nov-2025 00:10:17.782 INFO [main] org.apache.catalina.startup.VersionLoggerListener.log Command line argument: --add-opens=java.rmi/sun.rmi.transport=ALL-UNNAMED
13-Nov-2025 00:10:17.782 INFO [main] org.apache.catalina.startup.VersionLoggerListener.log Command line argument: -Djava.util.logging.config.file=/Users/plushavey/Desktop/TP_Projects/WebServletV2/tomcat/conf/logging.properties
13-Nov-2025 00:10:17.782 INFO [main] org.apache.catalina.startup.VersionLoggerListener.log Command line argument: -Djava.util.logging.manager=org.apache.juli.ClassLoaderLogManager
13-Nov-2025 00:10:17.782 INFO [main] org.apache.catalina.startup.VersionLoggerListener.log Command line argument: -Djdk.tls.ephemeralDHKeySize=2048
13-Nov-2025 00:10:17.782 INFO [main] org.apache.catalina.startup.VersionLoggerListener.log Command line argument: -Djava.protocol.handler.pkgs=org.apache.catalina.webresources
13-Nov-2025 00:10:17.782 INFO [main] org.apache.catalina.startup.VersionLoggerListener.log Command line argument: -Dsun.io.useCanonCaches=false
13-Nov-2025 00:10:17.782 INFO [main] org.apache.catalina.startup.VersionLoggerListener.log Command line argument: -Dorg.apache.catalina.security.SecurityListener.UMASK=0027
13-Nov-2025 00:10:17.782 INFO [main] org.apache.catalina.startup.VersionLoggerListener.log Command line argument: -Dignore.endorsed.dirs=
13-Nov-2025 00:10:17.782 INFO [main] org.apache.catalina.startup.VersionLoggerListener.log Command line argument: -Dcatalina.base=/Users/plushavey/Desktop/TP_Projects/WebServletV2/tomcat
13-Nov-2025 00:10:17.782 INFO [main] org.apache.catalina.startup.VersionLoggerListener.log Command line argument: -Dcatalina.home=/Users/plushavey/Desktop/TP_Projects/WebServletV2/tomcat
13-Nov-2025 00:10:17.782 INFO [main] org.apache.catalina.startup.VersionLoggerListener.log Command line argument: -Djava.io.tmpdir=/Users/plushavey/Desktop/TP_Projects/WebServletV2/tomcat/temp
13-Nov-2025 00:10:17.788 INFO [main] org.apache.catalina.core.AprLifecycleListener.lifecycleEvent The Apache Tomcat Native library which allows using OpenSSL was not found on the java.library.path: [/Users/plushavey/Library/Java/Extensions:/Library/Java/Extensions:/Network/Library/Java/Extensions:/System/Library/Java/Extensions:/usr/lib/java:.]
13-Nov-2025 00:10:17.957 INFO [main] org.apache.coyote.AbstractProtocol.init Инициализация ProtocolHandler ["http-nio-8080"]
13-Nov-2025 00:10:17.975 INFO [main] org.apache.catalina.startup.Catalina.load Server initialization in [317] milliseconds
13-Nov-2025 00:10:17.994 INFO [main] org.apache.catalina.core.StandardService.startInternal Starting service [Catalina]
13-Nov-2025 00:10:17.994 INFO [main] org.apache.catalina.core.StandardEngine.startInternal Starting Servlet engine: [Apache Tomcat/9.0.112]
13-Nov-2025 00:10:18.001 INFO [main] org.apache.catalina.startup.HostConfig.deployWAR Deploying web application archive [/Users/plushavey/Desktop/TP_Projects/WebServletV2/tomcat/webapps/WebServletV2.war]
13-Nov-2025 00:10:18.152 INFO [main] org.apache.catalina.startup.HostConfig.deployWAR Deployment of web application archive [/Users/plushavey/Desktop/TP_Projects/WebServletV2/tomcat/webapps/WebServletV2.war] has finished in [149] ms
13-Nov-2025 00:10:18.152 INFO [main] org.apache.catalina.startup.HostConfig.deployDirectory Установка веб приложения в папку [/Users/plushavey/Desktop/TP_Projects/WebServletV2/tomcat/webapps/docs]
13-Nov-2025 00:10:18.165 INFO [main] org.apache.catalina.startup.HostConfig.deployDirectory Deployment of web application directory [/Users/plushavey/Desktop/TP_Projects/WebServletV2/tomcat/webapps/docs] has finished in [13] ms
13-Nov-2025 00:10:18.165 INFO [main] org.apache.catalina.startup.HostConfig.deployDirectory Установка веб приложения в папку [/Users/plushavey/Desktop/TP_Projects/WebServletV2/tomcat/webapps/manager]
13-Nov-2025 00:10:18.181 INFO [main] org.apache.catalina.startup.HostConfig.deployDirectory Deployment of web application directory [/Users/plushavey/Desktop/TP_Projects/WebServletV2/tomcat/webapps/manager] has finished in [16] ms
13-Nov-2025 00:10:18.181 INFO [main] org.apache.catalina.startup.HostConfig.deployDirectory Установка веб приложения в папку [/Users/plushavey/Desktop/TP_Projects/WebServletV2/tomcat/webapps/examples]
13-Nov-2025 00:10:18.284 INFO [main] org.apache.catalina.startup.HostConfig.deployDirectory Deployment of web application directory [/Users/plushavey/Desktop/TP_Projects/WebServletV2/tomcat/webapps/examples] has finished in [103] ms
13-Nov-2025 00:10:18.284 INFO [main] org.apache.catalina.startup.HostConfig.deployDirectory Установка веб приложения в папку [/Users/plushavey/Desktop/TP_Projects/WebServletV2/tomcat/webapps/ROOT]
13-Nov-2025 00:10:18.292 INFO [main] org.apache.catalina.startup.HostConfig.deployDirectory Deployment of web application directory [/Users/plushavey/Desktop/TP_Projects/WebServletV2/tomcat/webapps/ROOT] has finished in [8] ms
13-Nov-2025 00:10:18.292 INFO [main] org.apache.catalina.startup.HostConfig.deployDirectory Установка веб приложения в папку [/Users/plushavey/Desktop/TP_Projects/WebServletV2/tomcat/webapps/host-manager]
13-Nov-2025 00:10:18.301 INFO [main] org.apache.catalina.startup.HostConfig.deployDirectory Deployment of web application directory [/Users/plushavey/Desktop/TP_Projects/WebServletV2/tomcat/webapps/host-manager] has finished in [8] ms
13-Nov-2025 00:10:18.302 INFO [main] org.apache.coyote.AbstractProtocol.start Starting ProtocolHandler ["http-nio-8080"]
13-Nov-2025 00:10:18.306 INFO [main] org.apache.catalina.startup.Catalina.start Server startup in [330] milliseconds
13-Nov-2025 00:11:22.514 INFO [main] org.apache.catalina.core.StandardServer.await A valid shutdown command was received via the shutdown port. Stopping the Server instance.
13-Nov-2025 00:11:22.514 INFO [main] org.apache.coyote.AbstractProtocol.pause Pausing ProtocolHandler ["http-nio-8080"]
13-Nov-2025 00:11:22.516 INFO [main] org.apache.catalina.core.StandardService.stopInternal Stopping service [Catalina]
13-Nov-2025 00:11:22.534 INFO [main] org.apache.coyote.AbstractProtocol.stop Stopping ProtocolHandler ["http-nio-8080"]
13-Nov-2025 00:11:22.541 INFO [main] org.apache.coyote.AbstractProtocol.destroy Destroying ProtocolHandler ["http-nio-8080"]
13-Nov-2025 09:59:06.806 INFO [main] org.apache.catalina.startup.VersionLoggerListener.log Имя версии сервера:    Apache Tomcat/9.0.112
13-Nov-2025 09:59:06.809 INFO [main] org.apache.catalina.startup.VersionLoggerListener.log Сервер собран:         Nov 6 2025 07:46:18 UTC
13-Nov-2025 09:59:06.809 INFO [main] org.apache.catalina.startup.VersionLoggerListener.log Номер версии сервера:  9.0.112.0
13-Nov-2025 09:59:06.809 INFO [main] org.apache.catalina.startup.VersionLoggerListener.log OS Name:               Mac OS X
13-Nov-2025 09:59:06.809 INFO [main] org.apache.catalina.startup.VersionLoggerListener.log Версия ОС:             15.6.1
13-Nov-2025 09:59:06.809 INFO [main] org.apache.catalina.startup.VersionLoggerListener.log Архитектура:           aarch64
13-Nov-2025 09:59:06.809 INFO [main] org.apache.catalina.startup.VersionLoggerListener.log Java Home:             /Users/plushavey/Library/Java/JavaVirtualMachines/corretto-23.0.2/Contents/Home
13-Nov-2025 09:59:06.809 INFO [main] org.apache.catalina.startup.VersionLoggerListener.log Версия JVM:            23.0.2+7-FR
13-Nov-2025 09:59:06.809 INFO [main] org.apache.catalina.startup.VersionLoggerListener.log Производитель JVM:     Amazon.com Inc.
13-Nov-2025 09:59:06.810 INFO [main] org.apache.catalina.startup.VersionLoggerListener.log CATALINA_BASE:         /Users/plushavey/Desktop/TP_Projects/WebServletV2/tomcat
13-Nov-2025 09:59:06.810 INFO [main] org.apache.catalina.startup.VersionLoggerListener.log CATALINA_HOME:         /Users/plushavey/Desktop/TP_Projects/WebServletV2/tomcat
13-Nov-2025 09:59:06.818 INFO [main] org.apache.catalina.startup.VersionLoggerListener.log Command line argument: --add-opens=java.base/java.lang=ALL-UNNAMED
13-Nov-2025 09:59:06.818 INFO [main] org.apache.catalina.startup.VersionLoggerListener.log Command line argument: --add-opens=java.base/java.lang.invoke=ALL-UNNAMED
13-Nov-2025 09:59:06.818 INFO [main] org.apache.catalina.startup.VersionLoggerListener.log Command line argument: --add-opens=java.base/java.lang.reflect=ALL-UNNAMED
13-Nov-2025 09:59:06.818 INFO [main] org.apache.catalina.startup.VersionLoggerListener.log Command line argument: --add-opens=java.base/java.io=ALL-UNNAMED
13-Nov-2025 09:59:06.818 INFO [main] org.apache.catalina.startup.VersionLoggerListener.log Command line argument: --add-opens=java.base/java.util=ALL-UNNAMED
13-Nov-2025 09:59:06.819 INFO [main] org.apache.catalina.startup.VersionLoggerListener.log Command line argument: --add-opens=java.base/java.util.concurrent=ALL-UNNAMED
13-Nov-2025 09:59:06.819 INFO [main] org.apache.catalina.startup.VersionLoggerListener.log Command line argument: --add-opens=java.rmi/sun.rmi.transport=ALL-UNNAMED
13-Nov-2025 09:59:06.819 INFO [main] org.apache.catalina.startup.VersionLoggerListener.log Command line argument: -Djava.util.logging.config.file=/Users/plushavey/Desktop/TP_Projects/WebServletV2/tomcat/conf/logging.properties
13-Nov-2025 09:59:06.819 INFO [main] org.apache.catalina.startup.VersionLoggerListener.log Command line argument: -Djava.util.logging.manager=org.apache.juli.ClassLoaderLogManager
13-Nov-2025 09:59:06.819 INFO [main] org.apache.catalina.startup.VersionLoggerListener.log Command line argument: -Djdk.tls.ephemeralDHKeySize=2048
13-Nov-2025 09:59:06.819 INFO [main] org.apache.catalina.startup.VersionLoggerListener.log Command line argument: -Djava.protocol.handler.pkgs=org.apache.catalina.webresources
13-Nov-2025 09:59:06.819 INFO [main] org.apache.catalina.startup.VersionLoggerListener.log Command line argument: -Dsun.io.useCanonCaches=false
13-Nov-2025 09:59:06.819 INFO [main] org.apache.catalina.startup.VersionLoggerListener.log Command line argument: -Dorg.apache.catalina.security.SecurityListener.UMASK=0027
13-Nov-2025 09:59:06.819 INFO [main] org.apache.catalina.startup.VersionLoggerListener.log Command line argument: -Dignore.endorsed.dirs=
13-Nov-2025 09:59:06.819 INFO [main] org.apache.catalina.startup.VersionLoggerListener.log Command line argument: -Dcatalina.base=/Users/plushavey/Desktop/TP_Projects/WebServletV2/tomcat
13-Nov-2025 09:59:06.819 INFO [main] org.apache.catalina.startup.VersionLoggerListener.log Command line argument: -Dcatalina.home=/Users/plushavey/Desktop/TP_Projects/WebServletV2/tomcat
13-Nov-2025 09:59:06.819 INFO [main] org.apache.catalina.startup.VersionLoggerListener.log Command line argument: -Djava.io.tmpdir=/Users/plushavey/Desktop/TP_Projects/WebServletV2/tomcat/temp
13-Nov-2025 09:59:06.825 INFO [main] org.apache.catalina.core.AprLifecycleListener.lifecycleEvent The Apache Tomcat Native library which allows using OpenSSL was not found on the java.library.path: [/Users/plushavey/Library/Java/Extensions:/Library/Java/Extensions:/Network/Library/Java/Extensions:/System/Library/Java/Extensions:/usr/lib/java:.]
13-Nov-2025 09:59:06.995 INFO [main] org.apache.coyote.AbstractProtocol.init Инициализация ProtocolHandler ["http-nio-8080"]
13-Nov-2025 09:59:07.009 INFO [main] org.apache.catalina.startup.Catalina.load Server initialization in [310] milliseconds
13-Nov-2025 09:59:07.028 INFO [main] org.apache.catalina.core.StandardService.startInternal Starting service [Catalina]
13-Nov-2025 09:59:07.028 INFO [main] org.apache.catalina.core.StandardEngine.startInternal Starting Servlet engine: [Apache Tomcat/9.0.112]
13-Nov-2025 09:59:07.035 INFO [main] org.apache.catalina.startup.HostConfig.deployWAR Deploying web application archive [/Users/plushavey/Desktop/TP_Projects/WebServletV2/tomcat/webapps/WebServletV2.war]
13-Nov-2025 09:59:07.190 INFO [main] org.apache.catalina.startup.HostConfig.deployWAR Deployment of web application archive [/Users/plushavey/Desktop/TP_Projects/WebServletV2/tomcat/webapps/WebServletV2.war] has finished in [153] ms
13-Nov-2025 09:59:07.191 INFO [main] org.apache.catalina.startup.HostConfig.deployDirectory Установка веб приложения в папку [/Users/plushavey/Desktop/TP_Projects/WebServletV2/tomcat/webapps/docs]
13-Nov-2025 09:59:07.203 INFO [main] org.apache.catalina.startup.HostConfig.deployDirectory Deployment of web application directory [/Users/plushavey/Desktop/TP_Projects/WebServletV2/tomcat/webapps/docs] has finished in [12] ms
13-Nov-2025 09:59:07.203 INFO [main] org.apache.catalina.startup.HostConfig.deployDirectory Установка веб приложения в папку [/Users/plushavey/Desktop/TP_Projects/WebServletV2/tomcat/webapps/manager]
13-Nov-2025 09:59:07.219 INFO [main] org.apache.catalina.startup.HostConfig.deployDirectory Deployment of web application directory [/Users/plushavey/Desktop/TP_Projects/WebServletV2/tomcat/webapps/manager] has finished in [15] ms
13-Nov-2025 09:59:07.219 INFO [main] org.apache.catalina.startup.HostConfig.deployDirectory Установка веб приложения в папку [/Users/plushavey/Desktop/TP_Projects/WebServletV2/tomcat/webapps/examples]
13-Nov-2025 09:59:07.318 INFO [main] org.apache.catalina.startup.HostConfig.deployDirectory Deployment of web application directory [/Users/plushavey/Desktop/TP_Projects/WebServletV2/tomcat/webapps/examples] has finished in [99] ms
13-Nov-2025 09:59:07.319 INFO [main] org.apache.catalina.startup.HostConfig.deployDirectory Установка веб приложения в папку [/Users/plushavey/Desktop/TP_Projects/WebServletV2/tomcat/webapps/ROOT]
13-Nov-2025 09:59:07.326 INFO [main] org.apache.catalina.startup.HostConfig.deployDirectory Deployment of web application directory [/Users/plushavey/Desktop/TP_Projects/WebServletV2/tomcat/webapps/ROOT] has finished in [7] ms
13-Nov-2025 09:59:07.326 INFO [main] org.apache.catalina.startup.HostConfig.deployDirectory Установка веб приложения в папку [/Users/plushavey/Desktop/TP_Projects/WebServletV2/tomcat/webapps/host-manager]
13-Nov-2025 09:59:07.334 INFO [main] org.apache.catalina.startup.HostConfig.deployDirectory Deployment of web application directory [/Users/plushavey/Desktop/TP_Projects/WebServletV2/tomcat/webapps/host-manager] has finished in [8] ms
13-Nov-2025 09:59:07.336 INFO [main] org.apache.coyote.AbstractProtocol.start Starting ProtocolHandler ["http-nio-8080"]
13-Nov-2025 09:59:07.340 INFO [main] org.apache.catalina.startup.Catalina.start Server startup in [330] milliseconds
13-Nov-2025 10:32:41.352 INFO [main] org.apache.catalina.core.StandardServer.await A valid shutdown command was received via the shutdown port. Stopping the Server instance.
13-Nov-2025 10:32:41.353 INFO [main] org.apache.coyote.AbstractProtocol.pause Pausing ProtocolHandler ["http-nio-8080"]
13-Nov-2025 10:32:41.357 INFO [main] org.apache.catalina.core.StandardService.stopInternal Stopping service [Catalina]
13-Nov-2025 10:32:41.375 INFO [main] org.apache.coyote.AbstractProtocol.stop Stopping ProtocolHandler ["http-nio-8080"]
13-Nov-2025 10:32:41.382 INFO [main] org.apache.coyote.AbstractProtocol.destroy Destroying ProtocolHandler ["http-nio-8080"]
13-Nov-2025 10:33:51.049 INFO [main] org.apache.catalina.startup.VersionLoggerListener.log Имя версии сервера:    Apache Tomcat/9.0.112
13-Nov-2025 10:33:51.052 INFO [main] org.apache.catalina.startup.VersionLoggerListener.log Сервер собран:         Nov 6 2025 07:46:18 UTC
13-Nov-2025 10:33:51.052 INFO [main] org.apache.catalina.startup.VersionLoggerListener.log Номер версии сервера:  9.0.112.0
13-Nov-2025 10:33:51.052 INFO [main] org.apache.catalina.startup.VersionLoggerListener.log OS Name:               Mac OS X
13-Nov-2025 10:33:51.052 INFO [main] org.apache.catalina.startup.VersionLoggerListener.log Версия ОС:             15.6.1
13-Nov-2025 10:33:51.052 INFO [main] org.apache.catalina.startup.VersionLoggerListener.log Архитектура:           aarch64
13-Nov-2025 10:33:51.052 INFO [main] org.apache.catalina.startup.VersionLoggerListener.log Java Home:             /Users/plushavey/Library/Java/JavaVirtualMachines/corretto-23.0.2/Contents/Home
13-Nov-2025 10:33:51.052 INFO [main] org.apache.catalina.startup.VersionLoggerListener.log Версия JVM:            23.0.2+7-FR
13-Nov-2025 10:33:51.052 INFO [main] org.apache.catalina.startup.VersionLoggerListener.log Производитель JVM:     Amazon.com Inc.
13-Nov-2025 10:33:51.052 INFO [main] org.apache.catalina.startup.VersionLoggerListener.log CATALINA_BASE:         /Users/plushavey/Desktop/TP_Projects/WebServletV2/tomcat
13-Nov-2025 10:33:51.052 INFO [main] org.apache.catalina.startup.VersionLoggerListener.log CATALINA_HOME:         /Users/plushavey/Desktop/TP_Projects/WebServletV2/tomcat
13-Nov-2025 10:33:51.060 INFO [main] org.apache.catalina.startup.VersionLoggerListener.log Command line argument: --add-opens=java.base/java.lang=ALL-UNNAMED
13-Nov-2025 10:33:51.060 INFO [main] org.apache.catalina.startup.VersionLoggerListener.log Command line argument: --add-opens=java.base/java.lang.invoke=ALL-UNNAMED
13-Nov-2025 10:33:51.060 INFO [main] org.apache.catalina.startup.VersionLoggerListener.log Command line argument: --add-opens=java.base/java.lang.reflect=ALL-UNNAMED
13-Nov-2025 10:33:51.060 INFO [main] org.apache.catalina.startup.VersionLoggerListener.log Command line argument: --add-opens=java.base/java.io=ALL-UNNAMED
13-Nov-2025 10:33:51.060 INFO [main] org.apache.catalina.startup.VersionLoggerListener.log Command line argument: --add-opens=java.base/java.util=ALL-UNNAMED
13-Nov-2025 10:33:51.060 INFO [main] org.apache.catalina.startup.VersionLoggerListener.log Command line argument: --add-opens=java.base/java.util.concurrent=ALL-UNNAMED
13-Nov-2025 10:33:51.060 INFO [main] org.apache.catalina.startup.VersionLoggerListener.log Command line argument: --add-opens=java.rmi/sun.rmi.transport=ALL-UNNAMED
13-Nov-2025 10:33:51.060 INFO [main] org.apache.catalina.startup.VersionLoggerListener.log Command line argument: -Djava.util.logging.config.file=/Users/plushavey/Desktop/TP_Projects/WebServletV2/tomcat/conf/logging.properties
13-Nov-2025 10:33:51.060 INFO [main] org.apache.catalina.startup.VersionLoggerListener.log Command line argument: -Djava.util.logging.manager=org.apache.juli.ClassLoaderLogManager
13-Nov-2025 10:33:51.060 INFO [main] org.apache.catalina.startup.VersionLoggerListener.log Command line argument: -Djdk.tls.ephemeralDHKeySize=2048
13-Nov-2025 10:33:51.060 INFO [main] org.apache.catalina.startup.VersionLoggerListener.log Command line argument: -Djava.protocol.handler.pkgs=org.apache.catalina.webresources
13-Nov-2025 10:33:51.060 INFO [main] org.apache.catalina.startup.VersionLoggerListener.log Command line argument: -Dsun.io.useCanonCaches=false
13-Nov-2025 10:33:51.060 INFO [main] org.apache.catalina.startup.VersionLoggerListener.log Command line argument: -Dorg.apache.catalina.security.SecurityListener.UMASK=0027
13-Nov-2025 10:33:51.060 INFO [main] org.apache.catalina.startup.VersionLoggerListener.log Command line argument: -Dignore.endorsed.dirs=
13-Nov-2025 10:33:51.060 INFO [main] org.apache.catalina.startup.VersionLoggerListener.log Command line argument: -Dcatalina.base=/Users/plushavey/Desktop/TP_Projects/WebServletV2/tomcat
13-Nov-2025 10:33:51.060 INFO [main] org.apache.catalina.startup.VersionLoggerListener.log Command line argument: -Dcatalina.home=/Users/plushavey/Desktop/TP_Projects/WebServletV2/tomcat
13-Nov-2025 10:33:51.060 INFO [main] org.apache.catalina.startup.VersionLoggerListener.log Command line argument: -Djava.io.tmpdir=/Users/plushavey/Desktop/TP_Projects/WebServletV2/tomcat/temp
13-Nov-2025 10:33:51.066 INFO [main] org.apache.catalina.core.AprLifecycleListener.lifecycleEvent The Apache Tomcat Native library which allows using OpenSSL was not found on the java.library.path: [/Users/plushavey/Library/Java/Extensions:/Library/Java/Extensions:/Network/Library/Java/Extensions:/System/Library/Java/Extensions:/usr/lib/java:.]
13-Nov-2025 10:33:51.233 INFO [main] org.apache.coyote.AbstractProtocol.init Инициализация ProtocolHandler ["http-nio-8080"]
13-Nov-2025 10:33:51.248 INFO [main] org.apache.catalina.startup.Catalina.load Server initialization in [304] milliseconds
13-Nov-2025 10:33:51.266 INFO [main] org.apache.catalina.core.StandardService.startInternal Starting service [Catalina]
13-Nov-2025 10:33:51.266 INFO [main] org.apache.catalina.core.StandardEngine.startInternal Starting Servlet engine: [Apache Tomcat/9.0.112]
13-Nov-2025 10:33:51.273 INFO [main] org.apache.catalina.startup.HostConfig.deployWAR Deploying web application archive [/Users/plushavey/Desktop/TP_Projects/WebServletV2/tomcat/webapps/WebServletV2.war]
13-Nov-2025 10:33:51.430 INFO [main] org.apache.catalina.startup.HostConfig.deployWAR Deployment of web application archive [/Users/plushavey/Desktop/TP_Projects/WebServletV2/tomcat/webapps/WebServletV2.war] has finished in [155] ms
13-Nov-2025 10:33:51.431 INFO [main] org.apache.catalina.startup.HostConfig.deployDirectory Установка веб приложения в папку [/Users/plushavey/Desktop/TP_Projects/WebServletV2/tomcat/webapps/docs]
13-Nov-2025 10:33:51.443 INFO [main] org.apache.catalina.startup.HostConfig.deployDirectory Deployment of web application directory [/Users/plushavey/Desktop/TP_Projects/WebServletV2/tomcat/webapps/docs] has finished in [11] ms
13-Nov-2025 10:33:51.443 INFO [main] org.apache.catalina.startup.HostConfig.deployDirectory Установка веб приложения в папку [/Users/plushavey/Desktop/TP_Projects/WebServletV2/tomcat/webapps/manager]
13-Nov-2025 10:33:51.458 INFO [main] org.apache.catalina.startup.HostConfig.deployDirectory Deployment of web application directory [/Users/plushavey/Desktop/TP_Projects/WebServletV2/tomcat/webapps/manager] has finished in [15] ms
13-Nov-2025 10:33:51.458 INFO [main] org.apache.catalina.startup.HostConfig.deployDirectory Установка веб приложения в папку [/Users/plushavey/Desktop/TP_Projects/WebServletV2/tomcat/webapps/examples]
13-Nov-2025 10:33:51.557 INFO [main] org.apache.catalina.startup.HostConfig.deployDirectory Deployment of web application directory [/Users/plushavey/Desktop/TP_Projects/WebServletV2/tomcat/webapps/examples] has finished in [99] ms
13-Nov-2025 10:33:51.557 INFO [main] org.apache.catalina.startup.HostConfig.deployDirectory Установка веб приложения в папку [/Users/plushavey/Desktop/TP_Projects/WebServletV2/tomcat/webapps/ROOT]
13-Nov-2025 10:33:51.564 INFO [main] org.apache.catalina.startup.HostConfig.deployDirectory Deployment of web application directory [/Users/plushavey/Desktop/TP_Projects/WebServletV2/tomcat/webapps/ROOT] has finished in [7] ms
13-Nov-2025 10:33:51.564 INFO [main] org.apache.catalina.startup.HostConfig.deployDirectory Установка веб приложения в папку [/Users/plushavey/Desktop/TP_Projects/WebServletV2/tomcat/webapps/host-manager]
13-Nov-2025 10:33:51.573 INFO [main] org.apache.catalina.startup.HostConfig.deployDirectory Deployment of web application directory [/Users/plushavey/Desktop/TP_Projects/WebServletV2/tomcat/webapps/host-manager] has finished in [9] ms
13-Nov-2025 10:33:51.575 INFO [main] org.apache.coyote.AbstractProtocol.start Starting ProtocolHandler ["http-nio-8080"]
13-Nov-2025 10:33:51.579 INFO [main] org.apache.catalina.startup.Catalina.start Server startup in [330] milliseconds
13-Nov-2025 10:37:10.813 INFO [main] org.apache.catalina.core.StandardServer.await A valid shutdown command was received via the shutdown port. Stopping the Server instance.
13-Nov-2025 10:37:10.814 INFO [main] org.apache.coyote.AbstractProtocol.pause Pausing ProtocolHandler ["http-nio-8080"]
13-Nov-2025 10:37:10.817 INFO [main] org.apache.catalina.core.StandardService.stopInternal Stopping service [Catalina]
13-Nov-2025 10:37:10.835 INFO [main] org.apache.coyote.AbstractProtocol.stop Stopping ProtocolHandler ["http-nio-8080"]
13-Nov-2025 10:37:10.843 INFO [main] org.apache.coyote.AbstractProtocol.destroy Destroying ProtocolHandler ["http-nio-8080"]
13-Nov-2025 10:37:16.081 INFO [main] org.apache.catalina.startup.VersionLoggerListener.log Имя версии сервера:    Apache Tomcat/9.0.112
13-Nov-2025 10:37:16.083 INFO [main] org.apache.catalina.startup.VersionLoggerListener.log Сервер собран:         Nov 6 2025 07:46:18 UTC
13-Nov-2025 10:37:16.083 INFO [main] org.apache.catalina.startup.VersionLoggerListener.log Номер версии сервера:  9.0.112.0
13-Nov-2025 10:37:16.083 INFO [main] org.apache.catalina.startup.VersionLoggerListener.log OS Name:               Mac OS X
13-Nov-2025 10:37:16.083 INFO [main] org.apache.catalina.startup.VersionLoggerListener.log Версия ОС:             15.6.1
13-Nov-2025 10:37:16.083 INFO [main] org.apache.catalina.startup.VersionLoggerListener.log Архитектура:           aarch64
13-Nov-2025 10:37:16.083 INFO [main] org.apache.catalina.startup.VersionLoggerListener.log Java Home:             /Users/plushavey/Library/Java/JavaVirtualMachines/corretto-23.0.2/Contents/Home
13-Nov-2025 10:37:16.083 INFO [main] org.apache.catalina.startup.VersionLoggerListener.log Версия JVM:            23.0.2+7-FR
13-Nov-2025 10:37:16.083 INFO [main] org.apache.catalina.startup.VersionLoggerListener.log Производитель JVM:     Amazon.com Inc.
13-Nov-2025 10:37:16.083 INFO [main] org.apache.catalina.startup.VersionLoggerListener.log CATALINA_BASE:         /Users/plushavey/Desktop/TP_Projects/WebServletV2/tomcat
13-Nov-2025 10:37:16.083 INFO [main] org.apache.catalina.startup.VersionLoggerListener.log CATALINA_HOME:         /Users/plushavey/Desktop/TP_Projects/WebServletV2/tomcat
13-Nov-2025 10:37:16.088 INFO [main] org.apache.catalina.startup.VersionLoggerListener.log Command line argument: --add-opens=java.base/java.lang=ALL-UNNAMED
13-Nov-2025 10:37:16.088 INFO [main] org.apache.catalina.startup.VersionLoggerListener.log Command line argument: --add-opens=java.base/java.lang.invoke=ALL-UNNAMED
13-Nov-2025 10:37:16.088 INFO [main] org.apache.catalina.startup.VersionLoggerListener.log Command line argument: --add-opens=java.base/java.lang.reflect=ALL-UNNAMED
13-Nov-2025 10:37:16.088 INFO [main] org.apache.catalina.startup.VersionLoggerListener.log Command line argument: --add-opens=java.base/java.io=ALL-UNNAMED
13-Nov-2025 10:37:16.088 INFO [main] org.apache.catalina.startup.VersionLoggerListener.log Command line argument: --add-opens=java.base/java.util=ALL-UNNAMED
13-Nov-2025 10:37:16.088 INFO [main] org.apache.catalina.startup.VersionLoggerListener.log Command line argument: --add-opens=java.base/java.util.concurrent=ALL-UNNAMED
13-Nov-2025 10:37:16.088 INFO [main] org.apache.catalina.startup.VersionLoggerListener.log Command line argument: --add-opens=java.rmi/sun.rmi.transport=ALL-UNNAMED
13-Nov-2025 10:37:16.088 INFO [main] org.apache.catalina.startup.VersionLoggerListener.log Command line argument: -Djava.util.logging.config.file=/Users/plushavey/Desktop/TP_Projects/WebServletV2/tomcat/conf/logging.properties
13-Nov-2025 10:37:16.088 INFO [main] org.apache.catalina.startup.VersionLoggerListener.log Command line argument: -Djava.util.logging.manager=org.apache.juli.ClassLoaderLogManager
13-Nov-2025 10:37:16.088 INFO [main] org.apache.catalina.startup.VersionLoggerListener.log Command line argument: -Djdk.tls.ephemeralDHKeySize=2048
13-Nov-2025 10:37:16.088 INFO [main] org.apache.catalina.startup.VersionLoggerListener.log Command line argument: -Djava.protocol.handler.pkgs=org.apache.catalina.webresources
13-Nov-2025 10:37:16.088 INFO [main] org.apache.catalina.startup.VersionLoggerListener.log Command line argument: -Dsun.io.useCanonCaches=false
13-Nov-2025 10:37:16.088 INFO [main] org.apache.catalina.startup.VersionLoggerListener.log Command line argument: -Dorg.apache.catalina.security.SecurityListener.UMASK=0027
13-Nov-2025 10:37:16.088 INFO [main] org.apache.catalina.startup.VersionLoggerListener.log Command line argument: -Dignore.endorsed.dirs=
13-Nov-2025 10:37:16.088 INFO [main] org.apache.catalina.startup.VersionLoggerListener.log Command line argument: -Dcatalina.base=/Users/plushavey/Desktop/TP_Projects/WebServletV2/tomcat
13-Nov-2025 10:37:16.088 INFO [main] org.apache.catalina.startup.VersionLoggerListener.log Command line argument: -Dcatalina.home=/Users/plushavey/Desktop/TP_Projects/WebServletV2/tomcat
13-Nov-2025 10:37:16.089 INFO [main] org.apache.catalina.startup.VersionLoggerListener.log Command line argument: -Djava.io.tmpdir=/Users/plushavey/Desktop/TP_Projects/WebServletV2/tomcat/temp
13-Nov-2025 10:37:16.094 INFO [main] org.apache.catalina.core.AprLifecycleListener.lifecycleEvent The Apache Tomcat Native library which allows using OpenSSL was not found on the java.library.path: [/Users/plushavey/Library/Java/Extensions:/Library/Java/Extensions:/Network/Library/Java/Extensions:/System/Library/Java/Extensions:/usr/lib/java:.]
13-Nov-2025 10:37:16.243 INFO [main] org.apache.coyote.AbstractProtocol.init Инициализация ProtocolHandler ["http-nio-8080"]
13-Nov-2025 10:37:16.254 INFO [main] org.apache.catalina.startup.Catalina.load Server initialization in [259] milliseconds
13-Nov-2025 10:37:16.269 INFO [main] org.apache.catalina.core.StandardService.startInternal Starting service [Catalina]
13-Nov-2025 10:37:16.269 INFO [main] org.apache.catalina.core.StandardEngine.startInternal Starting Servlet engine: [Apache Tomcat/9.0.112]
13-Nov-2025 10:37:16.275 INFO [main] org.apache.catalina.startup.HostConfig.deployWAR Deploying web application archive [/Users/plushavey/Desktop/TP_Projects/WebServletV2/tomcat/webapps/WebServletV2.war]
13-Nov-2025 10:37:16.411 INFO [main] org.apache.catalina.startup.HostConfig.deployWAR Deployment of web application archive [/Users/plushavey/Desktop/TP_Projects/WebServletV2/tomcat/webapps/WebServletV2.war] has finished in [134] ms
13-Nov-2025 10:37:16.411 INFO [main] org.apache.catalina.startup.HostConfig.deployDirectory Установка веб приложения в папку [/Users/plushavey/Desktop/TP_Projects/WebServletV2/tomcat/webapps/docs]
13-Nov-2025 10:37:16.423 INFO [main] org.apache.catalina.startup.HostConfig.deployDirectory Deployment of web application directory [/Users/plushavey/Desktop/TP_Projects/WebServletV2/tomcat/webapps/docs] has finished in [11] ms
13-Nov-2025 10:37:16.423 INFO [main] org.apache.catalina.startup.HostConfig.deployDirectory Установка веб приложения в папку [/Users/plushavey/Desktop/TP_Projects/WebServletV2/tomcat/webapps/manager]
13-Nov-2025 10:37:16.438 INFO [main] org.apache.catalina.startup.HostConfig.deployDirectory Deployment of web application directory [/Users/plushavey/Desktop/TP_Projects/WebServletV2/tomcat/webapps/manager] has finished in [15] ms
13-Nov-2025 10:37:16.438 INFO [main] org.apache.catalina.startup.HostConfig.deployDirectory Установка веб приложения в папку [/Users/plushavey/Desktop/TP_Projects/WebServletV2/tomcat/webapps/examples]
13-Nov-2025 10:37:16.534 INFO [main] org.apache.catalina.startup.HostConfig.deployDirectory Deployment of web application directory [/Users/plushavey/Desktop/TP_Projects/WebServletV2/tomcat/webapps/examples] has finished in [96] ms
13-Nov-2025 10:37:16.534 INFO [main] org.apache.catalina.startup.HostConfig.deployDirectory Установка веб приложения в папку [/Users/plushavey/Desktop/TP_Projects/WebServletV2/tomcat/webapps/ROOT]
13-Nov-2025 10:37:16.542 INFO [main] org.apache.catalina.startup.HostConfig.deployDirectory Deployment of web application directory [/Users/plushavey/Desktop/TP_Projects/WebServletV2/tomcat/webapps/ROOT] has finished in [8] ms
13-Nov-2025 10:37:16.542 INFO [main] org.apache.catalina.startup.HostConfig.deployDirectory Установка веб приложения в папку [/Users/plushavey/Desktop/TP_Projects/WebServletV2/tomcat/webapps/host-manager]
13-Nov-2025 10:37:16.551 INFO [main] org.apache.catalina.startup.HostConfig.deployDirectory Deployment of web application directory [/Users/plushavey/Desktop/TP_Projects/WebServletV2/tomcat/webapps/host-manager] has finished in [9] ms
13-Nov-2025 10:37:16.552 INFO [main] org.apache.coyote.AbstractProtocol.start Starting ProtocolHandler ["http-nio-8080"]
13-Nov-2025 10:37:16.556 INFO [main] org.apache.catalina.startup.Catalina.start Server startup in [301] milliseconds
13-Nov-2025 10:50:59.983 INFO [main] org.apache.catalina.core.StandardServer.await A valid shutdown command was received via the shutdown port. Stopping the Server instance.
13-Nov-2025 10:50:59.984 INFO [main] org.apache.coyote.AbstractProtocol.pause Pausing ProtocolHandler ["http-nio-8080"]
13-Nov-2025 10:50:59.987 INFO [main] org.apache.catalina.core.StandardService.stopInternal Stopping service [Catalina]
13-Nov-2025 10:51:00.007 INFO [main] org.apache.coyote.AbstractProtocol.stop Stopping ProtocolHandler ["http-nio-8080"]
13-Nov-2025 10:51:00.013 INFO [main] org.apache.coyote.AbstractProtocol.destroy Destroying ProtocolHandler ["http-nio-8080"]
13-Nov-2025 10:52:04.433 INFO [main] org.apache.catalina.startup.VersionLoggerListener.log Имя версии сервера:    Apache Tomcat/9.0.112
13-Nov-2025 10:52:04.435 INFO [main] org.apache.catalina.startup.VersionLoggerListener.log Сервер собран:         Nov 6 2025 07:46:18 UTC
13-Nov-2025 10:52:04.435 INFO [main] org.apache.catalina.startup.VersionLoggerListener.log Номер версии сервера:  9.0.112.0
13-Nov-2025 10:52:04.435 INFO [main] org.apache.catalina.startup.VersionLoggerListener.log OS Name:               Mac OS X
13-Nov-2025 10:52:04.435 INFO [main] org.apache.catalina.startup.VersionLoggerListener.log Версия ОС:             15.6.1
13-Nov-2025 10:52:04.435 INFO [main] org.apache.catalina.startup.VersionLoggerListener.log Архитектура:           aarch64
13-Nov-2025 10:52:04.435 INFO [main] org.apache.catalina.startup.VersionLoggerListener.log Java Home:             /Users/plushavey/Library/Java/JavaVirtualMachines/corretto-23.0.2/Contents/Home
13-Nov-2025 10:52:04.435 INFO [main] org.apache.catalina.startup.VersionLoggerListener.log Версия JVM:            23.0.2+7-FR
13-Nov-2025 10:52:04.435 INFO [main] org.apache.catalina.startup.VersionLoggerListener.log Производитель JVM:     Amazon.com Inc.
13-Nov-2025 10:52:04.435 INFO [main] org.apache.catalina.startup.VersionLoggerListener.log CATALINA_BASE:         /Users/plushavey/Desktop/TP_Projects/WebServletV2/tomcat
13-Nov-2025 10:52:04.435 INFO [main] org.apache.catalina.startup.VersionLoggerListener.log CATALINA_HOME:         /Users/plushavey/Desktop/TP_Projects/WebServletV2/tomcat
13-Nov-2025 10:52:04.443 INFO [main] org.apache.catalina.startup.VersionLoggerListener.log Command line argument: --add-opens=java.base/java.lang=ALL-UNNAMED
13-Nov-2025 10:52:04.443 INFO [main] org.apache.catalina.startup.VersionLoggerListener.log Command line argument: --add-opens=java.base/java.lang.invoke=ALL-UNNAMED
13-Nov-2025 10:52:04.443 INFO [main] org.apache.catalina.startup.VersionLoggerListener.log Command line argument: --add-opens=java.base/java.lang.reflect=ALL-UNNAMED
13-Nov-2025 10:52:04.443 INFO [main] org.apache.catalina.startup.VersionLoggerListener.log Command line argument: --add-opens=java.base/java.io=ALL-UNNAMED
13-Nov-2025 10:52:04.443 INFO [main] org.apache.catalina.startup.VersionLoggerListener.log Command line argument: --add-opens=java.base/java.util=ALL-UNNAMED
13-Nov-2025 10:52:04.443 INFO [main] org.apache.catalina.startup.VersionLoggerListener.log Command line argument: --add-opens=java.base/java.util.concurrent=ALL-UNNAMED
13-Nov-2025 10:52:04.443 INFO [main] org.apache.catalina.startup.VersionLoggerListener.log Command line argument: --add-opens=java.rmi/sun.rmi.transport=ALL-UNNAMED
13-Nov-2025 10:52:04.443 INFO [main] org.apache.catalina.startup.VersionLoggerListener.log Command line argument: -Djava.util.logging.config.file=/Users/plushavey/Desktop/TP_Projects/WebServletV2/tomcat/conf/logging.properties
13-Nov-2025 10:52:04.443 INFO [main] org.apache.catalina.startup.VersionLoggerListener.log Command line argument: -Djava.util.logging.manager=org.apache.juli.ClassLoaderLogManager
13-Nov-2025 10:52:04.443 INFO [main] org.apache.catalina.startup.VersionLoggerListener.log Command line argument: -Djdk.tls.ephemeralDHKeySize=2048
13-Nov-2025 10:52:04.443 INFO [main] org.apache.catalina.startup.VersionLoggerListener.log Command line argument: -Djava.protocol.handler.pkgs=org.apache.catalina.webresources
13-Nov-2025 10:52:04.443 INFO [main] org.apache.catalina.startup.VersionLoggerListener.log Command line argument: -Dsun.io.useCanonCaches=false
13-Nov-2025 10:52:04.443 INFO [main] org.apache.catalina.startup.VersionLoggerListener.log Command line argument: -Dorg.apache.catalina.security.SecurityListener.UMASK=0027
13-Nov-2025 10:52:04.443 INFO [main] org.apache.catalina.startup.VersionLoggerListener.log Command line argument: -Dignore.endorsed.dirs=
13-Nov-2025 10:52:04.443 INFO [main] org.apache.catalina.startup.VersionLoggerListener.log Command line argument: -Dcatalina.base=/Users/plushavey/Desktop/TP_Projects/WebServletV2/tomcat
13-Nov-2025 10:52:04.443 INFO [main] org.apache.catalina.startup.VersionLoggerListener.log Command line argument: -Dcatalina.home=/Users/plushavey/Desktop/TP_Projects/WebServletV2/tomcat
13-Nov-2025 10:52:04.443 INFO [main] org.apache.catalina.startup.VersionLoggerListener.log Command line argument: -Djava.io.tmpdir=/Users/plushavey/Desktop/TP_Projects/WebServletV2/tomcat/temp
13-Nov-2025 10:52:04.451 INFO [main] org.apache.catalina.core.AprLifecycleListener.lifecycleEvent The Apache Tomcat Native library which allows using OpenSSL was not found on the java.library.path: [/Users/plushavey/Library/Java/Extensions:/Library/Java/Extensions:/Network/Library/Java/Extensions:/System/Library/Java/Extensions:/usr/lib/java:.]
13-Nov-2025 10:52:04.609 INFO [main] org.apache.coyote.AbstractProtocol.init Инициализация ProtocolHandler ["http-nio-8080"]
13-Nov-2025 10:52:04.621 INFO [main] org.apache.catalina.startup.Catalina.load Server initialization in [276] milliseconds
13-Nov-2025 10:52:04.639 INFO [main] org.apache.catalina.core.StandardService.startInternal Starting service [Catalina]
13-Nov-2025 10:52:04.639 INFO [main] org.apache.catalina.core.StandardEngine.startInternal Starting Servlet engine: [Apache Tomcat/9.0.112]
13-Nov-2025 10:52:04.645 INFO [main] org.apache.catalina.startup.HostConfig.deployWAR Deploying web application archive [/Users/plushavey/Desktop/TP_Projects/WebServletV2/tomcat/webapps/WebServletV2.war]
13-Nov-2025 10:52:04.652 INFO [main] org.apache.catalina.startup.ExpandWar.expand An expanded directory [/Users/plushavey/Desktop/TP_Projects/WebServletV2/tomcat/webapps/WebServletV2] was found with a last modified time that did not match the associated WAR. It will be deleted.
13-Nov-2025 10:52:04.799 INFO [main] org.apache.catalina.startup.HostConfig.deployWAR Deployment of web application archive [/Users/plushavey/Desktop/TP_Projects/WebServletV2/tomcat/webapps/WebServletV2.war] has finished in [153] ms
13-Nov-2025 10:52:04.800 INFO [main] org.apache.catalina.startup.HostConfig.deployDirectory Установка веб приложения в папку [/Users/plushavey/Desktop/TP_Projects/WebServletV2/tomcat/webapps/docs]
13-Nov-2025 10:52:04.811 INFO [main] org.apache.catalina.startup.HostConfig.deployDirectory Deployment of web application directory [/Users/plushavey/Desktop/TP_Projects/WebServletV2/tomcat/webapps/docs] has finished in [11] ms
13-Nov-2025 10:52:04.812 INFO [main] org.apache.catalina.startup.HostConfig.deployDirectory Установка веб приложения в папку [/Users/plushavey/Desktop/TP_Projects/WebServletV2/tomcat/webapps/manager]
13-Nov-2025 10:52:04.827 INFO [main] org.apache.catalina.startup.HostConfig.deployDirectory Deployment of web application directory [/Users/plushavey/Desktop/TP_Projects/WebServletV2/tomcat/webapps/manager] has finished in [16] ms
13-Nov-2025 10:52:04.828 INFO [main] org.apache.catalina.startup.HostConfig.deployDirectory Установка веб приложения в папку [/Users/plushavey/Desktop/TP_Projects/WebServletV2/tomcat/webapps/examples]
13-Nov-2025 10:52:04.927 INFO [main] org.apache.catalina.startup.HostConfig.deployDirectory Deployment of web application directory [/Users/plushavey/Desktop/TP_Projects/WebServletV2/tomcat/webapps/examples] has finished in [99] ms
13-Nov-2025 10:52:04.927 INFO [main] org.apache.catalina.startup.HostConfig.deployDirectory Установка веб приложения в папку [/Users/plushavey/Desktop/TP_Projects/WebServletV2/tomcat/webapps/ROOT]
13-Nov-2025 10:52:04.934 INFO [main] org.apache.catalina.startup.HostConfig.deployDirectory Deployment of web application directory [/Users/plushavey/Desktop/TP_Projects/WebServletV2/tomcat/webapps/ROOT] has finished in [7] ms
13-Nov-2025 10:52:04.934 INFO [main] org.apache.catalina.startup.HostConfig.deployDirectory Установка веб приложения в папку [/Users/plushavey/Desktop/TP_Projects/WebServletV2/tomcat/webapps/host-manager]
13-Nov-2025 10:52:04.943 INFO [main] org.apache.catalina.startup.HostConfig.deployDirectory Deployment of web application directory [/Users/plushavey/Desktop/TP_Projects/WebServletV2/tomcat/webapps/host-manager] has finished in [9] ms
13-Nov-2025 10:52:04.945 INFO [main] org.apache.coyote.AbstractProtocol.start Starting ProtocolHandler ["http-nio-8080"]
13-Nov-2025 10:52:04.949 INFO [main] org.apache.catalina.startup.Catalina.start Server startup in [327] milliseconds
13-Nov-2025 10:52:40.414 WARNING [main] org.apache.catalina.core.StandardServer.await Invalid shutdown command [GET /WebServletV2/login HTTP/1.1] received
13-Nov-2025 10:52:41.444 WARNING [main] org.apache.catalina.core.StandardServer.await Invalid shutdown command [GET /WebServletV2/login HTTP/1.1] received
13-Nov-2025 10:52:46.459 WARNING [main] org.apache.catalina.core.StandardServer.await Invalid shutdown command [GET /WebServletV2/login HTTP/1.1] received
13-Nov-2025 10:52:56.084 INFO [main] org.apache.catalina.core.StandardServer.await A valid shutdown command was received via the shutdown port. Stopping the Server instance.
13-Nov-2025 10:52:56.084 INFO [main] org.apache.coyote.AbstractProtocol.pause Pausing ProtocolHandler ["http-nio-8080"]
13-Nov-2025 10:52:56.086 INFO [main] org.apache.catalina.core.StandardService.stopInternal Stopping service [Catalina]
13-Nov-2025 10:52:56.101 INFO [main] org.apache.coyote.AbstractProtocol.stop Stopping ProtocolHandler ["http-nio-8080"]
13-Nov-2025 10:52:56.111 INFO [main] org.apache.coyote.AbstractProtocol.destroy Destroying ProtocolHandler ["http-nio-8080"]
13-Nov-2025 10:54:08.160 INFO [main] org.apache.catalina.startup.VersionLoggerListener.log Имя версии сервера:    Apache Tomcat/9.0.112
13-Nov-2025 10:54:08.163 INFO [main] org.apache.catalina.startup.VersionLoggerListener.log Сервер собран:         Nov 6 2025 07:46:18 UTC
13-Nov-2025 10:54:08.163 INFO [main] org.apache.catalina.startup.VersionLoggerListener.log Номер версии сервера:  9.0.112.0
13-Nov-2025 10:54:08.163 INFO [main] org.apache.catalina.startup.VersionLoggerListener.log OS Name:               Mac OS X
13-Nov-2025 10:54:08.163 INFO [main] org.apache.catalina.startup.VersionLoggerListener.log Версия ОС:             15.6.1
13-Nov-2025 10:54:08.163 INFO [main] org.apache.catalina.startup.VersionLoggerListener.log Архитектура:           aarch64
13-Nov-2025 10:54:08.164 INFO [main] org.apache.catalina.startup.VersionLoggerListener.log Java Home:             /Users/plushavey/Library/Java/JavaVirtualMachines/corretto-23.0.2/Contents/Home
13-Nov-2025 10:54:08.164 INFO [main] org.apache.catalina.startup.VersionLoggerListener.log Версия JVM:            23.0.2+7-FR
13-Nov-2025 10:54:08.164 INFO [main] org.apache.catalina.startup.VersionLoggerListener.log Производитель JVM:     Amazon.com Inc.
13-Nov-2025 10:54:08.164 INFO [main] org.apache.catalina.startup.VersionLoggerListener.log CATALINA_BASE:         /Users/plushavey/Desktop/TP_Projects/WebServletV2/tomcat
13-Nov-2025 10:54:08.164 INFO [main] org.apache.catalina.startup.VersionLoggerListener.log CATALINA_HOME:         /Users/plushavey/Desktop/TP_Projects/WebServletV2/tomcat
13-Nov-2025 10:54:08.171 INFO [main] org.apache.catalina.startup.VersionLoggerListener.log Command line argument: --add-opens=java.base/java.lang=ALL-UNNAMED
13-Nov-2025 10:54:08.171 INFO [main] org.apache.catalina.startup.VersionLoggerListener.log Command line argument: --add-opens=java.base/java.lang.invoke=ALL-UNNAMED
13-Nov-2025 10:54:08.171 INFO [main] org.apache.catalina.startup.VersionLoggerListener.log Command line argument: --add-opens=java.base/java.lang.reflect=ALL-UNNAMED
13-Nov-2025 10:54:08.171 INFO [main] org.apache.catalina.startup.VersionLoggerListener.log Command line argument: --add-opens=java.base/java.io=ALL-UNNAMED
13-Nov-2025 10:54:08.171 INFO [main] org.apache.catalina.startup.VersionLoggerListener.log Command line argument: --add-opens=java.base/java.util=ALL-UNNAMED
13-Nov-2025 10:54:08.171 INFO [main] org.apache.catalina.startup.VersionLoggerListener.log Command line argument: --add-opens=java.base/java.util.concurrent=ALL-UNNAMED
13-Nov-2025 10:54:08.172 INFO [main] org.apache.catalina.startup.VersionLoggerListener.log Command line argument: --add-opens=java.rmi/sun.rmi.transport=ALL-UNNAMED
13-Nov-2025 10:54:08.172 INFO [main] org.apache.catalina.startup.VersionLoggerListener.log Command line argument: -Djava.util.logging.config.file=/Users/plushavey/Desktop/TP_Projects/WebServletV2/tomcat/conf/logging.properties
13-Nov-2025 10:54:08.172 INFO [main] org.apache.catalina.startup.VersionLoggerListener.log Command line argument: -Djava.util.logging.manager=org.apache.juli.ClassLoaderLogManager
13-Nov-2025 10:54:08.172 INFO [main] org.apache.catalina.startup.VersionLoggerListener.log Command line argument: -Djdk.tls.ephemeralDHKeySize=2048
13-Nov-2025 10:54:08.172 INFO [main] org.apache.catalina.startup.VersionLoggerListener.log Command line argument: -Djava.protocol.handler.pkgs=org.apache.catalina.webresources
13-Nov-2025 10:54:08.172 INFO [main] org.apache.catalina.startup.VersionLoggerListener.log Command line argument: -Dsun.io.useCanonCaches=false
13-Nov-2025 10:54:08.172 INFO [main] org.apache.catalina.startup.VersionLoggerListener.log Command line argument: -Dorg.apache.catalina.security.SecurityListener.UMASK=0027
13-Nov-2025 10:54:08.172 INFO [main] org.apache.catalina.startup.VersionLoggerListener.log Command line argument: -Dignore.endorsed.dirs=
13-Nov-2025 10:54:08.172 INFO [main] org.apache.catalina.startup.VersionLoggerListener.log Command line argument: -Dcatalina.base=/Users/plushavey/Desktop/TP_Projects/WebServletV2/tomcat
13-Nov-2025 10:54:08.172 INFO [main] org.apache.catalina.startup.VersionLoggerListener.log Command line argument: -Dcatalina.home=/Users/plushavey/Desktop/TP_Projects/WebServletV2/tomcat
13-Nov-2025 10:54:08.172 INFO [main] org.apache.catalina.startup.VersionLoggerListener.log Command line argument: -Djava.io.tmpdir=/Users/plushavey/Desktop/TP_Projects/WebServletV2/tomcat/temp
13-Nov-2025 10:54:08.178 INFO [main] org.apache.catalina.core.AprLifecycleListener.lifecycleEvent The Apache Tomcat Native library which allows using OpenSSL was not found on the java.library.path: [/Users/plushavey/Library/Java/Extensions:/Library/Java/Extensions:/Network/Library/Java/Extensions:/System/Library/Java/Extensions:/usr/lib/java:.]
13-Nov-2025 10:54:08.349 INFO [main] org.apache.coyote.AbstractProtocol.init Инициализация ProtocolHandler ["http-nio-8080"]
13-Nov-2025 10:54:08.363 INFO [main] org.apache.catalina.startup.Catalina.load Server initialization in [309] milliseconds
13-Nov-2025 10:54:08.381 INFO [main] org.apache.catalina.core.StandardService.startInternal Starting service [Catalina]
13-Nov-2025 10:54:08.382 INFO [main] org.apache.catalina.core.StandardEngine.startInternal Starting Servlet engine: [Apache Tomcat/9.0.112]
13-Nov-2025 10:54:08.389 INFO [main] org.apache.catalina.startup.HostConfig.deployWAR Deploying web application archive [/Users/plushavey/Desktop/TP_Projects/WebServletV2/tomcat/webapps/WebServletV2.war]
13-Nov-2025 10:54:08.540 INFO [main] org.apache.catalina.startup.HostConfig.deployWAR Deployment of web application archive [/Users/plushavey/Desktop/TP_Projects/WebServletV2/tomcat/webapps/WebServletV2.war] has finished in [149] ms
13-Nov-2025 10:54:08.540 INFO [main] org.apache.catalina.startup.HostConfig.deployDirectory Установка веб приложения в папку [/Users/plushavey/Desktop/TP_Projects/WebServletV2/tomcat/webapps/docs]
13-Nov-2025 10:54:08.551 INFO [main] org.apache.catalina.startup.HostConfig.deployDirectory Deployment of web application directory [/Users/plushavey/Desktop/TP_Projects/WebServletV2/tomcat/webapps/docs] has finished in [11] ms
13-Nov-2025 10:54:08.552 INFO [main] org.apache.catalina.startup.HostConfig.deployDirectory Установка веб приложения в папку [/Users/plushavey/Desktop/TP_Projects/WebServletV2/tomcat/webapps/manager]
13-Nov-2025 10:54:08.567 INFO [main] org.apache.catalina.startup.HostConfig.deployDirectory Deployment of web application directory [/Users/plushavey/Desktop/TP_Projects/WebServletV2/tomcat/webapps/manager] has finished in [15] ms
13-Nov-2025 10:54:08.568 INFO [main] org.apache.catalina.startup.HostConfig.deployDirectory Установка веб приложения в папку [/Users/plushavey/Desktop/TP_Projects/WebServletV2/tomcat/webapps/examples]
13-Nov-2025 10:54:08.666 INFO [main] org.apache.catalina.startup.HostConfig.deployDirectory Deployment of web application directory [/Users/plushavey/Desktop/TP_Projects/WebServletV2/tomcat/webapps/examples] has finished in [99] ms
13-Nov-2025 10:54:08.666 INFO [main] org.apache.catalina.startup.HostConfig.deployDirectory Установка веб приложения в папку [/Users/plushavey/Desktop/TP_Projects/WebServletV2/tomcat/webapps/ROOT]
13-Nov-2025 10:54:08.674 INFO [main] org.apache.catalina.startup.HostConfig.deployDirectory Deployment of web application directory [/Users/plushavey/Desktop/TP_Projects/WebServletV2/tomcat/webapps/ROOT] has finished in [8] ms
13-Nov-2025 10:54:08.674 INFO [main] org.apache.catalina.startup.HostConfig.deployDirectory Установка веб приложения в папку [/Users/plushavey/Desktop/TP_Projects/WebServletV2/tomcat/webapps/host-manager]
13-Nov-2025 10:54:08.683 INFO [main] org.apache.catalina.startup.HostConfig.deployDirectory Deployment of web application directory [/Users/plushavey/Desktop/TP_Projects/WebServletV2/tomcat/webapps/host-manager] has finished in [9] ms
13-Nov-2025 10:54:08.684 INFO [main] org.apache.coyote.AbstractProtocol.start Starting ProtocolHandler ["http-nio-8080"]
13-Nov-2025 10:54:08.688 INFO [main] org.apache.catalina.startup.Catalina.start Server startup in [324] milliseconds
13-Nov-2025 10:58:00.335 INFO [main] org.apache.catalina.core.StandardServer.await A valid shutdown command was received via the shutdown port. Stopping the Server instance.
13-Nov-2025 10:58:00.335 INFO [main] org.apache.coyote.AbstractProtocol.pause Pausing ProtocolHandler ["http-nio-8080"]
13-Nov-2025 10:58:00.338 INFO [main] org.apache.catalina.core.StandardService.stopInternal Stopping service [Catalina]
13-Nov-2025 10:58:00.355 INFO [main] org.apache.coyote.AbstractProtocol.stop Stopping ProtocolHandler ["http-nio-8080"]
13-Nov-2025 10:58:00.362 INFO [main] org.apache.coyote.AbstractProtocol.destroy Destroying ProtocolHandler ["http-nio-8080"]
13-Nov-2025 10:59:21.181 INFO [main] org.apache.catalina.startup.VersionLoggerListener.log Имя версии сервера:    Apache Tomcat/9.0.112
13-Nov-2025 10:59:21.183 INFO [main] org.apache.catalina.startup.VersionLoggerListener.log Сервер собран:         Nov 6 2025 07:46:18 UTC
13-Nov-2025 10:59:21.184 INFO [main] org.apache.catalina.startup.VersionLoggerListener.log Номер версии сервера:  9.0.112.0
13-Nov-2025 10:59:21.184 INFO [main] org.apache.catalina.startup.VersionLoggerListener.log OS Name:               Mac OS X
13-Nov-2025 10:59:21.184 INFO [main] org.apache.catalina.startup.VersionLoggerListener.log Версия ОС:             15.6.1
13-Nov-2025 10:59:21.184 INFO [main] org.apache.catalina.startup.VersionLoggerListener.log Архитектура:           aarch64
13-Nov-2025 10:59:21.184 INFO [main] org.apache.catalina.startup.VersionLoggerListener.log Java Home:             /Users/plushavey/Library/Java/JavaVirtualMachines/corretto-23.0.2/Contents/Home
13-Nov-2025 10:59:21.184 INFO [main] org.apache.catalina.startup.VersionLoggerListener.log Версия JVM:            23.0.2+7-FR
13-Nov-2025 10:59:21.184 INFO [main] org.apache.catalina.startup.VersionLoggerListener.log Производитель JVM:     Amazon.com Inc.
13-Nov-2025 10:59:21.184 INFO [main] org.apache.catalina.startup.VersionLoggerListener.log CATALINA_BASE:         /Users/plushavey/Desktop/TP_Projects/WebServletV2/tomcat
13-Nov-2025 10:59:21.184 INFO [main] org.apache.catalina.startup.VersionLoggerListener.log CATALINA_HOME:         /Users/plushavey/Desktop/TP_Projects/WebServletV2/tomcat
13-Nov-2025 10:59:21.191 INFO [main] org.apache.catalina.startup.VersionLoggerListener.log Command line argument: --add-opens=java.base/java.lang=ALL-UNNAMED
13-Nov-2025 10:59:21.191 INFO [main] org.apache.catalina.startup.VersionLoggerListener.log Command line argument: --add-opens=java.base/java.lang.invoke=ALL-UNNAMED
13-Nov-2025 10:59:21.192 INFO [main] org.apache.catalina.startup.VersionLoggerListener.log Command line argument: --add-opens=java.base/java.lang.reflect=ALL-UNNAMED
13-Nov-2025 10:59:21.192 INFO [main] org.apache.catalina.startup.VersionLoggerListener.log Command line argument: --add-opens=java.base/java.io=ALL-UNNAMED
13-Nov-2025 10:59:21.192 INFO [main] org.apache.catalina.startup.VersionLoggerListener.log Command line argument: --add-opens=java.base/java.util=ALL-UNNAMED
13-Nov-2025 10:59:21.192 INFO [main] org.apache.catalina.startup.VersionLoggerListener.log Command line argument: --add-opens=java.base/java.util.concurrent=ALL-UNNAMED
13-Nov-2025 10:59:21.192 INFO [main] org.apache.catalina.startup.VersionLoggerListener.log Command line argument: --add-opens=java.rmi/sun.rmi.transport=ALL-UNNAMED
13-Nov-2025 10:59:21.192 INFO [main] org.apache.catalina.startup.VersionLoggerListener.log Command line argument: -Djava.util.logging.config.file=/Users/plushavey/Desktop/TP_Projects/WebServletV2/tomcat/conf/logging.properties
13-Nov-2025 10:59:21.192 INFO [main] org.apache.catalina.startup.VersionLoggerListener.log Command line argument: -Djava.util.logging.manager=org.apache.juli.ClassLoaderLogManager
13-Nov-2025 10:59:21.192 INFO [main] org.apache.catalina.startup.VersionLoggerListener.log Command line argument: -Djdk.tls.ephemeralDHKeySize=2048
13-Nov-2025 10:59:21.192 INFO [main] org.apache.catalina.startup.VersionLoggerListener.log Command line argument: -Djava.protocol.handler.pkgs=org.apache.catalina.webresources
13-Nov-2025 10:59:21.192 INFO [main] org.apache.catalina.startup.VersionLoggerListener.log Command line argument: -Dsun.io.useCanonCaches=false
13-Nov-2025 10:59:21.192 INFO [main] org.apache.catalina.startup.VersionLoggerListener.log Command line argument: -Dorg.apache.catalina.security.SecurityListener.UMASK=0027
13-Nov-2025 10:59:21.192 INFO [main] org.apache.catalina.startup.VersionLoggerListener.log Command line argument: -Dignore.endorsed.dirs=
13-Nov-2025 10:59:21.192 INFO [main] org.apache.catalina.startup.VersionLoggerListener.log Command line argument: -Dcatalina.base=/Users/plushavey/Desktop/TP_Projects/WebServletV2/tomcat
13-Nov-2025 10:59:21.192 INFO [main] org.apache.catalina.startup.VersionLoggerListener.log Command line argument: -Dcatalina.home=/Users/plushavey/Desktop/TP_Projects/WebServletV2/tomcat
13-Nov-2025 10:59:21.192 INFO [main] org.apache.catalina.startup.VersionLoggerListener.log Command line argument: -Djava.io.tmpdir=/Users/plushavey/Desktop/TP_Projects/WebServletV2/tomcat/temp
13-Nov-2025 10:59:21.198 INFO [main] org.apache.catalina.core.AprLifecycleListener.lifecycleEvent The Apache Tomcat Native library which allows using OpenSSL was not found on the java.library.path: [/Users/plushavey/Library/Java/Extensions:/Library/Java/Extensions:/Network/Library/Java/Extensions:/System/Library/Java/Extensions:/usr/lib/java:.]
13-Nov-2025 10:59:21.369 INFO [main] org.apache.coyote.AbstractProtocol.init Инициализация ProtocolHandler ["http-nio-8080"]
13-Nov-2025 10:59:21.383 INFO [main] org.apache.catalina.startup.Catalina.load Server initialization in [309] milliseconds
13-Nov-2025 10:59:21.402 INFO [main] org.apache.catalina.core.StandardService.startInternal Starting service [Catalina]
13-Nov-2025 10:59:21.402 INFO [main] org.apache.catalina.core.StandardEngine.startInternal Starting Servlet engine: [Apache Tomcat/9.0.112]
13-Nov-2025 10:59:21.409 INFO [main] org.apache.catalina.startup.HostConfig.deployWAR Deploying web application archive [/Users/plushavey/Desktop/TP_Projects/WebServletV2/tomcat/webapps/WebServletV2.war]
13-Nov-2025 10:59:21.566 INFO [main] org.apache.catalina.startup.HostConfig.deployWAR Deployment of web application archive [/Users/plushavey/Desktop/TP_Projects/WebServletV2/tomcat/webapps/WebServletV2.war] has finished in [155] ms
13-Nov-2025 10:59:21.567 INFO [main] org.apache.catalina.startup.HostConfig.deployDirectory Установка веб приложения в папку [/Users/plushavey/Desktop/TP_Projects/WebServletV2/tomcat/webapps/docs]
13-Nov-2025 10:59:21.579 INFO [main] org.apache.catalina.startup.HostConfig.deployDirectory Deployment of web application directory [/Users/plushavey/Desktop/TP_Projects/WebServletV2/tomcat/webapps/docs] has finished in [12] ms
13-Nov-2025 10:59:21.579 INFO [main] org.apache.catalina.startup.HostConfig.deployDirectory Установка веб приложения в папку [/Users/plushavey/Desktop/TP_Projects/WebServletV2/tomcat/webapps/manager]
13-Nov-2025 10:59:21.595 INFO [main] org.apache.catalina.startup.HostConfig.deployDirectory Deployment of web application directory [/Users/plushavey/Desktop/TP_Projects/WebServletV2/tomcat/webapps/manager] has finished in [16] ms
13-Nov-2025 10:59:21.595 INFO [main] org.apache.catalina.startup.HostConfig.deployDirectory Установка веб приложения в папку [/Users/plushavey/Desktop/TP_Projects/WebServletV2/tomcat/webapps/examples]
13-Nov-2025 10:59:21.694 INFO [main] org.apache.catalina.startup.HostConfig.deployDirectory Deployment of web application directory [/Users/plushavey/Desktop/TP_Projects/WebServletV2/tomcat/webapps/examples] has finished in [99] ms
13-Nov-2025 10:59:21.695 INFO [main] org.apache.catalina.startup.HostConfig.deployDirectory Установка веб приложения в папку [/Users/plushavey/Desktop/TP_Projects/WebServletV2/tomcat/webapps/ROOT]
13-Nov-2025 10:59:21.702 INFO [main] org.apache.catalina.startup.HostConfig.deployDirectory Deployment of web application directory [/Users/plushavey/Desktop/TP_Projects/WebServletV2/tomcat/webapps/ROOT] has finished in [8] ms
13-Nov-2025 10:59:21.702 INFO [main] org.apache.catalina.startup.HostConfig.deployDirectory Установка веб приложения в папку [/Users/plushavey/Desktop/TP_Projects/WebServletV2/tomcat/webapps/host-manager]
13-Nov-2025 10:59:21.711 INFO [main] org.apache.catalina.startup.HostConfig.deployDirectory Deployment of web application directory [/Users/plushavey/Desktop/TP_Projects/WebServletV2/tomcat/webapps/host-manager] has finished in [9] ms
13-Nov-2025 10:59:21.712 INFO [main] org.apache.coyote.AbstractProtocol.start Starting ProtocolHandler ["http-nio-8080"]
13-Nov-2025 10:59:21.716 INFO [main] org.apache.catalina.startup.Catalina.start Server startup in [332] milliseconds
13-Nov-2025 11:01:25.674 INFO [main] org.apache.catalina.core.StandardServer.await A valid shutdown command was received via the shutdown port. Stopping the Server instance.
13-Nov-2025 11:01:25.674 INFO [main] org.apache.coyote.AbstractProtocol.pause Pausing ProtocolHandler ["http-nio-8080"]
13-Nov-2025 11:01:25.676 INFO [main] org.apache.catalina.core.StandardService.stopInternal Stopping service [Catalina]
13-Nov-2025 11:01:25.691 INFO [main] org.apache.coyote.AbstractProtocol.stop Stopping ProtocolHandler ["http-nio-8080"]
13-Nov-2025 11:01:25.701 INFO [main] org.apache.coyote.AbstractProtocol.destroy Destroying ProtocolHandler ["http-nio-8080"]
13-Nov-2025 11:02:01.324 INFO [main] org.apache.catalina.startup.VersionLoggerListener.log Имя версии сервера:    Apache Tomcat/9.0.112
13-Nov-2025 11:02:01.326 INFO [main] org.apache.catalina.startup.VersionLoggerListener.log Сервер собран:         Nov 6 2025 07:46:18 UTC
13-Nov-2025 11:02:01.326 INFO [main] org.apache.catalina.startup.VersionLoggerListener.log Номер версии сервера:  9.0.112.0
13-Nov-2025 11:02:01.326 INFO [main] org.apache.catalina.startup.VersionLoggerListener.log OS Name:               Mac OS X
13-Nov-2025 11:02:01.326 INFO [main] org.apache.catalina.startup.VersionLoggerListener.log Версия ОС:             15.6.1
13-Nov-2025 11:02:01.326 INFO [main] org.apache.catalina.startup.VersionLoggerListener.log Архитектура:           aarch64
13-Nov-2025 11:02:01.326 INFO [main] org.apache.catalina.startup.VersionLoggerListener.log Java Home:             /Users/plushavey/Library/Java/JavaVirtualMachines/corretto-23.0.2/Contents/Home
13-Nov-2025 11:02:01.326 INFO [main] org.apache.catalina.startup.VersionLoggerListener.log Версия JVM:            23.0.2+7-FR
13-Nov-2025 11:02:01.326 INFO [main] org.apache.catalina.startup.VersionLoggerListener.log Производитель JVM:     Amazon.com Inc.
13-Nov-2025 11:02:01.326 INFO [main] org.apache.catalina.startup.VersionLoggerListener.log CATALINA_BASE:         /Users/plushavey/Desktop/TP_Projects/WebServletV2/tomcat
13-Nov-2025 11:02:01.326 INFO [main] org.apache.catalina.startup.VersionLoggerListener.log CATALINA_HOME:         /Users/plushavey/Desktop/TP_Projects/WebServletV2/tomcat
13-Nov-2025 11:02:01.333 INFO [main] org.apache.catalina.startup.VersionLoggerListener.log Command line argument: --add-opens=java.base/java.lang=ALL-UNNAMED
13-Nov-2025 11:02:01.333 INFO [main] org.apache.catalina.startup.VersionLoggerListener.log Command line argument: --add-opens=java.base/java.lang.invoke=ALL-UNNAMED
13-Nov-2025 11:02:01.333 INFO [main] org.apache.catalina.startup.VersionLoggerListener.log Command line argument: --add-opens=java.base/java.lang.reflect=ALL-UNNAMED
13-Nov-2025 11:02:01.333 INFO [main] org.apache.catalina.startup.VersionLoggerListener.log Command line argument: --add-opens=java.base/java.io=ALL-UNNAMED
13-Nov-2025 11:02:01.333 INFO [main] org.apache.catalina.startup.VersionLoggerListener.log Command line argument: --add-opens=java.base/java.util=ALL-UNNAMED
13-Nov-2025 11:02:01.333 INFO [main] org.apache.catalina.startup.VersionLoggerListener.log Command line argument: --add-opens=java.base/java.util.concurrent=ALL-UNNAMED
13-Nov-2025 11:02:01.333 INFO [main] org.apache.catalina.startup.VersionLoggerListener.log Command line argument: --add-opens=java.rmi/sun.rmi.transport=ALL-UNNAMED
13-Nov-2025 11:02:01.333 INFO [main] org.apache.catalina.startup.VersionLoggerListener.log Command line argument: -Djava.util.logging.config.file=/Users/plushavey/Desktop/TP_Projects/WebServletV2/tomcat/conf/logging.properties
13-Nov-2025 11:02:01.333 INFO [main] org.apache.catalina.startup.VersionLoggerListener.log Command line argument: -Djava.util.logging.manager=org.apache.juli.ClassLoaderLogManager
13-Nov-2025 11:02:01.333 INFO [main] org.apache.catalina.startup.VersionLoggerListener.log Command line argument: -Djdk.tls.ephemeralDHKeySize=2048
13-Nov-2025 11:02:01.333 INFO [main] org.apache.catalina.startup.VersionLoggerListener.log Command line argument: -Djava.protocol.handler.pkgs=org.apache.catalina.webresources
13-Nov-2025 11:02:01.333 INFO [main] org.apache.catalina.startup.VersionLoggerListener.log Command line argument: -Dsun.io.useCanonCaches=false
13-Nov-2025 11:02:01.333 INFO [main] org.apache.catalina.startup.VersionLoggerListener.log Command line argument: -Dorg.apache.catalina.security.SecurityListener.UMASK=0027
13-Nov-2025 11:02:01.333 INFO [main] org.apache.catalina.startup.VersionLoggerListener.log Command line argument: -Dignore.endorsed.dirs=
13-Nov-2025 11:02:01.333 INFO [main] org.apache.catalina.startup.VersionLoggerListener.log Command line argument: -Dcatalina.base=/Users/plushavey/Desktop/TP_Projects/WebServletV2/tomcat
13-Nov-2025 11:02:01.334 INFO [main] org.apache.catalina.startup.VersionLoggerListener.log Command line argument: -Dcatalina.home=/Users/plushavey/Desktop/TP_Projects/WebServletV2/tomcat
13-Nov-2025 11:02:01.334 INFO [main] org.apache.catalina.startup.VersionLoggerListener.log Command line argument: -Djava.io.tmpdir=/Users/plushavey/Desktop/TP_Projects/WebServletV2/tomcat/temp
13-Nov-2025 11:02:01.339 INFO [main] org.apache.catalina.core.AprLifecycleListener.lifecycleEvent The Apache Tomcat Native library which allows using OpenSSL was not found on the java.library.path: [/Users/plushavey/Library/Java/Extensions:/Library/Java/Extensions:/Network/Library/Java/Extensions:/System/Library/Java/Extensions:/usr/lib/java:.]
13-Nov-2025 11:02:01.498 INFO [main] org.apache.coyote.AbstractProtocol.init Инициализация ProtocolHandler ["http-nio-8080"]
13-Nov-2025 11:02:01.512 INFO [main] org.apache.catalina.startup.Catalina.load Server initialization in [288] milliseconds
13-Nov-2025 11:02:01.530 INFO [main] org.apache.catalina.core.StandardService.startInternal Starting service [Catalina]
13-Nov-2025 11:02:01.530 INFO [main] org.apache.catalina.core.StandardEngine.startInternal Starting Servlet engine: [Apache Tomcat/9.0.112]
13-Nov-2025 11:02:01.537 INFO [main] org.apache.catalina.startup.HostConfig.deployWAR Deploying web application archive [/Users/plushavey/Desktop/TP_Projects/WebServletV2/tomcat/webapps/WebServletV2.war]
13-Nov-2025 11:02:01.689 INFO [main] org.apache.catalina.startup.HostConfig.deployWAR Deployment of web application archive [/Users/plushavey/Desktop/TP_Projects/WebServletV2/tomcat/webapps/WebServletV2.war] has finished in [151] ms
13-Nov-2025 11:02:01.689 INFO [main] org.apache.catalina.startup.HostConfig.deployDirectory Установка веб приложения в папку [/Users/plushavey/Desktop/TP_Projects/WebServletV2/tomcat/webapps/docs]
13-Nov-2025 11:02:01.701 INFO [main] org.apache.catalina.startup.HostConfig.deployDirectory Deployment of web application directory [/Users/plushavey/Desktop/TP_Projects/WebServletV2/tomcat/webapps/docs] has finished in [12] ms
13-Nov-2025 11:02:01.701 INFO [main] org.apache.catalina.startup.HostConfig.deployDirectory Установка веб приложения в папку [/Users/plushavey/Desktop/TP_Projects/WebServletV2/tomcat/webapps/manager]
13-Nov-2025 11:02:01.717 INFO [main] org.apache.catalina.startup.HostConfig.deployDirectory Deployment of web application directory [/Users/plushavey/Desktop/TP_Projects/WebServletV2/tomcat/webapps/manager] has finished in [16] ms
13-Nov-2025 11:02:01.717 INFO [main] org.apache.catalina.startup.HostConfig.deployDirectory Установка веб приложения в папку [/Users/plushavey/Desktop/TP_Projects/WebServletV2/tomcat/webapps/examples]
13-Nov-2025 11:02:01.815 INFO [main] org.apache.catalina.startup.HostConfig.deployDirectory Deployment of web application directory [/Users/plushavey/Desktop/TP_Projects/WebServletV2/tomcat/webapps/examples] has finished in [98] ms
13-Nov-2025 11:02:01.815 INFO [main] org.apache.catalina.startup.HostConfig.deployDirectory Установка веб приложения в папку [/Users/plushavey/Desktop/TP_Projects/WebServletV2/tomcat/webapps/ROOT]
13-Nov-2025 11:02:01.822 INFO [main] org.apache.catalina.startup.HostConfig.deployDirectory Deployment of web application directory [/Users/plushavey/Desktop/TP_Projects/WebServletV2/tomcat/webapps/ROOT] has finished in [7] ms
13-Nov-2025 11:02:01.822 INFO [main] org.apache.catalina.startup.HostConfig.deployDirectory Установка веб приложения в папку [/Users/plushavey/Desktop/TP_Projects/WebServletV2/tomcat/webapps/host-manager]
13-Nov-2025 11:02:01.831 INFO [main] org.apache.catalina.startup.HostConfig.deployDirectory Deployment of web application directory [/Users/plushavey/Desktop/TP_Projects/WebServletV2/tomcat/webapps/host-manager] has finished in [9] ms
13-Nov-2025 11:02:01.832 INFO [main] org.apache.coyote.AbstractProtocol.start Starting ProtocolHandler ["http-nio-8080"]
13-Nov-2025 11:02:01.836 INFO [main] org.apache.catalina.startup.Catalina.start Server startup in [323] milliseconds
13-Nov-2025 13:27:33.409 INFO [main] org.apache.catalina.core.StandardServer.await A valid shutdown command was received via the shutdown port. Stopping the Server instance.
13-Nov-2025 13:27:33.412 INFO [main] org.apache.coyote.AbstractProtocol.pause Pausing ProtocolHandler ["http-nio-8080"]
13-Nov-2025 13:27:33.419 INFO [main] org.apache.catalina.core.StandardService.stopInternal Stopping service [Catalina]
13-Nov-2025 13:27:33.440 INFO [main] org.apache.coyote.AbstractProtocol.stop Stopping ProtocolHandler ["http-nio-8080"]
13-Nov-2025 13:27:33.443 INFO [main] org.apache.coyote.AbstractProtocol.destroy Destroying ProtocolHandler ["http-nio-8080"]
13-Nov-2025 13:27:53.376 INFO [main] org.apache.catalina.startup.VersionLoggerListener.log Имя версии сервера:    Apache Tomcat/9.0.112
13-Nov-2025 13:27:53.377 INFO [main] org.apache.catalina.startup.VersionLoggerListener.log Сервер собран:         Nov 6 2025 07:46:18 UTC
13-Nov-2025 13:27:53.378 INFO [main] org.apache.catalina.startup.VersionLoggerListener.log Номер версии сервера:  9.0.112.0
13-Nov-2025 13:27:53.378 INFO [main] org.apache.catalina.startup.VersionLoggerListener.log OS Name:               Mac OS X
13-Nov-2025 13:27:53.378 INFO [main] org.apache.catalina.startup.VersionLoggerListener.log Версия ОС:             15.6.1
13-Nov-2025 13:27:53.378 INFO [main] org.apache.catalina.startup.VersionLoggerListener.log Архитектура:           aarch64
13-Nov-2025 13:27:53.378 INFO [main] org.apache.catalina.startup.VersionLoggerListener.log Java Home:             /Users/plushavey/Library/Java/JavaVirtualMachines/corretto-23.0.2/Contents/Home
13-Nov-2025 13:27:53.378 INFO [main] org.apache.catalina.startup.VersionLoggerListener.log Версия JVM:            23.0.2+7-FR
13-Nov-2025 13:27:53.378 INFO [main] org.apache.catalina.startup.VersionLoggerListener.log Производитель JVM:     Amazon.com Inc.
13-Nov-2025 13:27:53.378 INFO [main] org.apache.catalina.startup.VersionLoggerListener.log CATALINA_BASE:         /Users/plushavey/Desktop/TP_Projects/WebServletV2/tomcat
13-Nov-2025 13:27:53.378 INFO [main] org.apache.catalina.startup.VersionLoggerListener.log CATALINA_HOME:         /Users/plushavey/Desktop/TP_Projects/WebServletV2/tomcat
13-Nov-2025 13:27:53.385 INFO [main] org.apache.catalina.startup.VersionLoggerListener.log Command line argument: --add-opens=java.base/java.lang=ALL-UNNAMED
13-Nov-2025 13:27:53.385 INFO [main] org.apache.catalina.startup.VersionLoggerListener.log Command line argument: --add-opens=java.base/java.lang.invoke=ALL-UNNAMED
13-Nov-2025 13:27:53.385 INFO [main] org.apache.catalina.startup.VersionLoggerListener.log Command line argument: --add-opens=java.base/java.lang.reflect=ALL-UNNAMED
13-Nov-2025 13:27:53.385 INFO [main] org.apache.catalina.startup.VersionLoggerListener.log Command line argument: --add-opens=java.base/java.io=ALL-UNNAMED
13-Nov-2025 13:27:53.385 INFO [main] org.apache.catalina.startup.VersionLoggerListener.log Command line argument: --add-opens=java.base/java.util=ALL-UNNAMED
13-Nov-2025 13:27:53.385 INFO [main] org.apache.catalina.startup.VersionLoggerListener.log Command line argument: --add-opens=java.base/java.util.concurrent=ALL-UNNAMED
13-Nov-2025 13:27:53.385 INFO [main] org.apache.catalina.startup.VersionLoggerListener.log Command line argument: --add-opens=java.rmi/sun.rmi.transport=ALL-UNNAMED
13-Nov-2025 13:27:53.385 INFO [main] org.apache.catalina.startup.VersionLoggerListener.log Command line argument: -Djava.util.logging.config.file=/Users/plushavey/Desktop/TP_Projects/WebServletV2/tomcat/conf/logging.properties
13-Nov-2025 13:27:53.385 INFO [main] org.apache.catalina.startup.VersionLoggerListener.log Command line argument: -Djava.util.logging.manager=org.apache.juli.ClassLoaderLogManager
13-Nov-2025 13:27:53.385 INFO [main] org.apache.catalina.startup.VersionLoggerListener.log Command line argument: -Djdk.tls.ephemeralDHKeySize=2048
13-Nov-2025 13:27:53.385 INFO [main] org.apache.catalina.startup.VersionLoggerListener.log Command line argument: -Djava.protocol.handler.pkgs=org.apache.catalina.webresources
13-Nov-2025 13:27:53.385 INFO [main] org.apache.catalina.startup.VersionLoggerListener.log Command line argument: -Dsun.io.useCanonCaches=false
13-Nov-2025 13:27:53.386 INFO [main] org.apache.catalina.startup.VersionLoggerListener.log Command line argument: -Dorg.apache.catalina.security.SecurityListener.UMASK=0027
13-Nov-2025 13:27:53.386 INFO [main] org.apache.catalina.startup.VersionLoggerListener.log Command line argument: -Dignore.endorsed.dirs=
13-Nov-2025 13:27:53.386 INFO [main] org.apache.catalina.startup.VersionLoggerListener.log Command line argument: -Dcatalina.base=/Users/plushavey/Desktop/TP_Projects/WebServletV2/tomcat
13-Nov-2025 13:27:53.386 INFO [main] org.apache.catalina.startup.VersionLoggerListener.log Command line argument: -Dcatalina.home=/Users/plushavey/Desktop/TP_Projects/WebServletV2/tomcat
13-Nov-2025 13:27:53.386 INFO [main] org.apache.catalina.startup.VersionLoggerListener.log Command line argument: -Djava.io.tmpdir=/Users/plushavey/Desktop/TP_Projects/WebServletV2/tomcat/temp
13-Nov-2025 13:27:53.392 INFO [main] org.apache.catalina.core.AprLifecycleListener.lifecycleEvent The Apache Tomcat Native library which allows using OpenSSL was not found on the java.library.path: [/Users/plushavey/Library/Java/Extensions:/Library/Java/Extensions:/Network/Library/Java/Extensions:/System/Library/Java/Extensions:/usr/lib/java:.]
13-Nov-2025 13:27:53.551 INFO [main] org.apache.coyote.AbstractProtocol.init Инициализация ProtocolHandler ["http-nio-8080"]
13-Nov-2025 13:27:53.563 INFO [main] org.apache.catalina.startup.Catalina.load Server initialization in [277] milliseconds
13-Nov-2025 13:27:53.581 INFO [main] org.apache.catalina.core.StandardService.startInternal Starting service [Catalina]
13-Nov-2025 13:27:53.581 INFO [main] org.apache.catalina.core.StandardEngine.startInternal Starting Servlet engine: [Apache Tomcat/9.0.112]
13-Nov-2025 13:27:53.587 INFO [main] org.apache.catalina.startup.HostConfig.deployWAR Deploying web application archive [/Users/plushavey/Desktop/TP_Projects/WebServletV2/tomcat/webapps/WebServletV2.war]
13-Nov-2025 13:27:53.595 INFO [main] org.apache.catalina.startup.ExpandWar.expand An expanded directory [/Users/plushavey/Desktop/TP_Projects/WebServletV2/tomcat/webapps/WebServletV2] was found with a last modified time that did not match the associated WAR. It will be deleted.
13-Nov-2025 13:27:53.739 INFO [main] org.apache.catalina.startup.HostConfig.deployWAR Deployment of web application archive [/Users/plushavey/Desktop/TP_Projects/WebServletV2/tomcat/webapps/WebServletV2.war] has finished in [151] ms
13-Nov-2025 13:27:53.740 INFO [main] org.apache.catalina.startup.HostConfig.deployDirectory Установка веб приложения в папку [/Users/plushavey/Desktop/TP_Projects/WebServletV2/tomcat/webapps/docs]
13-Nov-2025 13:27:53.751 INFO [main] org.apache.catalina.startup.HostConfig.deployDirectory Deployment of web application directory [/Users/plushavey/Desktop/TP_Projects/WebServletV2/tomcat/webapps/docs] has finished in [11] ms
13-Nov-2025 13:27:53.751 INFO [main] org.apache.catalina.startup.HostConfig.deployDirectory Установка веб приложения в папку [/Users/plushavey/Desktop/TP_Projects/WebServletV2/tomcat/webapps/manager]
13-Nov-2025 13:27:53.768 INFO [main] org.apache.catalina.startup.HostConfig.deployDirectory Deployment of web application directory [/Users/plushavey/Desktop/TP_Projects/WebServletV2/tomcat/webapps/manager] has finished in [17] ms
13-Nov-2025 13:27:53.768 INFO [main] org.apache.catalina.startup.HostConfig.deployDirectory Установка веб приложения в папку [/Users/plushavey/Desktop/TP_Projects/WebServletV2/tomcat/webapps/examples]
13-Nov-2025 13:27:53.869 INFO [main] org.apache.catalina.startup.HostConfig.deployDirectory Deployment of web application directory [/Users/plushavey/Desktop/TP_Projects/WebServletV2/tomcat/webapps/examples] has finished in [101] ms
13-Nov-2025 13:27:53.869 INFO [main] org.apache.catalina.startup.HostConfig.deployDirectory Установка веб приложения в папку [/Users/plushavey/Desktop/TP_Projects/WebServletV2/tomcat/webapps/ROOT]
13-Nov-2025 13:27:53.876 INFO [main] org.apache.catalina.startup.HostConfig.deployDirectory Deployment of web application directory [/Users/plushavey/Desktop/TP_Projects/WebServletV2/tomcat/webapps/ROOT] has finished in [7] ms
13-Nov-2025 13:27:53.877 INFO [main] org.apache.catalina.startup.HostConfig.deployDirectory Установка веб приложения в папку [/Users/plushavey/Desktop/TP_Projects/WebServletV2/tomcat/webapps/host-manager]
13-Nov-2025 13:27:53.886 INFO [main] org.apache.catalina.startup.HostConfig.deployDirectory Deployment of web application directory [/Users/plushavey/Desktop/TP_Projects/WebServletV2/tomcat/webapps/host-manager] has finished in [9] ms
13-Nov-2025 13:27:53.888 INFO [main] org.apache.coyote.AbstractProtocol.start Starting ProtocolHandler ["http-nio-8080"]
13-Nov-2025 13:27:53.892 INFO [main] org.apache.catalina.startup.Catalina.start Server startup in [328] milliseconds
13-Nov-2025 14:08:44.497 INFO [main] org.apache.catalina.core.StandardServer.await A valid shutdown command was received via the shutdown port. Stopping the Server instance.
13-Nov-2025 14:08:44.498 INFO [main] org.apache.coyote.AbstractProtocol.pause Pausing ProtocolHandler ["http-nio-8080"]
13-Nov-2025 14:08:44.502 INFO [main] org.apache.catalina.core.StandardService.stopInternal Stopping service [Catalina]
13-Nov-2025 14:08:44.520 INFO [main] org.apache.coyote.AbstractProtocol.stop Stopping ProtocolHandler ["http-nio-8080"]
13-Nov-2025 14:08:44.528 INFO [main] org.apache.coyote.AbstractProtocol.destroy Destroying ProtocolHandler ["http-nio-8080"]
13-Nov-2025 14:09:46.630 INFO [main] org.apache.catalina.startup.VersionLoggerListener.log Имя версии сервера:    Apache Tomcat/9.0.112
13-Nov-2025 14:09:46.632 INFO [main] org.apache.catalina.startup.VersionLoggerListener.log Сервер собран:         Nov 6 2025 07:46:18 UTC
13-Nov-2025 14:09:46.632 INFO [main] org.apache.catalina.startup.VersionLoggerListener.log Номер версии сервера:  9.0.112.0
13-Nov-2025 14:09:46.632 INFO [main] org.apache.catalina.startup.VersionLoggerListener.log OS Name:               Mac OS X
13-Nov-2025 14:09:46.632 INFO [main] org.apache.catalina.startup.VersionLoggerListener.log Версия ОС:             15.6.1
13-Nov-2025 14:09:46.632 INFO [main] org.apache.catalina.startup.VersionLoggerListener.log Архитектура:           aarch64
13-Nov-2025 14:09:46.632 INFO [main] org.apache.catalina.startup.VersionLoggerListener.log Java Home:             /Users/plushavey/Library/Java/JavaVirtualMachines/corretto-23.0.2/Contents/Home
13-Nov-2025 14:09:46.632 INFO [main] org.apache.catalina.startup.VersionLoggerListener.log Версия JVM:            23.0.2+7-FR
13-Nov-2025 14:09:46.632 INFO [main] org.apache.catalina.startup.VersionLoggerListener.log Производитель JVM:     Amazon.com Inc.
13-Nov-2025 14:09:46.632 INFO [main] org.apache.catalina.startup.VersionLoggerListener.log CATALINA_BASE:         /Users/plushavey/Desktop/TP_Projects/WebServletV2/tomcat
13-Nov-2025 14:09:46.633 INFO [main] org.apache.catalina.startup.VersionLoggerListener.log CATALINA_HOME:         /Users/plushavey/Desktop/TP_Projects/WebServletV2/tomcat
13-Nov-2025 14:09:46.639 INFO [main] org.apache.catalina.startup.VersionLoggerListener.log Command line argument: --add-opens=java.base/java.lang=ALL-UNNAMED
13-Nov-2025 14:09:46.639 INFO [main] org.apache.catalina.startup.VersionLoggerListener.log Command line argument: --add-opens=java.base/java.lang.invoke=ALL-UNNAMED
13-Nov-2025 14:09:46.639 INFO [main] org.apache.catalina.startup.VersionLoggerListener.log Command line argument: --add-opens=java.base/java.lang.reflect=ALL-UNNAMED
13-Nov-2025 14:09:46.640 INFO [main] org.apache.catalina.startup.VersionLoggerListener.log Command line argument: --add-opens=java.base/java.io=ALL-UNNAMED
13-Nov-2025 14:09:46.640 INFO [main] org.apache.catalina.startup.VersionLoggerListener.log Command line argument: --add-opens=java.base/java.util=ALL-UNNAMED
13-Nov-2025 14:09:46.640 INFO [main] org.apache.catalina.startup.VersionLoggerListener.log Command line argument: --add-opens=java.base/java.util.concurrent=ALL-UNNAMED
13-Nov-2025 14:09:46.640 INFO [main] org.apache.catalina.startup.VersionLoggerListener.log Command line argument: --add-opens=java.rmi/sun.rmi.transport=ALL-UNNAMED
13-Nov-2025 14:09:46.640 INFO [main] org.apache.catalina.startup.VersionLoggerListener.log Command line argument: -Djava.util.logging.config.file=/Users/plushavey/Desktop/TP_Projects/WebServletV2/tomcat/conf/logging.properties
13-Nov-2025 14:09:46.640 INFO [main] org.apache.catalina.startup.VersionLoggerListener.log Command line argument: -Djava.util.logging.manager=org.apache.juli.ClassLoaderLogManager
13-Nov-2025 14:09:46.640 INFO [main] org.apache.catalina.startup.VersionLoggerListener.log Command line argument: -Djdk.tls.ephemeralDHKeySize=2048
13-Nov-2025 14:09:46.640 INFO [main] org.apache.catalina.startup.VersionLoggerListener.log Command line argument: -Djava.protocol.handler.pkgs=org.apache.catalina.webresources
13-Nov-2025 14:09:46.640 INFO [main] org.apache.catalina.startup.VersionLoggerListener.log Command line argument: -Dsun.io.useCanonCaches=false
13-Nov-2025 14:09:46.640 INFO [main] org.apache.catalina.startup.VersionLoggerListener.log Command line argument: -Dorg.apache.catalina.security.SecurityListener.UMASK=0027
13-Nov-2025 14:09:46.640 INFO [main] org.apache.catalina.startup.VersionLoggerListener.log Command line argument: -Dignore.endorsed.dirs=
13-Nov-2025 14:09:46.640 INFO [main] org.apache.catalina.startup.VersionLoggerListener.log Command line argument: -Dcatalina.base=/Users/plushavey/Desktop/TP_Projects/WebServletV2/tomcat
13-Nov-2025 14:09:46.640 INFO [main] org.apache.catalina.startup.VersionLoggerListener.log Command line argument: -Dcatalina.home=/Users/plushavey/Desktop/TP_Projects/WebServletV2/tomcat
13-Nov-2025 14:09:46.640 INFO [main] org.apache.catalina.startup.VersionLoggerListener.log Command line argument: -Djava.io.tmpdir=/Users/plushavey/Desktop/TP_Projects/WebServletV2/tomcat/temp
13-Nov-2025 14:09:46.646 INFO [main] org.apache.catalina.core.AprLifecycleListener.lifecycleEvent The Apache Tomcat Native library which allows using OpenSSL was not found on the java.library.path: [/Users/plushavey/Library/Java/Extensions:/Library/Java/Extensions:/Network/Library/Java/Extensions:/System/Library/Java/Extensions:/usr/lib/java:.]
13-Nov-2025 14:09:46.803 INFO [main] org.apache.coyote.AbstractProtocol.init Инициализация ProtocolHandler ["http-nio-8080"]
13-Nov-2025 14:09:46.815 INFO [main] org.apache.catalina.startup.Catalina.load Server initialization in [276] milliseconds
13-Nov-2025 14:09:46.834 INFO [main] org.apache.catalina.core.StandardService.startInternal Starting service [Catalina]
13-Nov-2025 14:09:46.834 INFO [main] org.apache.catalina.core.StandardEngine.startInternal Starting Servlet engine: [Apache Tomcat/9.0.112]
13-Nov-2025 14:09:46.841 INFO [main] org.apache.catalina.startup.HostConfig.deployWAR Deploying web application archive [/Users/plushavey/Desktop/TP_Projects/WebServletV2/tomcat/webapps/WebServletV2.war]
13-Nov-2025 14:09:46.848 INFO [main] org.apache.catalina.startup.ExpandWar.expand An expanded directory [/Users/plushavey/Desktop/TP_Projects/WebServletV2/tomcat/webapps/WebServletV2] was found with a last modified time that did not match the associated WAR. It will be deleted.
13-Nov-2025 14:09:47.001 INFO [main] org.apache.catalina.startup.HostConfig.deployWAR Deployment of web application archive [/Users/plushavey/Desktop/TP_Projects/WebServletV2/tomcat/webapps/WebServletV2.war] has finished in [160] ms
13-Nov-2025 14:09:47.001 INFO [main] org.apache.catalina.startup.HostConfig.deployDirectory Установка веб приложения в папку [/Users/plushavey/Desktop/TP_Projects/WebServletV2/tomcat/webapps/docs]
13-Nov-2025 14:09:47.014 INFO [main] org.apache.catalina.startup.HostConfig.deployDirectory Deployment of web application directory [/Users/plushavey/Desktop/TP_Projects/WebServletV2/tomcat/webapps/docs] has finished in [13] ms
13-Nov-2025 14:09:47.014 INFO [main] org.apache.catalina.startup.HostConfig.deployDirectory Установка веб приложения в папку [/Users/plushavey/Desktop/TP_Projects/WebServletV2/tomcat/webapps/manager]
13-Nov-2025 14:09:47.030 INFO [main] org.apache.catalina.startup.HostConfig.deployDirectory Deployment of web application directory [/Users/plushavey/Desktop/TP_Projects/WebServletV2/tomcat/webapps/manager] has finished in [16] ms
13-Nov-2025 14:09:47.030 INFO [main] org.apache.catalina.startup.HostConfig.deployDirectory Установка веб приложения в папку [/Users/plushavey/Desktop/TP_Projects/WebServletV2/tomcat/webapps/examples]
13-Nov-2025 14:09:47.129 INFO [main] org.apache.catalina.startup.HostConfig.deployDirectory Deployment of web application directory [/Users/plushavey/Desktop/TP_Projects/WebServletV2/tomcat/webapps/examples] has finished in [99] ms
13-Nov-2025 14:09:47.129 INFO [main] org.apache.catalina.startup.HostConfig.deployDirectory Установка веб приложения в папку [/Users/plushavey/Desktop/TP_Projects/WebServletV2/tomcat/webapps/ROOT]
13-Nov-2025 14:09:47.137 INFO [main] org.apache.catalina.startup.HostConfig.deployDirectory Deployment of web application directory [/Users/plushavey/Desktop/TP_Projects/WebServletV2/tomcat/webapps/ROOT] has finished in [8] ms
13-Nov-2025 14:09:47.137 INFO [main] org.apache.catalina.startup.HostConfig.deployDirectory Установка веб приложения в папку [/Users/plushavey/Desktop/TP_Projects/WebServletV2/tomcat/webapps/host-manager]
13-Nov-2025 14:09:47.146 INFO [main] org.apache.catalina.startup.HostConfig.deployDirectory Deployment of web application directory [/Users/plushavey/Desktop/TP_Projects/WebServletV2/tomcat/webapps/host-manager] has finished in [9] ms
13-Nov-2025 14:09:47.147 INFO [main] org.apache.coyote.AbstractProtocol.start Starting ProtocolHandler ["http-nio-8080"]
13-Nov-2025 14:09:47.151 INFO [main] org.apache.catalina.startup.Catalina.start Server startup in [335] milliseconds
13-Nov-2025 14:11:23.251 INFO [main] org.apache.catalina.core.StandardServer.await A valid shutdown command was received via the shutdown port. Stopping the Server instance.
13-Nov-2025 14:11:23.252 INFO [main] org.apache.coyote.AbstractProtocol.pause Pausing ProtocolHandler ["http-nio-8080"]
13-Nov-2025 14:11:23.255 INFO [main] org.apache.catalina.core.StandardService.stopInternal Stopping service [Catalina]
13-Nov-2025 14:11:23.272 INFO [main] org.apache.coyote.AbstractProtocol.stop Stopping ProtocolHandler ["http-nio-8080"]
13-Nov-2025 14:11:23.281 INFO [main] org.apache.coyote.AbstractProtocol.destroy Destroying ProtocolHandler ["http-nio-8080"]
13-Nov-2025 14:11:35.913 INFO [main] org.apache.catalina.startup.VersionLoggerListener.log Имя версии сервера:    Apache Tomcat/9.0.112
13-Nov-2025 14:11:35.915 INFO [main] org.apache.catalina.startup.VersionLoggerListener.log Сервер собран:         Nov 6 2025 07:46:18 UTC
13-Nov-2025 14:11:35.915 INFO [main] org.apache.catalina.startup.VersionLoggerListener.log Номер версии сервера:  9.0.112.0
13-Nov-2025 14:11:35.915 INFO [main] org.apache.catalina.startup.VersionLoggerListener.log OS Name:               Mac OS X
13-Nov-2025 14:11:35.915 INFO [main] org.apache.catalina.startup.VersionLoggerListener.log Версия ОС:             15.6.1
13-Nov-2025 14:11:35.915 INFO [main] org.apache.catalina.startup.VersionLoggerListener.log Архитектура:           aarch64
13-Nov-2025 14:11:35.915 INFO [main] org.apache.catalina.startup.VersionLoggerListener.log Java Home:             /Users/plushavey/Library/Java/JavaVirtualMachines/corretto-23.0.2/Contents/Home
13-Nov-2025 14:11:35.915 INFO [main] org.apache.catalina.startup.VersionLoggerListener.log Версия JVM:            23.0.2+7-FR
13-Nov-2025 14:11:35.916 INFO [main] org.apache.catalina.startup.VersionLoggerListener.log Производитель JVM:     Amazon.com Inc.
13-Nov-2025 14:11:35.916 INFO [main] org.apache.catalina.startup.VersionLoggerListener.log CATALINA_BASE:         /Users/plushavey/Desktop/TP_Projects/WebServletV2/tomcat
13-Nov-2025 14:11:35.916 INFO [main] org.apache.catalina.startup.VersionLoggerListener.log CATALINA_HOME:         /Users/plushavey/Desktop/TP_Projects/WebServletV2/tomcat
13-Nov-2025 14:11:35.920 INFO [main] org.apache.catalina.startup.VersionLoggerListener.log Command line argument: --add-opens=java.base/java.lang=ALL-UNNAMED
13-Nov-2025 14:11:35.920 INFO [main] org.apache.catalina.startup.VersionLoggerListener.log Command line argument: --add-opens=java.base/java.lang.invoke=ALL-UNNAMED
13-Nov-2025 14:11:35.920 INFO [main] org.apache.catalina.startup.VersionLoggerListener.log Command line argument: --add-opens=java.base/java.lang.reflect=ALL-UNNAMED
13-Nov-2025 14:11:35.920 INFO [main] org.apache.catalina.startup.VersionLoggerListener.log Command line argument: --add-opens=java.base/java.io=ALL-UNNAMED
13-Nov-2025 14:11:35.920 INFO [main] org.apache.catalina.startup.VersionLoggerListener.log Command line argument: --add-opens=java.base/java.util=ALL-UNNAMED
13-Nov-2025 14:11:35.920 INFO [main] org.apache.catalina.startup.VersionLoggerListener.log Command line argument: --add-opens=java.base/java.util.concurrent=ALL-UNNAMED
13-Nov-2025 14:11:35.920 INFO [main] org.apache.catalina.startup.VersionLoggerListener.log Command line argument: --add-opens=java.rmi/sun.rmi.transport=ALL-UNNAMED
13-Nov-2025 14:11:35.920 INFO [main] org.apache.catalina.startup.VersionLoggerListener.log Command line argument: -Djava.util.logging.config.file=/Users/plushavey/Desktop/TP_Projects/WebServletV2/tomcat/conf/logging.properties
13-Nov-2025 14:11:35.920 INFO [main] org.apache.catalina.startup.VersionLoggerListener.log Command line argument: -Djava.util.logging.manager=org.apache.juli.ClassLoaderLogManager
13-Nov-2025 14:11:35.920 INFO [main] org.apache.catalina.startup.VersionLoggerListener.log Command line argument: -Djdk.tls.ephemeralDHKeySize=2048
13-Nov-2025 14:11:35.920 INFO [main] org.apache.catalina.startup.VersionLoggerListener.log Command line argument: -Djava.protocol.handler.pkgs=org.apache.catalina.webresources
13-Nov-2025 14:11:35.921 INFO [main] org.apache.catalina.startup.VersionLoggerListener.log Command line argument: -Dsun.io.useCanonCaches=false
13-Nov-2025 14:11:35.921 INFO [main] org.apache.catalina.startup.VersionLoggerListener.log Command line argument: -Dorg.apache.catalina.security.SecurityListener.UMASK=0027
13-Nov-2025 14:11:35.921 INFO [main] org.apache.catalina.startup.VersionLoggerListener.log Command line argument: -Dignore.endorsed.dirs=
13-Nov-2025 14:11:35.921 INFO [main] org.apache.catalina.startup.VersionLoggerListener.log Command line argument: -Dcatalina.base=/Users/plushavey/Desktop/TP_Projects/WebServletV2/tomcat
13-Nov-2025 14:11:35.921 INFO [main] org.apache.catalina.startup.VersionLoggerListener.log Command line argument: -Dcatalina.home=/Users/plushavey/Desktop/TP_Projects/WebServletV2/tomcat
13-Nov-2025 14:11:35.921 INFO [main] org.apache.catalina.startup.VersionLoggerListener.log Command line argument: -Djava.io.tmpdir=/Users/plushavey/Desktop/TP_Projects/WebServletV2/tomcat/temp
13-Nov-2025 14:11:35.926 INFO [main] org.apache.catalina.core.AprLifecycleListener.lifecycleEvent The Apache Tomcat Native library which allows using OpenSSL was not found on the java.library.path: [/Users/plushavey/Library/Java/Extensions:/Library/Java/Extensions:/Network/Library/Java/Extensions:/System/Library/Java/Extensions:/usr/lib/java:.]
13-Nov-2025 14:11:36.076 INFO [main] org.apache.coyote.AbstractProtocol.init Инициализация ProtocolHandler ["http-nio-8080"]
13-Nov-2025 14:11:36.088 INFO [main] org.apache.catalina.startup.Catalina.load Server initialization in [261] milliseconds
13-Nov-2025 14:11:36.103 INFO [main] org.apache.catalina.core.StandardService.startInternal Starting service [Catalina]
13-Nov-2025 14:11:36.103 INFO [main] org.apache.catalina.core.StandardEngine.startInternal Starting Servlet engine: [Apache Tomcat/9.0.112]
13-Nov-2025 14:11:36.109 INFO [main] org.apache.catalina.startup.HostConfig.deployWAR Deploying web application archive [/Users/plushavey/Desktop/TP_Projects/WebServletV2/tomcat/webapps/WebServletV2.war]
13-Nov-2025 14:11:36.116 INFO [main] org.apache.catalina.startup.ExpandWar.expand An expanded directory [/Users/plushavey/Desktop/TP_Projects/WebServletV2/tomcat/webapps/WebServletV2] was found with a last modified time that did not match the associated WAR. It will be deleted.
13-Nov-2025 14:11:36.254 INFO [main] org.apache.catalina.startup.HostConfig.deployWAR Deployment of web application archive [/Users/plushavey/Desktop/TP_Projects/WebServletV2/tomcat/webapps/WebServletV2.war] has finished in [143] ms
13-Nov-2025 14:11:36.254 INFO [main] org.apache.catalina.startup.HostConfig.deployDirectory Установка веб приложения в папку [/Users/plushavey/Desktop/TP_Projects/WebServletV2/tomcat/webapps/docs]
13-Nov-2025 14:11:36.266 INFO [main] org.apache.catalina.startup.HostConfig.deployDirectory Deployment of web application directory [/Users/plushavey/Desktop/TP_Projects/WebServletV2/tomcat/webapps/docs] has finished in [12] ms
13-Nov-2025 14:11:36.266 INFO [main] org.apache.catalina.startup.HostConfig.deployDirectory Установка веб приложения в папку [/Users/plushavey/Desktop/TP_Projects/WebServletV2/tomcat/webapps/manager]
13-Nov-2025 14:11:36.282 INFO [main] org.apache.catalina.startup.HostConfig.deployDirectory Deployment of web application directory [/Users/plushavey/Desktop/TP_Projects/WebServletV2/tomcat/webapps/manager] has finished in [16] ms
13-Nov-2025 14:11:36.282 INFO [main] org.apache.catalina.startup.HostConfig.deployDirectory Установка веб приложения в папку [/Users/plushavey/Desktop/TP_Projects/WebServletV2/tomcat/webapps/examples]
13-Nov-2025 14:11:36.378 INFO [main] org.apache.catalina.startup.HostConfig.deployDirectory Deployment of web application directory [/Users/plushavey/Desktop/TP_Projects/WebServletV2/tomcat/webapps/examples] has finished in [96] ms
13-Nov-2025 14:11:36.378 INFO [main] org.apache.catalina.startup.HostConfig.deployDirectory Установка веб приложения в папку [/Users/plushavey/Desktop/TP_Projects/WebServletV2/tomcat/webapps/ROOT]
13-Nov-2025 14:11:36.385 INFO [main] org.apache.catalina.startup.HostConfig.deployDirectory Deployment of web application directory [/Users/plushavey/Desktop/TP_Projects/WebServletV2/tomcat/webapps/ROOT] has finished in [7] ms
13-Nov-2025 14:11:36.385 INFO [main] org.apache.catalina.startup.HostConfig.deployDirectory Установка веб приложения в папку [/Users/plushavey/Desktop/TP_Projects/WebServletV2/tomcat/webapps/host-manager]
13-Nov-2025 14:11:36.394 INFO [main] org.apache.catalina.startup.HostConfig.deployDirectory Deployment of web application directory [/Users/plushavey/Desktop/TP_Projects/WebServletV2/tomcat/webapps/host-manager] has finished in [9] ms
13-Nov-2025 14:11:36.395 INFO [main] org.apache.coyote.AbstractProtocol.start Starting ProtocolHandler ["http-nio-8080"]
13-Nov-2025 14:11:36.399 INFO [main] org.apache.catalina.startup.Catalina.start Server startup in [310] milliseconds
13-Nov-2025 14:20:02.993 INFO [main] org.apache.catalina.core.StandardServer.await A valid shutdown command was received via the shutdown port. Stopping the Server instance.
13-Nov-2025 14:20:02.994 INFO [main] org.apache.coyote.AbstractProtocol.pause Pausing ProtocolHandler ["http-nio-8080"]
13-Nov-2025 14:20:02.997 INFO [main] org.apache.catalina.core.StandardService.stopInternal Stopping service [Catalina]
13-Nov-2025 14:20:03.016 INFO [main] org.apache.coyote.AbstractProtocol.stop Stopping ProtocolHandler ["http-nio-8080"]
13-Nov-2025 14:20:03.023 INFO [main] org.apache.coyote.AbstractProtocol.destroy Destroying ProtocolHandler ["http-nio-8080"]
13-Nov-2025 14:20:10.891 INFO [main] org.apache.catalina.startup.VersionLoggerListener.log Имя версии сервера:    Apache Tomcat/9.0.112
13-Nov-2025 14:20:10.893 INFO [main] org.apache.catalina.startup.VersionLoggerListener.log Сервер собран:         Nov 6 2025 07:46:18 UTC
13-Nov-2025 14:20:10.893 INFO [main] org.apache.catalina.startup.VersionLoggerListener.log Номер версии сервера:  9.0.112.0
13-Nov-2025 14:20:10.893 INFO [main] org.apache.catalina.startup.VersionLoggerListener.log OS Name:               Mac OS X
13-Nov-2025 14:20:10.894 INFO [main] org.apache.catalina.startup.VersionLoggerListener.log Версия ОС:             15.6.1
13-Nov-2025 14:20:10.894 INFO [main] org.apache.catalina.startup.VersionLoggerListener.log Архитектура:           aarch64
13-Nov-2025 14:20:10.894 INFO [main] org.apache.catalina.startup.VersionLoggerListener.log Java Home:             /Users/plushavey/Library/Java/JavaVirtualMachines/corretto-23.0.2/Contents/Home
13-Nov-2025 14:20:10.894 INFO [main] org.apache.catalina.startup.VersionLoggerListener.log Версия JVM:            23.0.2+7-FR
13-Nov-2025 14:20:10.894 INFO [main] org.apache.catalina.startup.VersionLoggerListener.log Производитель JVM:     Amazon.com Inc.
13-Nov-2025 14:20:10.894 INFO [main] org.apache.catalina.startup.VersionLoggerListener.log CATALINA_BASE:         /Users/plushavey/Desktop/TP_Projects/WebServletV2/tomcat
13-Nov-2025 14:20:10.894 INFO [main] org.apache.catalina.startup.VersionLoggerListener.log CATALINA_HOME:         /Users/plushavey/Desktop/TP_Projects/WebServletV2/tomcat
13-Nov-2025 14:20:10.901 INFO [main] org.apache.catalina.startup.VersionLoggerListener.log Command line argument: --add-opens=java.base/java.lang=ALL-UNNAMED
13-Nov-2025 14:20:10.901 INFO [main] org.apache.catalina.startup.VersionLoggerListener.log Command line argument: --add-opens=java.base/java.lang.invoke=ALL-UNNAMED
13-Nov-2025 14:20:10.901 INFO [main] org.apache.catalina.startup.VersionLoggerListener.log Command line argument: --add-opens=java.base/java.lang.reflect=ALL-UNNAMED
13-Nov-2025 14:20:10.901 INFO [main] org.apache.catalina.startup.VersionLoggerListener.log Command line argument: --add-opens=java.base/java.io=ALL-UNNAMED
13-Nov-2025 14:20:10.901 INFO [main] org.apache.catalina.startup.VersionLoggerListener.log Command line argument: --add-opens=java.base/java.util=ALL-UNNAMED
13-Nov-2025 14:20:10.901 INFO [main] org.apache.catalina.startup.VersionLoggerListener.log Command line argument: --add-opens=java.base/java.util.concurrent=ALL-UNNAMED
13-Nov-2025 14:20:10.901 INFO [main] org.apache.catalina.startup.VersionLoggerListener.log Command line argument: --add-opens=java.rmi/sun.rmi.transport=ALL-UNNAMED
13-Nov-2025 14:20:10.902 INFO [main] org.apache.catalina.startup.VersionLoggerListener.log Command line argument: -Djava.util.logging.config.file=/Users/plushavey/Desktop/TP_Projects/WebServletV2/tomcat/conf/logging.properties
13-Nov-2025 14:20:10.902 INFO [main] org.apache.catalina.startup.VersionLoggerListener.log Command line argument: -Djava.util.logging.manager=org.apache.juli.ClassLoaderLogManager
13-Nov-2025 14:20:10.902 INFO [main] org.apache.catalina.startup.VersionLoggerListener.log Command line argument: -Djdk.tls.ephemeralDHKeySize=2048
13-Nov-2025 14:20:10.902 INFO [main] org.apache.catalina.startup.VersionLoggerListener.log Command line argument: -Djava.protocol.handler.pkgs=org.apache.catalina.webresources
13-Nov-2025 14:20:10.902 INFO [main] org.apache.catalina.startup.VersionLoggerListener.log Command line argument: -Dsun.io.useCanonCaches=false
13-Nov-2025 14:20:10.902 INFO [main] org.apache.catalina.startup.VersionLoggerListener.log Command line argument: -Dorg.apache.catalina.security.SecurityListener.UMASK=0027
13-Nov-2025 14:20:10.902 INFO [main] org.apache.catalina.startup.VersionLoggerListener.log Command line argument: -Dignore.endorsed.dirs=
13-Nov-2025 14:20:10.902 INFO [main] org.apache.catalina.startup.VersionLoggerListener.log Command line argument: -Dcatalina.base=/Users/plushavey/Desktop/TP_Projects/WebServletV2/tomcat
13-Nov-2025 14:20:10.902 INFO [main] org.apache.catalina.startup.VersionLoggerListener.log Command line argument: -Dcatalina.home=/Users/plushavey/Desktop/TP_Projects/WebServletV2/tomcat
13-Nov-2025 14:20:10.902 INFO [main] org.apache.catalina.startup.VersionLoggerListener.log Command line argument: -Djava.io.tmpdir=/Users/plushavey/Desktop/TP_Projects/WebServletV2/tomcat/temp
13-Nov-2025 14:20:10.908 INFO [main] org.apache.catalina.core.AprLifecycleListener.lifecycleEvent The Apache Tomcat Native library which allows using OpenSSL was not found on the java.library.path: [/Users/plushavey/Library/Java/Extensions:/Library/Java/Extensions:/Network/Library/Java/Extensions:/System/Library/Java/Extensions:/usr/lib/java:.]
13-Nov-2025 14:20:11.073 INFO [main] org.apache.coyote.AbstractProtocol.init Инициализация ProtocolHandler ["http-nio-8080"]
13-Nov-2025 14:20:11.085 INFO [main] org.apache.catalina.startup.Catalina.load Server initialization in [287] milliseconds
13-Nov-2025 14:20:11.104 INFO [main] org.apache.catalina.core.StandardService.startInternal Starting service [Catalina]
13-Nov-2025 14:20:11.104 INFO [main] org.apache.catalina.core.StandardEngine.startInternal Starting Servlet engine: [Apache Tomcat/9.0.112]
13-Nov-2025 14:20:11.111 INFO [main] org.apache.catalina.startup.HostConfig.deployWAR Deploying web application archive [/Users/plushavey/Desktop/TP_Projects/WebServletV2/tomcat/webapps/WebServletV2.war]
13-Nov-2025 14:20:11.264 INFO [main] org.apache.catalina.startup.HostConfig.deployWAR Deployment of web application archive [/Users/plushavey/Desktop/TP_Projects/WebServletV2/tomcat/webapps/WebServletV2.war] has finished in [151] ms
13-Nov-2025 14:20:11.264 INFO [main] org.apache.catalina.startup.HostConfig.deployDirectory Установка веб приложения в папку [/Users/plushavey/Desktop/TP_Projects/WebServletV2/tomcat/webapps/docs]
13-Nov-2025 14:20:11.276 INFO [main] org.apache.catalina.startup.HostConfig.deployDirectory Deployment of web application directory [/Users/plushavey/Desktop/TP_Projects/WebServletV2/tomcat/webapps/docs] has finished in [12] ms
13-Nov-2025 14:20:11.276 INFO [main] org.apache.catalina.startup.HostConfig.deployDirectory Установка веб приложения в папку [/Users/plushavey/Desktop/TP_Projects/WebServletV2/tomcat/webapps/manager]
13-Nov-2025 14:20:11.292 INFO [main] org.apache.catalina.startup.HostConfig.deployDirectory Deployment of web application directory [/Users/plushavey/Desktop/TP_Projects/WebServletV2/tomcat/webapps/manager] has finished in [16] ms
13-Nov-2025 14:20:11.293 INFO [main] org.apache.catalina.startup.HostConfig.deployDirectory Установка веб приложения в папку [/Users/plushavey/Desktop/TP_Projects/WebServletV2/tomcat/webapps/examples]
13-Nov-2025 14:20:11.392 INFO [main] org.apache.catalina.startup.HostConfig.deployDirectory Deployment of web application directory [/Users/plushavey/Desktop/TP_Projects/WebServletV2/tomcat/webapps/examples] has finished in [99] ms
13-Nov-2025 14:20:11.392 INFO [main] org.apache.catalina.startup.HostConfig.deployDirectory Установка веб приложения в папку [/Users/plushavey/Desktop/TP_Projects/WebServletV2/tomcat/webapps/ROOT]
13-Nov-2025 14:20:11.399 INFO [main] org.apache.catalina.startup.HostConfig.deployDirectory Deployment of web application directory [/Users/plushavey/Desktop/TP_Projects/WebServletV2/tomcat/webapps/ROOT] has finished in [7] ms
13-Nov-2025 14:20:11.399 INFO [main] org.apache.catalina.startup.HostConfig.deployDirectory Установка веб приложения в папку [/Users/plushavey/Desktop/TP_Projects/WebServletV2/tomcat/webapps/host-manager]
13-Nov-2025 14:20:11.408 INFO [main] org.apache.catalina.startup.HostConfig.deployDirectory Deployment of web application directory [/Users/plushavey/Desktop/TP_Projects/WebServletV2/tomcat/webapps/host-manager] has finished in [9] ms
13-Nov-2025 14:20:11.410 INFO [main] org.apache.coyote.AbstractProtocol.start Starting ProtocolHandler ["http-nio-8080"]
13-Nov-2025 14:20:11.414 INFO [main] org.apache.catalina.startup.Catalina.start Server startup in [328] milliseconds
13-Nov-2025 14:23:59.676 INFO [main] org.apache.catalina.core.StandardServer.await A valid shutdown command was received via the shutdown port. Stopping the Server instance.
13-Nov-2025 14:23:59.677 INFO [main] org.apache.coyote.AbstractProtocol.pause Pausing ProtocolHandler ["http-nio-8080"]
13-Nov-2025 14:23:59.681 INFO [main] org.apache.catalina.core.StandardService.stopInternal Stopping service [Catalina]
13-Nov-2025 14:23:59.698 INFO [main] org.apache.coyote.AbstractProtocol.stop Stopping ProtocolHandler ["http-nio-8080"]
13-Nov-2025 14:23:59.706 INFO [main] org.apache.coyote.AbstractProtocol.destroy Destroying ProtocolHandler ["http-nio-8080"]
13-Nov-2025 14:24:01.920 INFO [main] org.apache.catalina.startup.VersionLoggerListener.log Имя версии сервера:    Apache Tomcat/9.0.112
13-Nov-2025 14:24:01.922 INFO [main] org.apache.catalina.startup.VersionLoggerListener.log Сервер собран:         Nov 6 2025 07:46:18 UTC
13-Nov-2025 14:24:01.922 INFO [main] org.apache.catalina.startup.VersionLoggerListener.log Номер версии сервера:  9.0.112.0
13-Nov-2025 14:24:01.922 INFO [main] org.apache.catalina.startup.VersionLoggerListener.log OS Name:               Mac OS X
13-Nov-2025 14:24:01.922 INFO [main] org.apache.catalina.startup.VersionLoggerListener.log Версия ОС:             15.6.1
13-Nov-2025 14:24:01.922 INFO [main] org.apache.catalina.startup.VersionLoggerListener.log Архитектура:           aarch64
13-Nov-2025 14:24:01.922 INFO [main] org.apache.catalina.startup.VersionLoggerListener.log Java Home:             /Users/plushavey/Library/Java/JavaVirtualMachines/corretto-23.0.2/Contents/Home
13-Nov-2025 14:24:01.922 INFO [main] org.apache.catalina.startup.VersionLoggerListener.log Версия JVM:            23.0.2+7-FR
13-Nov-2025 14:24:01.923 INFO [main] org.apache.catalina.startup.VersionLoggerListener.log Производитель JVM:     Amazon.com Inc.
13-Nov-2025 14:24:01.923 INFO [main] org.apache.catalina.startup.VersionLoggerListener.log CATALINA_BASE:         /Users/plushavey/Desktop/TP_Projects/WebServletV2/tomcat
13-Nov-2025 14:24:01.923 INFO [main] org.apache.catalina.startup.VersionLoggerListener.log CATALINA_HOME:         /Users/plushavey/Desktop/TP_Projects/WebServletV2/tomcat
13-Nov-2025 14:24:01.930 INFO [main] org.apache.catalina.startup.VersionLoggerListener.log Command line argument: --add-opens=java.base/java.lang=ALL-UNNAMED
13-Nov-2025 14:24:01.930 INFO [main] org.apache.catalina.startup.VersionLoggerListener.log Command line argument: --add-opens=java.base/java.lang.invoke=ALL-UNNAMED
13-Nov-2025 14:24:01.930 INFO [main] org.apache.catalina.startup.VersionLoggerListener.log Command line argument: --add-opens=java.base/java.lang.reflect=ALL-UNNAMED
13-Nov-2025 14:24:01.930 INFO [main] org.apache.catalina.startup.VersionLoggerListener.log Command line argument: --add-opens=java.base/java.io=ALL-UNNAMED
13-Nov-2025 14:24:01.930 INFO [main] org.apache.catalina.startup.VersionLoggerListener.log Command line argument: --add-opens=java.base/java.util=ALL-UNNAMED
13-Nov-2025 14:24:01.930 INFO [main] org.apache.catalina.startup.VersionLoggerListener.log Command line argument: --add-opens=java.base/java.util.concurrent=ALL-UNNAMED
13-Nov-2025 14:24:01.930 INFO [main] org.apache.catalina.startup.VersionLoggerListener.log Command line argument: --add-opens=java.rmi/sun.rmi.transport=ALL-UNNAMED
13-Nov-2025 14:24:01.930 INFO [main] org.apache.catalina.startup.VersionLoggerListener.log Command line argument: -Djava.util.logging.config.file=/Users/plushavey/Desktop/TP_Projects/WebServletV2/tomcat/conf/logging.properties
13-Nov-2025 14:24:01.930 INFO [main] org.apache.catalina.startup.VersionLoggerListener.log Command line argument: -Djava.util.logging.manager=org.apache.juli.ClassLoaderLogManager
13-Nov-2025 14:24:01.931 INFO [main] org.apache.catalina.startup.VersionLoggerListener.log Command line argument: -Djdk.tls.ephemeralDHKeySize=2048
13-Nov-2025 14:24:01.931 INFO [main] org.apache.catalina.startup.VersionLoggerListener.log Command line argument: -Djava.protocol.handler.pkgs=org.apache.catalina.webresources
13-Nov-2025 14:24:01.931 INFO [main] org.apache.catalina.startup.VersionLoggerListener.log Command line argument: -Dsun.io.useCanonCaches=false
13-Nov-2025 14:24:01.931 INFO [main] org.apache.catalina.startup.VersionLoggerListener.log Command line argument: -Dorg.apache.catalina.security.SecurityListener.UMASK=0027
13-Nov-2025 14:24:01.931 INFO [main] org.apache.catalina.startup.VersionLoggerListener.log Command line argument: -Dignore.endorsed.dirs=
13-Nov-2025 14:24:01.931 INFO [main] org.apache.catalina.startup.VersionLoggerListener.log Command line argument: -Dcatalina.base=/Users/plushavey/Desktop/TP_Projects/WebServletV2/tomcat
13-Nov-2025 14:24:01.931 INFO [main] org.apache.catalina.startup.VersionLoggerListener.log Command line argument: -Dcatalina.home=/Users/plushavey/Desktop/TP_Projects/WebServletV2/tomcat
13-Nov-2025 14:24:01.931 INFO [main] org.apache.catalina.startup.VersionLoggerListener.log Command line argument: -Djava.io.tmpdir=/Users/plushavey/Desktop/TP_Projects/WebServletV2/tomcat/temp
13-Nov-2025 14:24:01.936 INFO [main] org.apache.catalina.core.AprLifecycleListener.lifecycleEvent The Apache Tomcat Native library which allows using OpenSSL was not found on the java.library.path: [/Users/plushavey/Library/Java/Extensions:/Library/Java/Extensions:/Network/Library/Java/Extensions:/System/Library/Java/Extensions:/usr/lib/java:.]
13-Nov-2025 14:24:02.102 INFO [main] org.apache.coyote.AbstractProtocol.init Инициализация ProtocolHandler ["http-nio-8080"]
13-Nov-2025 14:24:02.114 INFO [main] org.apache.catalina.startup.Catalina.load Server initialization in [286] milliseconds
13-Nov-2025 14:24:02.133 INFO [main] org.apache.catalina.core.StandardService.startInternal Starting service [Catalina]
13-Nov-2025 14:24:02.133 INFO [main] org.apache.catalina.core.StandardEngine.startInternal Starting Servlet engine: [Apache Tomcat/9.0.112]
13-Nov-2025 14:24:02.141 INFO [main] org.apache.catalina.startup.HostConfig.deployWAR Deploying web application archive [/Users/plushavey/Desktop/TP_Projects/WebServletV2/tomcat/webapps/WebServletV2.war]
13-Nov-2025 14:24:02.296 INFO [main] org.apache.catalina.startup.HostConfig.deployWAR Deployment of web application archive [/Users/plushavey/Desktop/TP_Projects/WebServletV2/tomcat/webapps/WebServletV2.war] has finished in [155] ms
13-Nov-2025 14:24:02.297 INFO [main] org.apache.catalina.startup.HostConfig.deployDirectory Установка веб приложения в папку [/Users/plushavey/Desktop/TP_Projects/WebServletV2/tomcat/webapps/docs]
13-Nov-2025 14:24:02.309 INFO [main] org.apache.catalina.startup.HostConfig.deployDirectory Deployment of web application directory [/Users/plushavey/Desktop/TP_Projects/WebServletV2/tomcat/webapps/docs] has finished in [12] ms
13-Nov-2025 14:24:02.309 INFO [main] org.apache.catalina.startup.HostConfig.deployDirectory Установка веб приложения в папку [/Users/plushavey/Desktop/TP_Projects/WebServletV2/tomcat/webapps/manager]
13-Nov-2025 14:24:02.325 INFO [main] org.apache.catalina.startup.HostConfig.deployDirectory Deployment of web application directory [/Users/plushavey/Desktop/TP_Projects/WebServletV2/tomcat/webapps/manager] has finished in [16] ms
13-Nov-2025 14:24:02.325 INFO [main] org.apache.catalina.startup.HostConfig.deployDirectory Установка веб приложения в папку [/Users/plushavey/Desktop/TP_Projects/WebServletV2/tomcat/webapps/examples]
13-Nov-2025 14:24:02.426 INFO [main] org.apache.catalina.startup.HostConfig.deployDirectory Deployment of web application directory [/Users/plushavey/Desktop/TP_Projects/WebServletV2/tomcat/webapps/examples] has finished in [101] ms
13-Nov-2025 14:24:02.426 INFO [main] org.apache.catalina.startup.HostConfig.deployDirectory Установка веб приложения в папку [/Users/plushavey/Desktop/TP_Projects/WebServletV2/tomcat/webapps/ROOT]
13-Nov-2025 14:24:02.433 INFO [main] org.apache.catalina.startup.HostConfig.deployDirectory Deployment of web application directory [/Users/plushavey/Desktop/TP_Projects/WebServletV2/tomcat/webapps/ROOT] has finished in [7] ms
13-Nov-2025 14:24:02.434 INFO [main] org.apache.catalina.startup.HostConfig.deployDirectory Установка веб приложения в папку [/Users/plushavey/Desktop/TP_Projects/WebServletV2/tomcat/webapps/host-manager]
13-Nov-2025 14:24:02.442 INFO [main] org.apache.catalina.startup.HostConfig.deployDirectory Deployment of web application directory [/Users/plushavey/Desktop/TP_Projects/WebServletV2/tomcat/webapps/host-manager] has finished in [9] ms
13-Nov-2025 14:24:02.444 INFO [main] org.apache.coyote.AbstractProtocol.start Starting ProtocolHandler ["http-nio-8080"]
13-Nov-2025 14:24:02.448 INFO [main] org.apache.catalina.startup.Catalina.start Server startup in [332] milliseconds
13-Nov-2025 14:24:10.787 INFO [main] org.apache.catalina.core.StandardServer.await A valid shutdown command was received via the shutdown port. Stopping the Server instance.
13-Nov-2025 14:24:10.788 INFO [main] org.apache.coyote.AbstractProtocol.pause Pausing ProtocolHandler ["http-nio-8080"]
13-Nov-2025 14:24:10.790 INFO [main] org.apache.catalina.core.StandardService.stopInternal Stopping service [Catalina]
13-Nov-2025 14:24:10.801 INFO [main] org.apache.coyote.AbstractProtocol.stop Stopping ProtocolHandler ["http-nio-8080"]
13-Nov-2025 14:24:10.814 INFO [main] org.apache.coyote.AbstractProtocol.destroy Destroying ProtocolHandler ["http-nio-8080"]
13-Nov-2025 14:24:21.286 INFO [main] org.apache.catalina.startup.VersionLoggerListener.log Имя версии сервера:    Apache Tomcat/9.0.112
13-Nov-2025 14:24:21.288 INFO [main] org.apache.catalina.startup.VersionLoggerListener.log Сервер собран:         Nov 6 2025 07:46:18 UTC
13-Nov-2025 14:24:21.288 INFO [main] org.apache.catalina.startup.VersionLoggerListener.log Номер версии сервера:  9.0.112.0
13-Nov-2025 14:24:21.288 INFO [main] org.apache.catalina.startup.VersionLoggerListener.log OS Name:               Mac OS X
13-Nov-2025 14:24:21.288 INFO [main] org.apache.catalina.startup.VersionLoggerListener.log Версия ОС:             15.6.1
13-Nov-2025 14:24:21.288 INFO [main] org.apache.catalina.startup.VersionLoggerListener.log Архитектура:           aarch64
13-Nov-2025 14:24:21.288 INFO [main] org.apache.catalina.startup.VersionLoggerListener.log Java Home:             /Users/plushavey/Library/Java/JavaVirtualMachines/corretto-23.0.2/Contents/Home
13-Nov-2025 14:24:21.288 INFO [main] org.apache.catalina.startup.VersionLoggerListener.log Версия JVM:            23.0.2+7-FR
13-Nov-2025 14:24:21.288 INFO [main] org.apache.catalina.startup.VersionLoggerListener.log Производитель JVM:     Amazon.com Inc.
13-Nov-2025 14:24:21.288 INFO [main] org.apache.catalina.startup.VersionLoggerListener.log CATALINA_BASE:         /Users/plushavey/Desktop/TP_Projects/WebServletV2/tomcat
13-Nov-2025 14:24:21.288 INFO [main] org.apache.catalina.startup.VersionLoggerListener.log CATALINA_HOME:         /Users/plushavey/Desktop/TP_Projects/WebServletV2/tomcat
13-Nov-2025 14:24:21.292 INFO [main] org.apache.catalina.startup.VersionLoggerListener.log Command line argument: --add-opens=java.base/java.lang=ALL-UNNAMED
13-Nov-2025 14:24:21.293 INFO [main] org.apache.catalina.startup.VersionLoggerListener.log Command line argument: --add-opens=java.base/java.lang.invoke=ALL-UNNAMED
13-Nov-2025 14:24:21.293 INFO [main] org.apache.catalina.startup.VersionLoggerListener.log Command line argument: --add-opens=java.base/java.lang.reflect=ALL-UNNAMED
13-Nov-2025 14:24:21.293 INFO [main] org.apache.catalina.startup.VersionLoggerListener.log Command line argument: --add-opens=java.base/java.io=ALL-UNNAMED
13-Nov-2025 14:24:21.293 INFO [main] org.apache.catalina.startup.VersionLoggerListener.log Command line argument: --add-opens=java.base/java.util=ALL-UNNAMED
13-Nov-2025 14:24:21.293 INFO [main] org.apache.catalina.startup.VersionLoggerListener.log Command line argument: --add-opens=java.base/java.util.concurrent=ALL-UNNAMED
13-Nov-2025 14:24:21.293 INFO [main] org.apache.catalina.startup.VersionLoggerListener.log Command line argument: --add-opens=java.rmi/sun.rmi.transport=ALL-UNNAMED
13-Nov-2025 14:24:21.293 INFO [main] org.apache.catalina.startup.VersionLoggerListener.log Command line argument: -Djava.util.logging.config.file=/Users/plushavey/Desktop/TP_Projects/WebServletV2/tomcat/conf/logging.properties
13-Nov-2025 14:24:21.293 INFO [main] org.apache.catalina.startup.VersionLoggerListener.log Command line argument: -Djava.util.logging.manager=org.apache.juli.ClassLoaderLogManager
13-Nov-2025 14:24:21.293 INFO [main] org.apache.catalina.startup.VersionLoggerListener.log Command line argument: -Djdk.tls.ephemeralDHKeySize=2048
13-Nov-2025 14:24:21.293 INFO [main] org.apache.catalina.startup.VersionLoggerListener.log Command line argument: -Djava.protocol.handler.pkgs=org.apache.catalina.webresources
13-Nov-2025 14:24:21.293 INFO [main] org.apache.catalina.startup.VersionLoggerListener.log Command line argument: -Dsun.io.useCanonCaches=false
13-Nov-2025 14:24:21.293 INFO [main] org.apache.catalina.startup.VersionLoggerListener.log Command line argument: -Dorg.apache.catalina.security.SecurityListener.UMASK=0027
13-Nov-2025 14:24:21.293 INFO [main] org.apache.catalina.startup.VersionLoggerListener.log Command line argument: -Dignore.endorsed.dirs=
13-Nov-2025 14:24:21.293 INFO [main] org.apache.catalina.startup.VersionLoggerListener.log Command line argument: -Dcatalina.base=/Users/plushavey/Desktop/TP_Projects/WebServletV2/tomcat
13-Nov-2025 14:24:21.293 INFO [main] org.apache.catalina.startup.VersionLoggerListener.log Command line argument: -Dcatalina.home=/Users/plushavey/Desktop/TP_Projects/WebServletV2/tomcat
13-Nov-2025 14:24:21.293 INFO [main] org.apache.catalina.startup.VersionLoggerListener.log Command line argument: -Djava.io.tmpdir=/Users/plushavey/Desktop/TP_Projects/WebServletV2/tomcat/temp
13-Nov-2025 14:24:21.299 INFO [main] org.apache.catalina.core.AprLifecycleListener.lifecycleEvent The Apache Tomcat Native library which allows using OpenSSL was not found on the java.library.path: [/Users/plushavey/Library/Java/Extensions:/Library/Java/Extensions:/Network/Library/Java/Extensions:/System/Library/Java/Extensions:/usr/lib/java:.]
13-Nov-2025 14:24:21.449 INFO [main] org.apache.coyote.AbstractProtocol.init Инициализация ProtocolHandler ["http-nio-8080"]
13-Nov-2025 14:24:21.461 INFO [main] org.apache.catalina.startup.Catalina.load Server initialization in [261] milliseconds
13-Nov-2025 14:24:21.476 INFO [main] org.apache.catalina.core.StandardService.startInternal Starting service [Catalina]
13-Nov-2025 14:24:21.476 INFO [main] org.apache.catalina.core.StandardEngine.startInternal Starting Servlet engine: [Apache Tomcat/9.0.112]
13-Nov-2025 14:24:21.482 INFO [main] org.apache.catalina.startup.HostConfig.deployWAR Deploying web application archive [/Users/plushavey/Desktop/TP_Projects/WebServletV2/tomcat/webapps/WebServletV2.war]
13-Nov-2025 14:24:21.622 INFO [main] org.apache.catalina.startup.HostConfig.deployWAR Deployment of web application archive [/Users/plushavey/Desktop/TP_Projects/WebServletV2/tomcat/webapps/WebServletV2.war] has finished in [138] ms
13-Nov-2025 14:24:21.622 INFO [main] org.apache.catalina.startup.HostConfig.deployDirectory Установка веб приложения в папку [/Users/plushavey/Desktop/TP_Projects/WebServletV2/tomcat/webapps/docs]
13-Nov-2025 14:24:21.633 INFO [main] org.apache.catalina.startup.HostConfig.deployDirectory Deployment of web application directory [/Users/plushavey/Desktop/TP_Projects/WebServletV2/tomcat/webapps/docs] has finished in [11] ms
13-Nov-2025 14:24:21.633 INFO [main] org.apache.catalina.startup.HostConfig.deployDirectory Установка веб приложения в папку [/Users/plushavey/Desktop/TP_Projects/WebServletV2/tomcat/webapps/manager]
13-Nov-2025 14:24:21.648 INFO [main] org.apache.catalina.startup.HostConfig.deployDirectory Deployment of web application directory [/Users/plushavey/Desktop/TP_Projects/WebServletV2/tomcat/webapps/manager] has finished in [15] ms
13-Nov-2025 14:24:21.649 INFO [main] org.apache.catalina.startup.HostConfig.deployDirectory Установка веб приложения в папку [/Users/plushavey/Desktop/TP_Projects/WebServletV2/tomcat/webapps/examples]
13-Nov-2025 14:24:21.744 INFO [main] org.apache.catalina.startup.HostConfig.deployDirectory Deployment of web application directory [/Users/plushavey/Desktop/TP_Projects/WebServletV2/tomcat/webapps/examples] has finished in [95] ms
13-Nov-2025 14:24:21.744 INFO [main] org.apache.catalina.startup.HostConfig.deployDirectory Установка веб приложения в папку [/Users/plushavey/Desktop/TP_Projects/WebServletV2/tomcat/webapps/ROOT]
13-Nov-2025 14:24:21.752 INFO [main] org.apache.catalina.startup.HostConfig.deployDirectory Deployment of web application directory [/Users/plushavey/Desktop/TP_Projects/WebServletV2/tomcat/webapps/ROOT] has finished in [8] ms
13-Nov-2025 14:24:21.752 INFO [main] org.apache.catalina.startup.HostConfig.deployDirectory Установка веб приложения в папку [/Users/plushavey/Desktop/TP_Projects/WebServletV2/tomcat/webapps/host-manager]
13-Nov-2025 14:24:21.761 INFO [main] org.apache.catalina.startup.HostConfig.deployDirectory Deployment of web application directory [/Users/plushavey/Desktop/TP_Projects/WebServletV2/tomcat/webapps/host-manager] has finished in [9] ms
13-Nov-2025 14:24:21.763 INFO [main] org.apache.coyote.AbstractProtocol.start Starting ProtocolHandler ["http-nio-8080"]
13-Nov-2025 14:24:21.767 INFO [main] org.apache.catalina.startup.Catalina.start Server startup in [305] milliseconds
13-Nov-2025 14:29:36.980 INFO [main] org.apache.catalina.core.StandardServer.await A valid shutdown command was received via the shutdown port. Stopping the Server instance.
13-Nov-2025 14:29:36.982 INFO [main] org.apache.coyote.AbstractProtocol.pause Pausing ProtocolHandler ["http-nio-8080"]
13-Nov-2025 14:29:36.987 INFO [main] org.apache.catalina.core.StandardService.stopInternal Stopping service [Catalina]
13-Nov-2025 14:29:37.005 INFO [main] org.apache.coyote.AbstractProtocol.stop Stopping ProtocolHandler ["http-nio-8080"]
13-Nov-2025 14:29:37.011 INFO [main] org.apache.coyote.AbstractProtocol.destroy Destroying ProtocolHandler ["http-nio-8080"]
13-Nov-2025 14:31:43.847 INFO [main] org.apache.catalina.startup.VersionLoggerListener.log Имя версии сервера:    Apache Tomcat/9.0.112
13-Nov-2025 14:31:43.849 INFO [main] org.apache.catalina.startup.VersionLoggerListener.log Сервер собран:         Nov 6 2025 07:46:18 UTC
13-Nov-2025 14:31:43.849 INFO [main] org.apache.catalina.startup.VersionLoggerListener.log Номер версии сервера:  9.0.112.0
13-Nov-2025 14:31:43.849 INFO [main] org.apache.catalina.startup.VersionLoggerListener.log OS Name:               Mac OS X
13-Nov-2025 14:31:43.849 INFO [main] org.apache.catalina.startup.VersionLoggerListener.log Версия ОС:             15.6.1
13-Nov-2025 14:31:43.849 INFO [main] org.apache.catalina.startup.VersionLoggerListener.log Архитектура:           aarch64
13-Nov-2025 14:31:43.849 INFO [main] org.apache.catalina.startup.VersionLoggerListener.log Java Home:             /Users/plushavey/Library/Java/JavaVirtualMachines/corretto-23.0.2/Contents/Home
13-Nov-2025 14:31:43.849 INFO [main] org.apache.catalina.startup.VersionLoggerListener.log Версия JVM:            23.0.2+7-FR
13-Nov-2025 14:31:43.849 INFO [main] org.apache.catalina.startup.VersionLoggerListener.log Производитель JVM:     Amazon.com Inc.
13-Nov-2025 14:31:43.849 INFO [main] org.apache.catalina.startup.VersionLoggerListener.log CATALINA_BASE:         /Users/plushavey/Desktop/TP_Projects/WebServletV2/tomcat
13-Nov-2025 14:31:43.849 INFO [main] org.apache.catalina.startup.VersionLoggerListener.log CATALINA_HOME:         /Users/plushavey/Desktop/TP_Projects/WebServletV2/tomcat
13-Nov-2025 14:31:43.856 INFO [main] org.apache.catalina.startup.VersionLoggerListener.log Command line argument: --add-opens=java.base/java.lang=ALL-UNNAMED
13-Nov-2025 14:31:43.856 INFO [main] org.apache.catalina.startup.VersionLoggerListener.log Command line argument: --add-opens=java.base/java.lang.invoke=ALL-UNNAMED
13-Nov-2025 14:31:43.856 INFO [main] org.apache.catalina.startup.VersionLoggerListener.log Command line argument: --add-opens=java.base/java.lang.reflect=ALL-UNNAMED
13-Nov-2025 14:31:43.856 INFO [main] org.apache.catalina.startup.VersionLoggerListener.log Command line argument: --add-opens=java.base/java.io=ALL-UNNAMED
13-Nov-2025 14:31:43.856 INFO [main] org.apache.catalina.startup.VersionLoggerListener.log Command line argument: --add-opens=java.base/java.util=ALL-UNNAMED
13-Nov-2025 14:31:43.856 INFO [main] org.apache.catalina.startup.VersionLoggerListener.log Command line argument: --add-opens=java.base/java.util.concurrent=ALL-UNNAMED
13-Nov-2025 14:31:43.856 INFO [main] org.apache.catalina.startup.VersionLoggerListener.log Command line argument: --add-opens=java.rmi/sun.rmi.transport=ALL-UNNAMED
13-Nov-2025 14:31:43.856 INFO [main] org.apache.catalina.startup.VersionLoggerListener.log Command line argument: -Djava.util.logging.config.file=/Users/plushavey/Desktop/TP_Projects/WebServletV2/tomcat/conf/logging.properties
13-Nov-2025 14:31:43.856 INFO [main] org.apache.catalina.startup.VersionLoggerListener.log Command line argument: -Djava.util.logging.manager=org.apache.juli.ClassLoaderLogManager
13-Nov-2025 14:31:43.856 INFO [main] org.apache.catalina.startup.VersionLoggerListener.log Command line argument: -Djdk.tls.ephemeralDHKeySize=2048
13-Nov-2025 14:31:43.856 INFO [main] org.apache.catalina.startup.VersionLoggerListener.log Command line argument: -Djava.protocol.handler.pkgs=org.apache.catalina.webresources
13-Nov-2025 14:31:43.856 INFO [main] org.apache.catalina.startup.VersionLoggerListener.log Command line argument: -Dsun.io.useCanonCaches=false
13-Nov-2025 14:31:43.856 INFO [main] org.apache.catalina.startup.VersionLoggerListener.log Command line argument: -Dorg.apache.catalina.security.SecurityListener.UMASK=0027
13-Nov-2025 14:31:43.856 INFO [main] org.apache.catalina.startup.VersionLoggerListener.log Command line argument: -Dignore.endorsed.dirs=
13-Nov-2025 14:31:43.856 INFO [main] org.apache.catalina.startup.VersionLoggerListener.log Command line argument: -Dcatalina.base=/Users/plushavey/Desktop/TP_Projects/WebServletV2/tomcat
13-Nov-2025 14:31:43.856 INFO [main] org.apache.catalina.startup.VersionLoggerListener.log Command line argument: -Dcatalina.home=/Users/plushavey/Desktop/TP_Projects/WebServletV2/tomcat
13-Nov-2025 14:31:43.857 INFO [main] org.apache.catalina.startup.VersionLoggerListener.log Command line argument: -Djava.io.tmpdir=/Users/plushavey/Desktop/TP_Projects/WebServletV2/tomcat/temp
13-Nov-2025 14:31:43.862 INFO [main] org.apache.catalina.core.AprLifecycleListener.lifecycleEvent The Apache Tomcat Native library which allows using OpenSSL was not found on the java.library.path: [/Users/plushavey/Library/Java/Extensions:/Library/Java/Extensions:/Network/Library/Java/Extensions:/System/Library/Java/Extensions:/usr/lib/java:.]
13-Nov-2025 14:31:44.022 INFO [main] org.apache.coyote.AbstractProtocol.init Инициализация ProtocolHandler ["http-nio-8080"]
13-Nov-2025 14:31:44.036 INFO [main] org.apache.catalina.startup.Catalina.load Server initialization in [290] milliseconds
13-Nov-2025 14:31:44.054 INFO [main] org.apache.catalina.core.StandardService.startInternal Starting service [Catalina]
13-Nov-2025 14:31:44.054 INFO [main] org.apache.catalina.core.StandardEngine.startInternal Starting Servlet engine: [Apache Tomcat/9.0.112]
13-Nov-2025 14:31:44.061 INFO [main] org.apache.catalina.startup.HostConfig.deployWAR Deploying web application archive [/Users/plushavey/Desktop/TP_Projects/WebServletV2/tomcat/webapps/WebServletV2.war]
13-Nov-2025 14:31:44.068 INFO [main] org.apache.catalina.startup.ExpandWar.expand An expanded directory [/Users/plushavey/Desktop/TP_Projects/WebServletV2/tomcat/webapps/WebServletV2] was found with a last modified time that did not match the associated WAR. It will be deleted.
13-Nov-2025 14:31:44.229 INFO [main] org.apache.catalina.startup.HostConfig.deployWAR Deployment of web application archive [/Users/plushavey/Desktop/TP_Projects/WebServletV2/tomcat/webapps/WebServletV2.war] has finished in [167] ms
13-Nov-2025 14:31:44.229 INFO [main] org.apache.catalina.startup.HostConfig.deployDirectory Установка веб приложения в папку [/Users/plushavey/Desktop/TP_Projects/WebServletV2/tomcat/webapps/docs]
13-Nov-2025 14:31:44.241 INFO [main] org.apache.catalina.startup.HostConfig.deployDirectory Deployment of web application directory [/Users/plushavey/Desktop/TP_Projects/WebServletV2/tomcat/webapps/docs] has finished in [12] ms
13-Nov-2025 14:31:44.241 INFO [main] org.apache.catalina.startup.HostConfig.deployDirectory Установка веб приложения в папку [/Users/plushavey/Desktop/TP_Projects/WebServletV2/tomcat/webapps/manager]
13-Nov-2025 14:31:44.257 INFO [main] org.apache.catalina.startup.HostConfig.deployDirectory Deployment of web application directory [/Users/plushavey/Desktop/TP_Projects/WebServletV2/tomcat/webapps/manager] has finished in [16] ms
13-Nov-2025 14:31:44.257 INFO [main] org.apache.catalina.startup.HostConfig.deployDirectory Установка веб приложения в папку [/Users/plushavey/Desktop/TP_Projects/WebServletV2/tomcat/webapps/examples]
13-Nov-2025 14:31:44.355 INFO [main] org.apache.catalina.startup.HostConfig.deployDirectory Deployment of web application directory [/Users/plushavey/Desktop/TP_Projects/WebServletV2/tomcat/webapps/examples] has finished in [98] ms
13-Nov-2025 14:31:44.355 INFO [main] org.apache.catalina.startup.HostConfig.deployDirectory Установка веб приложения в папку [/Users/plushavey/Desktop/TP_Projects/WebServletV2/tomcat/webapps/ROOT]
13-Nov-2025 14:31:44.362 INFO [main] org.apache.catalina.startup.HostConfig.deployDirectory Deployment of web application directory [/Users/plushavey/Desktop/TP_Projects/WebServletV2/tomcat/webapps/ROOT] has finished in [7] ms
13-Nov-2025 14:31:44.362 INFO [main] org.apache.catalina.startup.HostConfig.deployDirectory Установка веб приложения в папку [/Users/plushavey/Desktop/TP_Projects/WebServletV2/tomcat/webapps/host-manager]
13-Nov-2025 14:31:44.371 INFO [main] org.apache.catalina.startup.HostConfig.deployDirectory Deployment of web application directory [/Users/plushavey/Desktop/TP_Projects/WebServletV2/tomcat/webapps/host-manager] has finished in [9] ms
13-Nov-2025 14:31:44.373 INFO [main] org.apache.coyote.AbstractProtocol.start Starting ProtocolHandler ["http-nio-8080"]
13-Nov-2025 14:31:44.377 INFO [main] org.apache.catalina.startup.Catalina.start Server startup in [340] milliseconds
13-Nov-2025 15:21:07.430 INFO [main] org.apache.catalina.core.StandardServer.await A valid shutdown command was received via the shutdown port. Stopping the Server instance.
13-Nov-2025 15:21:07.431 INFO [main] org.apache.coyote.AbstractProtocol.pause Pausing ProtocolHandler ["http-nio-8080"]
13-Nov-2025 15:21:07.434 INFO [main] org.apache.catalina.core.StandardService.stopInternal Stopping service [Catalina]
13-Nov-2025 15:21:07.450 INFO [main] org.apache.coyote.AbstractProtocol.stop Stopping ProtocolHandler ["http-nio-8080"]
13-Nov-2025 15:21:07.459 INFO [main] org.apache.coyote.AbstractProtocol.destroy Destroying ProtocolHandler ["http-nio-8080"]
13-Nov-2025 15:21:17.678 INFO [main] org.apache.catalina.startup.VersionLoggerListener.log Имя версии сервера:    Apache Tomcat/9.0.112
13-Nov-2025 15:21:17.679 INFO [main] org.apache.catalina.startup.VersionLoggerListener.log Сервер собран:         Nov 6 2025 07:46:18 UTC
13-Nov-2025 15:21:17.680 INFO [main] org.apache.catalina.startup.VersionLoggerListener.log Номер версии сервера:  9.0.112.0
13-Nov-2025 15:21:17.680 INFO [main] org.apache.catalina.startup.VersionLoggerListener.log OS Name:               Mac OS X
13-Nov-2025 15:21:17.680 INFO [main] org.apache.catalina.startup.VersionLoggerListener.log Версия ОС:             15.6.1
13-Nov-2025 15:21:17.680 INFO [main] org.apache.catalina.startup.VersionLoggerListener.log Архитектура:           aarch64
13-Nov-2025 15:21:17.680 INFO [main] org.apache.catalina.startup.VersionLoggerListener.log Java Home:             /Users/plushavey/Library/Java/JavaVirtualMachines/corretto-23.0.2/Contents/Home
13-Nov-2025 15:21:17.680 INFO [main] org.apache.catalina.startup.VersionLoggerListener.log Версия JVM:            23.0.2+7-FR
13-Nov-2025 15:21:17.680 INFO [main] org.apache.catalina.startup.VersionLoggerListener.log Производитель JVM:     Amazon.com Inc.
13-Nov-2025 15:21:17.680 INFO [main] org.apache.catalina.startup.VersionLoggerListener.log CATALINA_BASE:         /Users/plushavey/Desktop/TP_Projects/WebServletV2/tomcat
13-Nov-2025 15:21:17.680 INFO [main] org.apache.catalina.startup.VersionLoggerListener.log CATALINA_HOME:         /Users/plushavey/Desktop/TP_Projects/WebServletV2/tomcat
13-Nov-2025 15:21:17.687 INFO [main] org.apache.catalina.startup.VersionLoggerListener.log Command line argument: --add-opens=java.base/java.lang=ALL-UNNAMED
13-Nov-2025 15:21:17.687 INFO [main] org.apache.catalina.startup.VersionLoggerListener.log Command line argument: --add-opens=java.base/java.lang.invoke=ALL-UNNAMED
13-Nov-2025 15:21:17.687 INFO [main] org.apache.catalina.startup.VersionLoggerListener.log Command line argument: --add-opens=java.base/java.lang.reflect=ALL-UNNAMED
13-Nov-2025 15:21:17.687 INFO [main] org.apache.catalina.startup.VersionLoggerListener.log Command line argument: --add-opens=java.base/java.io=ALL-UNNAMED
13-Nov-2025 15:21:17.687 INFO [main] org.apache.catalina.startup.VersionLoggerListener.log Command line argument: --add-opens=java.base/java.util=ALL-UNNAMED
13-Nov-2025 15:21:17.687 INFO [main] org.apache.catalina.startup.VersionLoggerListener.log Command line argument: --add-opens=java.base/java.util.concurrent=ALL-UNNAMED
13-Nov-2025 15:21:17.687 INFO [main] org.apache.catalina.startup.VersionLoggerListener.log Command line argument: --add-opens=java.rmi/sun.rmi.transport=ALL-UNNAMED
13-Nov-2025 15:21:17.687 INFO [main] org.apache.catalina.startup.VersionLoggerListener.log Command line argument: -Djava.util.logging.config.file=/Users/plushavey/Desktop/TP_Projects/WebServletV2/tomcat/conf/logging.properties
13-Nov-2025 15:21:17.687 INFO [main] org.apache.catalina.startup.VersionLoggerListener.log Command line argument: -Djava.util.logging.manager=org.apache.juli.ClassLoaderLogManager
13-Nov-2025 15:21:17.687 INFO [main] org.apache.catalina.startup.VersionLoggerListener.log Command line argument: -Djdk.tls.ephemeralDHKeySize=2048
13-Nov-2025 15:21:17.687 INFO [main] org.apache.catalina.startup.VersionLoggerListener.log Command line argument: -Djava.protocol.handler.pkgs=org.apache.catalina.webresources
13-Nov-2025 15:21:17.687 INFO [main] org.apache.catalina.startup.VersionLoggerListener.log Command line argument: -Dsun.io.useCanonCaches=false
13-Nov-2025 15:21:17.687 INFO [main] org.apache.catalina.startup.VersionLoggerListener.log Command line argument: -Dorg.apache.catalina.security.SecurityListener.UMASK=0027
13-Nov-2025 15:21:17.688 INFO [main] org.apache.catalina.startup.VersionLoggerListener.log Command line argument: -Dignore.endorsed.dirs=
13-Nov-2025 15:21:17.688 INFO [main] org.apache.catalina.startup.VersionLoggerListener.log Command line argument: -Dcatalina.base=/Users/plushavey/Desktop/TP_Projects/WebServletV2/tomcat
13-Nov-2025 15:21:17.688 INFO [main] org.apache.catalina.startup.VersionLoggerListener.log Command line argument: -Dcatalina.home=/Users/plushavey/Desktop/TP_Projects/WebServletV2/tomcat
13-Nov-2025 15:21:17.688 INFO [main] org.apache.catalina.startup.VersionLoggerListener.log Command line argument: -Djava.io.tmpdir=/Users/plushavey/Desktop/TP_Projects/WebServletV2/tomcat/temp
13-Nov-2025 15:21:17.693 INFO [main] org.apache.catalina.core.AprLifecycleListener.lifecycleEvent The Apache Tomcat Native library which allows using OpenSSL was not found on the java.library.path: [/Users/plushavey/Library/Java/Extensions:/Library/Java/Extensions:/Network/Library/Java/Extensions:/System/Library/Java/Extensions:/usr/lib/java:.]
13-Nov-2025 15:21:17.851 INFO [main] org.apache.coyote.AbstractProtocol.init Инициализация ProtocolHandler ["http-nio-8080"]
13-Nov-2025 15:21:17.864 INFO [main] org.apache.catalina.startup.Catalina.load Server initialization in [276] milliseconds
13-Nov-2025 15:21:17.882 INFO [main] org.apache.catalina.core.StandardService.startInternal Starting service [Catalina]
13-Nov-2025 15:21:17.882 INFO [main] org.apache.catalina.core.StandardEngine.startInternal Starting Servlet engine: [Apache Tomcat/9.0.112]
13-Nov-2025 15:21:17.888 INFO [main] org.apache.catalina.startup.HostConfig.deployWAR Deploying web application archive [/Users/plushavey/Desktop/TP_Projects/WebServletV2/tomcat/webapps/WebServletV2.war]
13-Nov-2025 15:21:17.895 INFO [main] org.apache.catalina.startup.ExpandWar.expand An expanded directory [/Users/plushavey/Desktop/TP_Projects/WebServletV2/tomcat/webapps/WebServletV2] was found with a last modified time that did not match the associated WAR. It will be deleted.
13-Nov-2025 15:21:18.036 INFO [main] org.apache.catalina.startup.HostConfig.deployWAR Deployment of web application archive [/Users/plushavey/Desktop/TP_Projects/WebServletV2/tomcat/webapps/WebServletV2.war] has finished in [147] ms
13-Nov-2025 15:21:18.037 INFO [main] org.apache.catalina.startup.HostConfig.deployDirectory Установка веб приложения в папку [/Users/plushavey/Desktop/TP_Projects/WebServletV2/tomcat/webapps/docs]
13-Nov-2025 15:21:18.049 INFO [main] org.apache.catalina.startup.HostConfig.deployDirectory Deployment of web application directory [/Users/plushavey/Desktop/TP_Projects/WebServletV2/tomcat/webapps/docs] has finished in [12] ms
13-Nov-2025 15:21:18.049 INFO [main] org.apache.catalina.startup.HostConfig.deployDirectory Установка веб приложения в папку [/Users/plushavey/Desktop/TP_Projects/WebServletV2/tomcat/webapps/manager]
13-Nov-2025 15:21:18.065 INFO [main] org.apache.catalina.startup.HostConfig.deployDirectory Deployment of web application directory [/Users/plushavey/Desktop/TP_Projects/WebServletV2/tomcat/webapps/manager] has finished in [16] ms
13-Nov-2025 15:21:18.065 INFO [main] org.apache.catalina.startup.HostConfig.deployDirectory Установка веб приложения в папку [/Users/plushavey/Desktop/TP_Projects/WebServletV2/tomcat/webapps/examples]
13-Nov-2025 15:21:18.166 INFO [main] org.apache.catalina.startup.HostConfig.deployDirectory Deployment of web application directory [/Users/plushavey/Desktop/TP_Projects/WebServletV2/tomcat/webapps/examples] has finished in [101] ms
13-Nov-2025 15:21:18.166 INFO [main] org.apache.catalina.startup.HostConfig.deployDirectory Установка веб приложения в папку [/Users/plushavey/Desktop/TP_Projects/WebServletV2/tomcat/webapps/ROOT]
13-Nov-2025 15:21:18.173 INFO [main] org.apache.catalina.startup.HostConfig.deployDirectory Deployment of web application directory [/Users/plushavey/Desktop/TP_Projects/WebServletV2/tomcat/webapps/ROOT] has finished in [7] ms
13-Nov-2025 15:21:18.173 INFO [main] org.apache.catalina.startup.HostConfig.deployDirectory Установка веб приложения в папку [/Users/plushavey/Desktop/TP_Projects/WebServletV2/tomcat/webapps/host-manager]
13-Nov-2025 15:21:18.182 INFO [main] org.apache.catalina.startup.HostConfig.deployDirectory Deployment of web application directory [/Users/plushavey/Desktop/TP_Projects/WebServletV2/tomcat/webapps/host-manager] has finished in [9] ms
13-Nov-2025 15:21:18.184 INFO [main] org.apache.coyote.AbstractProtocol.start Starting ProtocolHandler ["http-nio-8080"]
13-Nov-2025 15:21:18.188 INFO [main] org.apache.catalina.startup.Catalina.start Server startup in [323] milliseconds
13-Nov-2025 15:22:04.511 INFO [main] org.apache.catalina.core.StandardServer.await A valid shutdown command was received via the shutdown port. Stopping the Server instance.
13-Nov-2025 15:22:04.512 INFO [main] org.apache.coyote.AbstractProtocol.pause Pausing ProtocolHandler ["http-nio-8080"]
13-Nov-2025 15:22:04.514 INFO [main] org.apache.catalina.core.StandardService.stopInternal Stopping service [Catalina]
13-Nov-2025 15:22:04.526 INFO [main] org.apache.coyote.AbstractProtocol.stop Stopping ProtocolHandler ["http-nio-8080"]
13-Nov-2025 15:22:04.539 INFO [main] org.apache.coyote.AbstractProtocol.destroy Destroying ProtocolHandler ["http-nio-8080"]
13-Nov-2025 15:22:10.903 INFO [main] org.apache.catalina.startup.VersionLoggerListener.log Имя версии сервера:    Apache Tomcat/9.0.112
13-Nov-2025 15:22:10.905 INFO [main] org.apache.catalina.startup.VersionLoggerListener.log Сервер собран:         Nov 6 2025 07:46:18 UTC
13-Nov-2025 15:22:10.905 INFO [main] org.apache.catalina.startup.VersionLoggerListener.log Номер версии сервера:  9.0.112.0
13-Nov-2025 15:22:10.905 INFO [main] org.apache.catalina.startup.VersionLoggerListener.log OS Name:               Mac OS X
13-Nov-2025 15:22:10.905 INFO [main] org.apache.catalina.startup.VersionLoggerListener.log Версия ОС:             15.6.1
13-Nov-2025 15:22:10.905 INFO [main] org.apache.catalina.startup.VersionLoggerListener.log Архитектура:           aarch64
13-Nov-2025 15:22:10.905 INFO [main] org.apache.catalina.startup.VersionLoggerListener.log Java Home:             /Users/plushavey/Library/Java/JavaVirtualMachines/corretto-23.0.2/Contents/Home
13-Nov-2025 15:22:10.905 INFO [main] org.apache.catalina.startup.VersionLoggerListener.log Версия JVM:            23.0.2+7-FR
13-Nov-2025 15:22:10.906 INFO [main] org.apache.catalina.startup.VersionLoggerListener.log Производитель JVM:     Amazon.com Inc.
13-Nov-2025 15:22:10.906 INFO [main] org.apache.catalina.startup.VersionLoggerListener.log CATALINA_BASE:         /Users/plushavey/Desktop/TP_Projects/WebServletV2/tomcat
13-Nov-2025 15:22:10.906 INFO [main] org.apache.catalina.startup.VersionLoggerListener.log CATALINA_HOME:         /Users/plushavey/Desktop/TP_Projects/WebServletV2/tomcat
13-Nov-2025 15:22:10.910 INFO [main] org.apache.catalina.startup.VersionLoggerListener.log Command line argument: --add-opens=java.base/java.lang=ALL-UNNAMED
13-Nov-2025 15:22:10.910 INFO [main] org.apache.catalina.startup.VersionLoggerListener.log Command line argument: --add-opens=java.base/java.lang.invoke=ALL-UNNAMED
13-Nov-2025 15:22:10.910 INFO [main] org.apache.catalina.startup.VersionLoggerListener.log Command line argument: --add-opens=java.base/java.lang.reflect=ALL-UNNAMED
13-Nov-2025 15:22:10.910 INFO [main] org.apache.catalina.startup.VersionLoggerListener.log Command line argument: --add-opens=java.base/java.io=ALL-UNNAMED
13-Nov-2025 15:22:10.910 INFO [main] org.apache.catalina.startup.VersionLoggerListener.log Command line argument: --add-opens=java.base/java.util=ALL-UNNAMED
13-Nov-2025 15:22:10.910 INFO [main] org.apache.catalina.startup.VersionLoggerListener.log Command line argument: --add-opens=java.base/java.util.concurrent=ALL-UNNAMED
13-Nov-2025 15:22:10.910 INFO [main] org.apache.catalina.startup.VersionLoggerListener.log Command line argument: --add-opens=java.rmi/sun.rmi.transport=ALL-UNNAMED
13-Nov-2025 15:22:10.910 INFO [main] org.apache.catalina.startup.VersionLoggerListener.log Command line argument: -Djava.util.logging.config.file=/Users/plushavey/Desktop/TP_Projects/WebServletV2/tomcat/conf/logging.properties
13-Nov-2025 15:22:10.910 INFO [main] org.apache.catalina.startup.VersionLoggerListener.log Command line argument: -Djava.util.logging.manager=org.apache.juli.ClassLoaderLogManager
13-Nov-2025 15:22:10.910 INFO [main] org.apache.catalina.startup.VersionLoggerListener.log Command line argument: -Djdk.tls.ephemeralDHKeySize=2048
13-Nov-2025 15:22:10.910 INFO [main] org.apache.catalina.startup.VersionLoggerListener.log Command line argument: -Djava.protocol.handler.pkgs=org.apache.catalina.webresources
13-Nov-2025 15:22:10.910 INFO [main] org.apache.catalina.startup.VersionLoggerListener.log Command line argument: -Dsun.io.useCanonCaches=false
13-Nov-2025 15:22:10.910 INFO [main] org.apache.catalina.startup.VersionLoggerListener.log Command line argument: -Dorg.apache.catalina.security.SecurityListener.UMASK=0027
13-Nov-2025 15:22:10.910 INFO [main] org.apache.catalina.startup.VersionLoggerListener.log Command line argument: -Dignore.endorsed.dirs=
13-Nov-2025 15:22:10.911 INFO [main] org.apache.catalina.startup.VersionLoggerListener.log Command line argument: -Dcatalina.base=/Users/plushavey/Desktop/TP_Projects/WebServletV2/tomcat
13-Nov-2025 15:22:10.911 INFO [main] org.apache.catalina.startup.VersionLoggerListener.log Command line argument: -Dcatalina.home=/Users/plushavey/Desktop/TP_Projects/WebServletV2/tomcat
13-Nov-2025 15:22:10.911 INFO [main] org.apache.catalina.startup.VersionLoggerListener.log Command line argument: -Djava.io.tmpdir=/Users/plushavey/Desktop/TP_Projects/WebServletV2/tomcat/temp
13-Nov-2025 15:22:10.916 INFO [main] org.apache.catalina.core.AprLifecycleListener.lifecycleEvent The Apache Tomcat Native library which allows using OpenSSL was not found on the java.library.path: [/Users/plushavey/Library/Java/Extensions:/Library/Java/Extensions:/Network/Library/Java/Extensions:/System/Library/Java/Extensions:/usr/lib/java:.]
13-Nov-2025 15:22:11.068 INFO [main] org.apache.coyote.AbstractProtocol.init Инициализация ProtocolHandler ["http-nio-8080"]
13-Nov-2025 15:22:11.079 INFO [main] org.apache.catalina.startup.Catalina.load Server initialization in [262] milliseconds
13-Nov-2025 15:22:11.094 INFO [main] org.apache.catalina.core.StandardService.startInternal Starting service [Catalina]
13-Nov-2025 15:22:11.094 INFO [main] org.apache.catalina.core.StandardEngine.startInternal Starting Servlet engine: [Apache Tomcat/9.0.112]
13-Nov-2025 15:22:11.100 INFO [main] org.apache.catalina.startup.HostConfig.deployWAR Deploying web application archive [/Users/plushavey/Desktop/TP_Projects/WebServletV2/tomcat/webapps/WebServletV2.war]
13-Nov-2025 15:22:11.240 INFO [main] org.apache.catalina.startup.HostConfig.deployWAR Deployment of web application archive [/Users/plushavey/Desktop/TP_Projects/WebServletV2/tomcat/webapps/WebServletV2.war] has finished in [139] ms
13-Nov-2025 15:22:11.241 INFO [main] org.apache.catalina.startup.HostConfig.deployDirectory Установка веб приложения в папку [/Users/plushavey/Desktop/TP_Projects/WebServletV2/tomcat/webapps/docs]
13-Nov-2025 15:22:11.252 INFO [main] org.apache.catalina.startup.HostConfig.deployDirectory Deployment of web application directory [/Users/plushavey/Desktop/TP_Projects/WebServletV2/tomcat/webapps/docs] has finished in [11] ms
13-Nov-2025 15:22:11.253 INFO [main] org.apache.catalina.startup.HostConfig.deployDirectory Установка веб приложения в папку [/Users/plushavey/Desktop/TP_Projects/WebServletV2/tomcat/webapps/manager]
13-Nov-2025 15:22:11.268 INFO [main] org.apache.catalina.startup.HostConfig.deployDirectory Deployment of web application directory [/Users/plushavey/Desktop/TP_Projects/WebServletV2/tomcat/webapps/manager] has finished in [15] ms
13-Nov-2025 15:22:11.268 INFO [main] org.apache.catalina.startup.HostConfig.deployDirectory Установка веб приложения в папку [/Users/plushavey/Desktop/TP_Projects/WebServletV2/tomcat/webapps/examples]
13-Nov-2025 15:22:11.366 INFO [main] org.apache.catalina.startup.HostConfig.deployDirectory Deployment of web application directory [/Users/plushavey/Desktop/TP_Projects/WebServletV2/tomcat/webapps/examples] has finished in [98] ms
13-Nov-2025 15:22:11.366 INFO [main] org.apache.catalina.startup.HostConfig.deployDirectory Установка веб приложения в папку [/Users/plushavey/Desktop/TP_Projects/WebServletV2/tomcat/webapps/ROOT]
13-Nov-2025 15:22:11.373 INFO [main] org.apache.catalina.startup.HostConfig.deployDirectory Deployment of web application directory [/Users/plushavey/Desktop/TP_Projects/WebServletV2/tomcat/webapps/ROOT] has finished in [7] ms
13-Nov-2025 15:22:11.373 INFO [main] org.apache.catalina.startup.HostConfig.deployDirectory Установка веб приложения в папку [/Users/plushavey/Desktop/TP_Projects/WebServletV2/tomcat/webapps/host-manager]
13-Nov-2025 15:22:11.382 INFO [main] org.apache.catalina.startup.HostConfig.deployDirectory Deployment of web application directory [/Users/plushavey/Desktop/TP_Projects/WebServletV2/tomcat/webapps/host-manager] has finished in [9] ms
13-Nov-2025 15:22:11.384 INFO [main] org.apache.coyote.AbstractProtocol.start Starting ProtocolHandler ["http-nio-8080"]
13-Nov-2025 15:22:11.387 INFO [main] org.apache.catalina.startup.Catalina.start Server startup in [307] milliseconds
13-Nov-2025 15:52:09.952 INFO [main] org.apache.catalina.core.StandardServer.await A valid shutdown command was received via the shutdown port. Stopping the Server instance.
13-Nov-2025 15:52:09.953 INFO [main] org.apache.coyote.AbstractProtocol.pause Pausing ProtocolHandler ["http-nio-8080"]
13-Nov-2025 15:52:09.959 INFO [main] org.apache.catalina.core.StandardService.stopInternal Stopping service [Catalina]
13-Nov-2025 15:52:09.979 INFO [main] org.apache.coyote.AbstractProtocol.stop Stopping ProtocolHandler ["http-nio-8080"]
13-Nov-2025 15:52:09.984 INFO [main] org.apache.coyote.AbstractProtocol.destroy Destroying ProtocolHandler ["http-nio-8080"]
13-Nov-2025 15:52:25.862 INFO [main] org.apache.catalina.startup.VersionLoggerListener.log Имя версии сервера:    Apache Tomcat/9.0.112
13-Nov-2025 15:52:25.864 INFO [main] org.apache.catalina.startup.VersionLoggerListener.log Сервер собран:         Nov 6 2025 07:46:18 UTC
13-Nov-2025 15:52:25.864 INFO [main] org.apache.catalina.startup.VersionLoggerListener.log Номер версии сервера:  9.0.112.0
13-Nov-2025 15:52:25.864 INFO [main] org.apache.catalina.startup.VersionLoggerListener.log OS Name:               Mac OS X
13-Nov-2025 15:52:25.864 INFO [main] org.apache.catalina.startup.VersionLoggerListener.log Версия ОС:             15.6.1
13-Nov-2025 15:52:25.865 INFO [main] org.apache.catalina.startup.VersionLoggerListener.log Архитектура:           aarch64
13-Nov-2025 15:52:25.865 INFO [main] org.apache.catalina.startup.VersionLoggerListener.log Java Home:             /Users/plushavey/Library/Java/JavaVirtualMachines/corretto-23.0.2/Contents/Home
13-Nov-2025 15:52:25.865 INFO [main] org.apache.catalina.startup.VersionLoggerListener.log Версия JVM:            23.0.2+7-FR
13-Nov-2025 15:52:25.865 INFO [main] org.apache.catalina.startup.VersionLoggerListener.log Производитель JVM:     Amazon.com Inc.
13-Nov-2025 15:52:25.865 INFO [main] org.apache.catalina.startup.VersionLoggerListener.log CATALINA_BASE:         /Users/plushavey/Desktop/TP_Projects/WebServletV2/tomcat
13-Nov-2025 15:52:25.865 INFO [main] org.apache.catalina.startup.VersionLoggerListener.log CATALINA_HOME:         /Users/plushavey/Desktop/TP_Projects/WebServletV2/tomcat
13-Nov-2025 15:52:25.872 INFO [main] org.apache.catalina.startup.VersionLoggerListener.log Command line argument: --add-opens=java.base/java.lang=ALL-UNNAMED
13-Nov-2025 15:52:25.872 INFO [main] org.apache.catalina.startup.VersionLoggerListener.log Command line argument: --add-opens=java.base/java.lang.invoke=ALL-UNNAMED
13-Nov-2025 15:52:25.872 INFO [main] org.apache.catalina.startup.VersionLoggerListener.log Command line argument: --add-opens=java.base/java.lang.reflect=ALL-UNNAMED
13-Nov-2025 15:52:25.872 INFO [main] org.apache.catalina.startup.VersionLoggerListener.log Command line argument: --add-opens=java.base/java.io=ALL-UNNAMED
13-Nov-2025 15:52:25.872 INFO [main] org.apache.catalina.startup.VersionLoggerListener.log Command line argument: --add-opens=java.base/java.util=ALL-UNNAMED
13-Nov-2025 15:52:25.872 INFO [main] org.apache.catalina.startup.VersionLoggerListener.log Command line argument: --add-opens=java.base/java.util.concurrent=ALL-UNNAMED
13-Nov-2025 15:52:25.872 INFO [main] org.apache.catalina.startup.VersionLoggerListener.log Command line argument: --add-opens=java.rmi/sun.rmi.transport=ALL-UNNAMED
13-Nov-2025 15:52:25.872 INFO [main] org.apache.catalina.startup.VersionLoggerListener.log Command line argument: -Djava.util.logging.config.file=/Users/plushavey/Desktop/TP_Projects/WebServletV2/tomcat/conf/logging.properties
13-Nov-2025 15:52:25.872 INFO [main] org.apache.catalina.startup.VersionLoggerListener.log Command line argument: -Djava.util.logging.manager=org.apache.juli.ClassLoaderLogManager
13-Nov-2025 15:52:25.872 INFO [main] org.apache.catalina.startup.VersionLoggerListener.log Command line argument: -Djdk.tls.ephemeralDHKeySize=2048
13-Nov-2025 15:52:25.872 INFO [main] org.apache.catalina.startup.VersionLoggerListener.log Command line argument: -Djava.protocol.handler.pkgs=org.apache.catalina.webresources
13-Nov-2025 15:52:25.872 INFO [main] org.apache.catalina.startup.VersionLoggerListener.log Command line argument: -Dsun.io.useCanonCaches=false
13-Nov-2025 15:52:25.872 INFO [main] org.apache.catalina.startup.VersionLoggerListener.log Command line argument: -Dorg.apache.catalina.security.SecurityListener.UMASK=0027
13-Nov-2025 15:52:25.872 INFO [main] org.apache.catalina.startup.VersionLoggerListener.log Command line argument: -Dignore.endorsed.dirs=
13-Nov-2025 15:52:25.872 INFO [main] org.apache.catalina.startup.VersionLoggerListener.log Command line argument: -Dcatalina.base=/Users/plushavey/Desktop/TP_Projects/WebServletV2/tomcat
13-Nov-2025 15:52:25.872 INFO [main] org.apache.catalina.startup.VersionLoggerListener.log Command line argument: -Dcatalina.home=/Users/plushavey/Desktop/TP_Projects/WebServletV2/tomcat
13-Nov-2025 15:52:25.872 INFO [main] org.apache.catalina.startup.VersionLoggerListener.log Command line argument: -Djava.io.tmpdir=/Users/plushavey/Desktop/TP_Projects/WebServletV2/tomcat/temp
13-Nov-2025 15:52:25.880 INFO [main] org.apache.catalina.core.AprLifecycleListener.lifecycleEvent The Apache Tomcat Native library which allows using OpenSSL was not found on the java.library.path: [/Users/plushavey/Library/Java/Extensions:/Library/Java/Extensions:/Network/Library/Java/Extensions:/System/Library/Java/Extensions:/usr/lib/java:.]
13-Nov-2025 15:52:26.039 INFO [main] org.apache.coyote.AbstractProtocol.init Инициализация ProtocolHandler ["http-nio-8080"]
13-Nov-2025 15:52:26.052 INFO [main] org.apache.catalina.startup.Catalina.load Server initialization in [280] milliseconds
13-Nov-2025 15:52:26.070 INFO [main] org.apache.catalina.core.StandardService.startInternal Starting service [Catalina]
13-Nov-2025 15:52:26.070 INFO [main] org.apache.catalina.core.StandardEngine.startInternal Starting Servlet engine: [Apache Tomcat/9.0.112]
13-Nov-2025 15:52:26.076 INFO [main] org.apache.catalina.startup.HostConfig.deployWAR Deploying web application archive [/Users/plushavey/Desktop/TP_Projects/WebServletV2/tomcat/webapps/WebServletV2.war]
13-Nov-2025 15:52:26.083 INFO [main] org.apache.catalina.startup.ExpandWar.expand An expanded directory [/Users/plushavey/Desktop/TP_Projects/WebServletV2/tomcat/webapps/WebServletV2] was found with a last modified time that did not match the associated WAR. It will be deleted.
13-Nov-2025 15:52:26.235 INFO [main] org.apache.catalina.startup.HostConfig.deployWAR Deployment of web application archive [/Users/plushavey/Desktop/TP_Projects/WebServletV2/tomcat/webapps/WebServletV2.war] has finished in [157] ms
13-Nov-2025 15:52:26.235 INFO [main] org.apache.catalina.startup.HostConfig.deployDirectory Установка веб приложения в папку [/Users/plushavey/Desktop/TP_Projects/WebServletV2/tomcat/webapps/docs]
13-Nov-2025 15:52:26.247 INFO [main] org.apache.catalina.startup.HostConfig.deployDirectory Deployment of web application directory [/Users/plushavey/Desktop/TP_Projects/WebServletV2/tomcat/webapps/docs] has finished in [12] ms
13-Nov-2025 15:52:26.247 INFO [main] org.apache.catalina.startup.HostConfig.deployDirectory Установка веб приложения в папку [/Users/plushavey/Desktop/TP_Projects/WebServletV2/tomcat/webapps/manager]
13-Nov-2025 15:52:26.263 INFO [main] org.apache.catalina.startup.HostConfig.deployDirectory Deployment of web application directory [/Users/plushavey/Desktop/TP_Projects/WebServletV2/tomcat/webapps/manager] has finished in [16] ms
13-Nov-2025 15:52:26.263 INFO [main] org.apache.catalina.startup.HostConfig.deployDirectory Установка веб приложения в папку [/Users/plushavey/Desktop/TP_Projects/WebServletV2/tomcat/webapps/examples]
13-Nov-2025 15:52:26.360 INFO [main] org.apache.catalina.startup.HostConfig.deployDirectory Deployment of web application directory [/Users/plushavey/Desktop/TP_Projects/WebServletV2/tomcat/webapps/examples] has finished in [97] ms
13-Nov-2025 15:52:26.360 INFO [main] org.apache.catalina.startup.HostConfig.deployDirectory Установка веб приложения в папку [/Users/plushavey/Desktop/TP_Projects/WebServletV2/tomcat/webapps/ROOT]
13-Nov-2025 15:52:26.367 INFO [main] org.apache.catalina.startup.HostConfig.deployDirectory Deployment of web application directory [/Users/plushavey/Desktop/TP_Projects/WebServletV2/tomcat/webapps/ROOT] has finished in [7] ms
13-Nov-2025 15:52:26.367 INFO [main] org.apache.catalina.startup.HostConfig.deployDirectory Установка веб приложения в папку [/Users/plushavey/Desktop/TP_Projects/WebServletV2/tomcat/webapps/host-manager]
13-Nov-2025 15:52:26.376 INFO [main] org.apache.catalina.startup.HostConfig.deployDirectory Deployment of web application directory [/Users/plushavey/Desktop/TP_Projects/WebServletV2/tomcat/webapps/host-manager] has finished in [9] ms
13-Nov-2025 15:52:26.378 INFO [main] org.apache.coyote.AbstractProtocol.start Starting ProtocolHandler ["http-nio-8080"]
13-Nov-2025 15:52:26.382 INFO [main] org.apache.catalina.startup.Catalina.start Server startup in [329] milliseconds
13-Nov-2025 16:00:26.426 INFO [main] org.apache.catalina.core.StandardServer.await A valid shutdown command was received via the shutdown port. Stopping the Server instance.
13-Nov-2025 16:00:26.427 INFO [main] org.apache.coyote.AbstractProtocol.pause Pausing ProtocolHandler ["http-nio-8080"]
13-Nov-2025 16:00:26.429 INFO [main] org.apache.catalina.core.StandardService.stopInternal Stopping service [Catalina]
13-Nov-2025 16:00:26.446 INFO [main] org.apache.coyote.AbstractProtocol.stop Stopping ProtocolHandler ["http-nio-8080"]
13-Nov-2025 16:00:26.453 INFO [main] org.apache.coyote.AbstractProtocol.destroy Destroying ProtocolHandler ["http-nio-8080"]
13-Nov-2025 16:00:36.718 INFO [main] org.apache.catalina.startup.VersionLoggerListener.log Имя версии сервера:    Apache Tomcat/9.0.112
13-Nov-2025 16:00:36.720 INFO [main] org.apache.catalina.startup.VersionLoggerListener.log Сервер собран:         Nov 6 2025 07:46:18 UTC
13-Nov-2025 16:00:36.721 INFO [main] org.apache.catalina.startup.VersionLoggerListener.log Номер версии сервера:  9.0.112.0
13-Nov-2025 16:00:36.721 INFO [main] org.apache.catalina.startup.VersionLoggerListener.log OS Name:               Mac OS X
13-Nov-2025 16:00:36.721 INFO [main] org.apache.catalina.startup.VersionLoggerListener.log Версия ОС:             15.6.1
13-Nov-2025 16:00:36.721 INFO [main] org.apache.catalina.startup.VersionLoggerListener.log Архитектура:           aarch64
13-Nov-2025 16:00:36.721 INFO [main] org.apache.catalina.startup.VersionLoggerListener.log Java Home:             /Users/plushavey/Library/Java/JavaVirtualMachines/corretto-23.0.2/Contents/Home
13-Nov-2025 16:00:36.721 INFO [main] org.apache.catalina.startup.VersionLoggerListener.log Версия JVM:            23.0.2+7-FR
13-Nov-2025 16:00:36.721 INFO [main] org.apache.catalina.startup.VersionLoggerListener.log Производитель JVM:     Amazon.com Inc.
13-Nov-2025 16:00:36.721 INFO [main] org.apache.catalina.startup.VersionLoggerListener.log CATALINA_BASE:         /Users/plushavey/Desktop/TP_Projects/WebServletV2/tomcat
13-Nov-2025 16:00:36.721 INFO [main] org.apache.catalina.startup.VersionLoggerListener.log CATALINA_HOME:         /Users/plushavey/Desktop/TP_Projects/WebServletV2/tomcat
13-Nov-2025 16:00:36.728 INFO [main] org.apache.catalina.startup.VersionLoggerListener.log Command line argument: --add-opens=java.base/java.lang=ALL-UNNAMED
13-Nov-2025 16:00:36.728 INFO [main] org.apache.catalina.startup.VersionLoggerListener.log Command line argument: --add-opens=java.base/java.lang.invoke=ALL-UNNAMED
13-Nov-2025 16:00:36.728 INFO [main] org.apache.catalina.startup.VersionLoggerListener.log Command line argument: --add-opens=java.base/java.lang.reflect=ALL-UNNAMED
13-Nov-2025 16:00:36.728 INFO [main] org.apache.catalina.startup.VersionLoggerListener.log Command line argument: --add-opens=java.base/java.io=ALL-UNNAMED
13-Nov-2025 16:00:36.728 INFO [main] org.apache.catalina.startup.VersionLoggerListener.log Command line argument: --add-opens=java.base/java.util=ALL-UNNAMED
13-Nov-2025 16:00:36.728 INFO [main] org.apache.catalina.startup.VersionLoggerListener.log Command line argument: --add-opens=java.base/java.util.concurrent=ALL-UNNAMED
13-Nov-2025 16:00:36.728 INFO [main] org.apache.catalina.startup.VersionLoggerListener.log Command line argument: --add-opens=java.rmi/sun.rmi.transport=ALL-UNNAMED
13-Nov-2025 16:00:36.729 INFO [main] org.apache.catalina.startup.VersionLoggerListener.log Command line argument: -Djava.util.logging.config.file=/Users/plushavey/Desktop/TP_Projects/WebServletV2/tomcat/conf/logging.properties
13-Nov-2025 16:00:36.729 INFO [main] org.apache.catalina.startup.VersionLoggerListener.log Command line argument: -Djava.util.logging.manager=org.apache.juli.ClassLoaderLogManager
13-Nov-2025 16:00:36.729 INFO [main] org.apache.catalina.startup.VersionLoggerListener.log Command line argument: -Djdk.tls.ephemeralDHKeySize=2048
13-Nov-2025 16:00:36.729 INFO [main] org.apache.catalina.startup.VersionLoggerListener.log Command line argument: -Djava.protocol.handler.pkgs=org.apache.catalina.webresources
13-Nov-2025 16:00:36.729 INFO [main] org.apache.catalina.startup.VersionLoggerListener.log Command line argument: -Dsun.io.useCanonCaches=false
13-Nov-2025 16:00:36.729 INFO [main] org.apache.catalina.startup.VersionLoggerListener.log Command line argument: -Dorg.apache.catalina.security.SecurityListener.UMASK=0027
13-Nov-2025 16:00:36.729 INFO [main] org.apache.catalina.startup.VersionLoggerListener.log Command line argument: -Dignore.endorsed.dirs=
13-Nov-2025 16:00:36.729 INFO [main] org.apache.catalina.startup.VersionLoggerListener.log Command line argument: -Dcatalina.base=/Users/plushavey/Desktop/TP_Projects/WebServletV2/tomcat
13-Nov-2025 16:00:36.729 INFO [main] org.apache.catalina.startup.VersionLoggerListener.log Command line argument: -Dcatalina.home=/Users/plushavey/Desktop/TP_Projects/WebServletV2/tomcat
13-Nov-2025 16:00:36.729 INFO [main] org.apache.catalina.startup.VersionLoggerListener.log Command line argument: -Djava.io.tmpdir=/Users/plushavey/Desktop/TP_Projects/WebServletV2/tomcat/temp
13-Nov-2025 16:00:36.735 INFO [main] org.apache.catalina.core.AprLifecycleListener.lifecycleEvent The Apache Tomcat Native library which allows using OpenSSL was not found on the java.library.path: [/Users/plushavey/Library/Java/Extensions:/Library/Java/Extensions:/Network/Library/Java/Extensions:/System/Library/Java/Extensions:/usr/lib/java:.]
13-Nov-2025 16:00:36.903 INFO [main] org.apache.coyote.AbstractProtocol.init Инициализация ProtocolHandler ["http-nio-8080"]
13-Nov-2025 16:00:36.916 INFO [main] org.apache.catalina.startup.Catalina.load Server initialization in [292] milliseconds
13-Nov-2025 16:00:36.934 INFO [main] org.apache.catalina.core.StandardService.startInternal Starting service [Catalina]
13-Nov-2025 16:00:36.934 INFO [main] org.apache.catalina.core.StandardEngine.startInternal Starting Servlet engine: [Apache Tomcat/9.0.112]
13-Nov-2025 16:00:36.941 INFO [main] org.apache.catalina.startup.HostConfig.deployWAR Deploying web application archive [/Users/plushavey/Desktop/TP_Projects/WebServletV2/tomcat/webapps/WebServletV2.war]
13-Nov-2025 16:00:37.095 INFO [main] org.apache.catalina.startup.HostConfig.deployWAR Deployment of web application archive [/Users/plushavey/Desktop/TP_Projects/WebServletV2/tomcat/webapps/WebServletV2.war] has finished in [152] ms
13-Nov-2025 16:00:37.095 INFO [main] org.apache.catalina.startup.HostConfig.deployDirectory Установка веб приложения в папку [/Users/plushavey/Desktop/TP_Projects/WebServletV2/tomcat/webapps/docs]
13-Nov-2025 16:00:37.107 INFO [main] org.apache.catalina.startup.HostConfig.deployDirectory Deployment of web application directory [/Users/plushavey/Desktop/TP_Projects/WebServletV2/tomcat/webapps/docs] has finished in [12] ms
13-Nov-2025 16:00:37.107 INFO [main] org.apache.catalina.startup.HostConfig.deployDirectory Установка веб приложения в папку [/Users/plushavey/Desktop/TP_Projects/WebServletV2/tomcat/webapps/manager]
13-Nov-2025 16:00:37.123 INFO [main] org.apache.catalina.startup.HostConfig.deployDirectory Deployment of web application directory [/Users/plushavey/Desktop/TP_Projects/WebServletV2/tomcat/webapps/manager] has finished in [16] ms
13-Nov-2025 16:00:37.123 INFO [main] org.apache.catalina.startup.HostConfig.deployDirectory Установка веб приложения в папку [/Users/plushavey/Desktop/TP_Projects/WebServletV2/tomcat/webapps/examples]
13-Nov-2025 16:00:37.233 INFO [main] org.apache.catalina.startup.HostConfig.deployDirectory Deployment of web application directory [/Users/plushavey/Desktop/TP_Projects/WebServletV2/tomcat/webapps/examples] has finished in [110] ms
13-Nov-2025 16:00:37.233 INFO [main] org.apache.catalina.startup.HostConfig.deployDirectory Установка веб приложения в папку [/Users/plushavey/Desktop/TP_Projects/WebServletV2/tomcat/webapps/ROOT]
13-Nov-2025 16:00:37.240 INFO [main] org.apache.catalina.startup.HostConfig.deployDirectory Deployment of web application directory [/Users/plushavey/Desktop/TP_Projects/WebServletV2/tomcat/webapps/ROOT] has finished in [7] ms
13-Nov-2025 16:00:37.240 INFO [main] org.apache.catalina.startup.HostConfig.deployDirectory Установка веб приложения в папку [/Users/plushavey/Desktop/TP_Projects/WebServletV2/tomcat/webapps/host-manager]
13-Nov-2025 16:00:37.249 INFO [main] org.apache.catalina.startup.HostConfig.deployDirectory Deployment of web application directory [/Users/plushavey/Desktop/TP_Projects/WebServletV2/tomcat/webapps/host-manager] has finished in [9] ms
13-Nov-2025 16:00:37.251 INFO [main] org.apache.coyote.AbstractProtocol.start Starting ProtocolHandler ["http-nio-8080"]
13-Nov-2025 16:00:37.255 INFO [main] org.apache.catalina.startup.Catalina.start Server startup in [338] milliseconds
13-Nov-2025 16:00:59.670 INFO [main] org.apache.catalina.core.StandardServer.await A valid shutdown command was received via the shutdown port. Stopping the Server instance.
13-Nov-2025 16:00:59.670 INFO [main] org.apache.coyote.AbstractProtocol.pause Pausing ProtocolHandler ["http-nio-8080"]
13-Nov-2025 16:00:59.672 INFO [main] org.apache.catalina.core.StandardService.stopInternal Stopping service [Catalina]
13-Nov-2025 16:00:59.683 INFO [main] org.apache.coyote.AbstractProtocol.stop Stopping ProtocolHandler ["http-nio-8080"]
13-Nov-2025 16:00:59.685 INFO [main] org.apache.coyote.AbstractProtocol.destroy Destroying ProtocolHandler ["http-nio-8080"]
13-Nov-2025 16:01:06.405 INFO [main] org.apache.catalina.startup.VersionLoggerListener.log Имя версии сервера:    Apache Tomcat/9.0.112
13-Nov-2025 16:01:06.407 INFO [main] org.apache.catalina.startup.VersionLoggerListener.log Сервер собран:         Nov 6 2025 07:46:18 UTC
13-Nov-2025 16:01:06.407 INFO [main] org.apache.catalina.startup.VersionLoggerListener.log Номер версии сервера:  9.0.112.0
13-Nov-2025 16:01:06.407 INFO [main] org.apache.catalina.startup.VersionLoggerListener.log OS Name:               Mac OS X
13-Nov-2025 16:01:06.407 INFO [main] org.apache.catalina.startup.VersionLoggerListener.log Версия ОС:             15.6.1
13-Nov-2025 16:01:06.407 INFO [main] org.apache.catalina.startup.VersionLoggerListener.log Архитектура:           aarch64
13-Nov-2025 16:01:06.407 INFO [main] org.apache.catalina.startup.VersionLoggerListener.log Java Home:             /Users/plushavey/Library/Java/JavaVirtualMachines/corretto-23.0.2/Contents/Home
13-Nov-2025 16:01:06.407 INFO [main] org.apache.catalina.startup.VersionLoggerListener.log Версия JVM:            23.0.2+7-FR
13-Nov-2025 16:01:06.407 INFO [main] org.apache.catalina.startup.VersionLoggerListener.log Производитель JVM:     Amazon.com Inc.
13-Nov-2025 16:01:06.407 INFO [main] org.apache.catalina.startup.VersionLoggerListener.log CATALINA_BASE:         /Users/plushavey/Desktop/TP_Projects/WebServletV2/tomcat
13-Nov-2025 16:01:06.407 INFO [main] org.apache.catalina.startup.VersionLoggerListener.log CATALINA_HOME:         /Users/plushavey/Desktop/TP_Projects/WebServletV2/tomcat
13-Nov-2025 16:01:06.412 INFO [main] org.apache.catalina.startup.VersionLoggerListener.log Command line argument: --add-opens=java.base/java.lang=ALL-UNNAMED
13-Nov-2025 16:01:06.412 INFO [main] org.apache.catalina.startup.VersionLoggerListener.log Command line argument: --add-opens=java.base/java.lang.invoke=ALL-UNNAMED
13-Nov-2025 16:01:06.412 INFO [main] org.apache.catalina.startup.VersionLoggerListener.log Command line argument: --add-opens=java.base/java.lang.reflect=ALL-UNNAMED
13-Nov-2025 16:01:06.412 INFO [main] org.apache.catalina.startup.VersionLoggerListener.log Command line argument: --add-opens=java.base/java.io=ALL-UNNAMED
13-Nov-2025 16:01:06.412 INFO [main] org.apache.catalina.startup.VersionLoggerListener.log Command line argument: --add-opens=java.base/java.util=ALL-UNNAMED
13-Nov-2025 16:01:06.412 INFO [main] org.apache.catalina.startup.VersionLoggerListener.log Command line argument: --add-opens=java.base/java.util.concurrent=ALL-UNNAMED
13-Nov-2025 16:01:06.412 INFO [main] org.apache.catalina.startup.VersionLoggerListener.log Command line argument: --add-opens=java.rmi/sun.rmi.transport=ALL-UNNAMED
13-Nov-2025 16:01:06.412 INFO [main] org.apache.catalina.startup.VersionLoggerListener.log Command line argument: -Djava.util.logging.config.file=/Users/plushavey/Desktop/TP_Projects/WebServletV2/tomcat/conf/logging.properties
13-Nov-2025 16:01:06.412 INFO [main] org.apache.catalina.startup.VersionLoggerListener.log Command line argument: -Djava.util.logging.manager=org.apache.juli.ClassLoaderLogManager
13-Nov-2025 16:01:06.412 INFO [main] org.apache.catalina.startup.VersionLoggerListener.log Command line argument: -Djdk.tls.ephemeralDHKeySize=2048
13-Nov-2025 16:01:06.412 INFO [main] org.apache.catalina.startup.VersionLoggerListener.log Command line argument: -Djava.protocol.handler.pkgs=org.apache.catalina.webresources
13-Nov-2025 16:01:06.412 INFO [main] org.apache.catalina.startup.VersionLoggerListener.log Command line argument: -Dsun.io.useCanonCaches=false
13-Nov-2025 16:01:06.412 INFO [main] org.apache.catalina.startup.VersionLoggerListener.log Command line argument: -Dorg.apache.catalina.security.SecurityListener.UMASK=0027
13-Nov-2025 16:01:06.412 INFO [main] org.apache.catalina.startup.VersionLoggerListener.log Command line argument: -Dignore.endorsed.dirs=
13-Nov-2025 16:01:06.412 INFO [main] org.apache.catalina.startup.VersionLoggerListener.log Command line argument: -Dcatalina.base=/Users/plushavey/Desktop/TP_Projects/WebServletV2/tomcat
13-Nov-2025 16:01:06.412 INFO [main] org.apache.catalina.startup.VersionLoggerListener.log Command line argument: -Dcatalina.home=/Users/plushavey/Desktop/TP_Projects/WebServletV2/tomcat
13-Nov-2025 16:01:06.412 INFO [main] org.apache.catalina.startup.VersionLoggerListener.log Command line argument: -Djava.io.tmpdir=/Users/plushavey/Desktop/TP_Projects/WebServletV2/tomcat/temp
13-Nov-2025 16:01:06.418 INFO [main] org.apache.catalina.core.AprLifecycleListener.lifecycleEvent The Apache Tomcat Native library which allows using OpenSSL was not found on the java.library.path: [/Users/plushavey/Library/Java/Extensions:/Library/Java/Extensions:/Network/Library/Java/Extensions:/System/Library/Java/Extensions:/usr/lib/java:.]
13-Nov-2025 16:01:06.569 INFO [main] org.apache.coyote.AbstractProtocol.init Инициализация ProtocolHandler ["http-nio-8080"]
13-Nov-2025 16:01:06.581 INFO [main] org.apache.catalina.startup.Catalina.load Server initialization in [262] milliseconds
13-Nov-2025 16:01:06.596 INFO [main] org.apache.catalina.core.StandardService.startInternal Starting service [Catalina]
13-Nov-2025 16:01:06.596 INFO [main] org.apache.catalina.core.StandardEngine.startInternal Starting Servlet engine: [Apache Tomcat/9.0.112]
13-Nov-2025 16:01:06.603 INFO [main] org.apache.catalina.startup.HostConfig.deployWAR Deploying web application archive [/Users/plushavey/Desktop/TP_Projects/WebServletV2/tomcat/webapps/WebServletV2.war]
13-Nov-2025 16:01:06.740 INFO [main] org.apache.catalina.startup.HostConfig.deployWAR Deployment of web application archive [/Users/plushavey/Desktop/TP_Projects/WebServletV2/tomcat/webapps/WebServletV2.war] has finished in [136] ms
13-Nov-2025 16:01:06.740 INFO [main] org.apache.catalina.startup.HostConfig.deployDirectory Установка веб приложения в папку [/Users/plushavey/Desktop/TP_Projects/WebServletV2/tomcat/webapps/docs]
13-Nov-2025 16:01:06.752 INFO [main] org.apache.catalina.startup.HostConfig.deployDirectory Deployment of web application directory [/Users/plushavey/Desktop/TP_Projects/WebServletV2/tomcat/webapps/docs] has finished in [12] ms
13-Nov-2025 16:01:06.752 INFO [main] org.apache.catalina.startup.HostConfig.deployDirectory Установка веб приложения в папку [/Users/plushavey/Desktop/TP_Projects/WebServletV2/tomcat/webapps/manager]
13-Nov-2025 16:01:06.767 INFO [main] org.apache.catalina.startup.HostConfig.deployDirectory Deployment of web application directory [/Users/plushavey/Desktop/TP_Projects/WebServletV2/tomcat/webapps/manager] has finished in [15] ms
13-Nov-2025 16:01:06.768 INFO [main] org.apache.catalina.startup.HostConfig.deployDirectory Установка веб приложения в папку [/Users/plushavey/Desktop/TP_Projects/WebServletV2/tomcat/webapps/examples]
13-Nov-2025 16:01:06.863 INFO [main] org.apache.catalina.startup.HostConfig.deployDirectory Deployment of web application directory [/Users/plushavey/Desktop/TP_Projects/WebServletV2/tomcat/webapps/examples] has finished in [96] ms
13-Nov-2025 16:01:06.863 INFO [main] org.apache.catalina.startup.HostConfig.deployDirectory Установка веб приложения в папку [/Users/plushavey/Desktop/TP_Projects/WebServletV2/tomcat/webapps/ROOT]
13-Nov-2025 16:01:06.870 INFO [main] org.apache.catalina.startup.HostConfig.deployDirectory Deployment of web application directory [/Users/plushavey/Desktop/TP_Projects/WebServletV2/tomcat/webapps/ROOT] has finished in [7] ms
13-Nov-2025 16:01:06.871 INFO [main] org.apache.catalina.startup.HostConfig.deployDirectory Установка веб приложения в папку [/Users/plushavey/Desktop/TP_Projects/WebServletV2/tomcat/webapps/host-manager]
13-Nov-2025 16:01:06.879 INFO [main] org.apache.catalina.startup.HostConfig.deployDirectory Deployment of web application directory [/Users/plushavey/Desktop/TP_Projects/WebServletV2/tomcat/webapps/host-manager] has finished in [8] ms
13-Nov-2025 16:01:06.881 INFO [main] org.apache.coyote.AbstractProtocol.start Starting ProtocolHandler ["http-nio-8080"]
13-Nov-2025 16:01:06.885 INFO [main] org.apache.catalina.startup.Catalina.start Server startup in [303] milliseconds
13-Nov-2025 16:04:56.337 INFO [main] org.apache.catalina.core.StandardServer.await A valid shutdown command was received via the shutdown port. Stopping the Server instance.
13-Nov-2025 16:04:56.338 INFO [main] org.apache.coyote.AbstractProtocol.pause Pausing ProtocolHandler ["http-nio-8080"]
13-Nov-2025 16:04:56.340 INFO [main] org.apache.catalina.core.StandardService.stopInternal Stopping service [Catalina]
13-Nov-2025 16:04:56.354 INFO [main] org.apache.coyote.AbstractProtocol.stop Stopping ProtocolHandler ["http-nio-8080"]
13-Nov-2025 16:04:56.365 INFO [main] org.apache.coyote.AbstractProtocol.destroy Destroying ProtocolHandler ["http-nio-8080"]
