NOTE: Picked up JDK_JAVA_OPTIONS:  --add-opens=java.base/java.lang=ALL-UNNAMED --add-opens=java.base/java.lang.invoke=ALL-UNNAMED --add-opens=java.base/java.lang.reflect=ALL-UNNAMED --add-opens=java.base/java.io=ALL-UNNAMED --add-opens=java.base/java.util=ALL-UNNAMED --add-opens=java.base/java.util.concurrent=ALL-UNNAMED --add-opens=java.rmi/sun.rmi.transport=ALL-UNNAMED
12-Nov-2025 19:00:00.930 INFO [main] org.apache.catalina.startup.VersionLoggerListener.log Имя версии сервера:    Apache Tomcat/9.0.112
12-Nov-2025 19:00:00.932 INFO [main] org.apache.catalina.startup.VersionLoggerListener.log Сервер собран:         Nov 6 2025 07:46:18 UTC
12-Nov-2025 19:00:00.933 INFO [main] org.apache.catalina.startup.VersionLoggerListener.log Номер версии сервера:  9.0.112.0
12-Nov-2025 19:00:00.933 INFO [main] org.apache.catalina.startup.VersionLoggerListener.log OS Name:               Mac OS X
12-Nov-2025 19:00:00.933 INFO [main] org.apache.catalina.startup.VersionLoggerListener.log Версия ОС:             15.6.1
12-Nov-2025 19:00:00.933 INFO [main] org.apache.catalina.startup.VersionLoggerListener.log Архитектура:           aarch64
12-Nov-2025 19:00:00.933 INFO [main] org.apache.catalina.startup.VersionLoggerListener.log Java Home:             /Users/plushavey/Library/Java/JavaVirtualMachines/corretto-23.0.2/Contents/Home
12-Nov-2025 19:00:00.933 INFO [main] org.apache.catalina.startup.VersionLoggerListener.log Версия JVM:            23.0.2+7-FR
12-Nov-2025 19:00:00.933 INFO [main] org.apache.catalina.startup.VersionLoggerListener.log Производитель JVM:     Amazon.com Inc.
12-Nov-2025 19:00:00.933 INFO [main] org.apache.catalina.startup.VersionLoggerListener.log CATALINA_BASE:         /Users/plushavey/Desktop/TP_Projects/WebServletV2/tomcat
12-Nov-2025 19:00:00.933 INFO [main] org.apache.catalina.startup.VersionLoggerListener.log CATALINA_HOME:         /Users/plushavey/Desktop/TP_Projects/WebServletV2/tomcat
12-Nov-2025 19:00:00.947 INFO [main] org.apache.catalina.startup.VersionLoggerListener.log Command line argument: --add-opens=java.base/java.lang=ALL-UNNAMED
12-Nov-2025 19:00:00.947 INFO [main] org.apache.catalina.startup.VersionLoggerListener.log Command line argument: --add-opens=java.base/java.lang.invoke=ALL-UNNAMED
12-Nov-2025 19:00:00.947 INFO [main] org.apache.catalina.startup.VersionLoggerListener.log Command line argument: --add-opens=java.base/java.lang.reflect=ALL-UNNAMED
12-Nov-2025 19:00:00.947 INFO [main] org.apache.catalina.startup.VersionLoggerListener.log Command line argument: --add-opens=java.base/java.io=ALL-UNNAMED
12-Nov-2025 19:00:00.947 INFO [main] org.apache.catalina.startup.VersionLoggerListener.log Command line argument: --add-opens=java.base/java.util=ALL-UNNAMED
12-Nov-2025 19:00:00.947 INFO [main] org.apache.catalina.startup.VersionLoggerListener.log Command line argument: --add-opens=java.base/java.util.concurrent=ALL-UNNAMED
12-Nov-2025 19:00:00.947 INFO [main] org.apache.catalina.startup.VersionLoggerListener.log Command line argument: --add-opens=java.rmi/sun.rmi.transport=ALL-UNNAMED
12-Nov-2025 19:00:00.947 INFO [main] org.apache.catalina.startup.VersionLoggerListener.log Command line argument: -Djava.util.logging.config.file=/Users/plushavey/Desktop/TP_Projects/WebServletV2/tomcat/conf/logging.properties
12-Nov-2025 19:00:00.947 INFO [main] org.apache.catalina.startup.VersionLoggerListener.log Command line argument: -Djava.util.logging.manager=org.apache.juli.ClassLoaderLogManager
12-Nov-2025 19:00:00.947 INFO [main] org.apache.catalina.startup.VersionLoggerListener.log Command line argument: -Djdk.tls.ephemeralDHKeySize=2048
12-Nov-2025 19:00:00.947 INFO [main] org.apache.catalina.startup.VersionLoggerListener.log Command line argument: -Djava.protocol.handler.pkgs=org.apache.catalina.webresources
12-Nov-2025 19:00:00.947 INFO [main] org.apache.catalina.startup.VersionLoggerListener.log Command line argument: -Dsun.io.useCanonCaches=false
12-Nov-2025 19:00:00.947 INFO [main] org.apache.catalina.startup.VersionLoggerListener.log Command line argument: -Dorg.apache.catalina.security.SecurityListener.UMASK=0027
12-Nov-2025 19:00:00.947 INFO [main] org.apache.catalina.startup.VersionLoggerListener.log Command line argument: -Dignore.endorsed.dirs=
12-Nov-2025 19:00:00.947 INFO [main] org.apache.catalina.startup.VersionLoggerListener.log Command line argument: -Dcatalina.base=/Users/plushavey/Desktop/TP_Projects/WebServletV2/tomcat
12-Nov-2025 19:00:00.947 INFO [main] org.apache.catalina.startup.VersionLoggerListener.log Command line argument: -Dcatalina.home=/Users/plushavey/Desktop/TP_Projects/WebServletV2/tomcat
12-Nov-2025 19:00:00.947 INFO [main] org.apache.catalina.startup.VersionLoggerListener.log Command line argument: -Djava.io.tmpdir=/Users/plushavey/Desktop/TP_Projects/WebServletV2/tomcat/temp
12-Nov-2025 19:00:00.955 INFO [main] org.apache.catalina.core.AprLifecycleListener.lifecycleEvent The Apache Tomcat Native library which allows using OpenSSL was not found on the java.library.path: [/Users/plushavey/Library/Java/Extensions:/Library/Java/Extensions:/Network/Library/Java/Extensions:/System/Library/Java/Extensions:/usr/lib/java:.]
12-Nov-2025 19:00:01.123 INFO [main] org.apache.coyote.AbstractProtocol.init Инициализация ProtocolHandler ["http-nio-8080"]
12-Nov-2025 19:00:01.138 INFO [main] org.apache.catalina.startup.Catalina.load Server initialization in [316] milliseconds
12-Nov-2025 19:00:01.156 INFO [main] org.apache.catalina.core.StandardService.startInternal Starting service [Catalina]
12-Nov-2025 19:00:01.156 INFO [main] org.apache.catalina.core.StandardEngine.startInternal Starting Servlet engine: [Apache Tomcat/9.0.112]
12-Nov-2025 19:00:01.163 INFO [main] org.apache.catalina.startup.HostConfig.deployWAR Deploying web application archive [/Users/plushavey/Desktop/TP_Projects/WebServletV2/tomcat/webapps/WebServletV2.war]
Пользователи успешно загружены из файла: /Users/plushavey/Desktop/TP_Projects/WebServletV2/tomcat/webapps/WebServletV2/WEB-INF/users.txt
12-Nov-2025 19:00:01.328 INFO [main] org.apache.catalina.startup.HostConfig.deployWAR Deployment of web application archive [/Users/plushavey/Desktop/TP_Projects/WebServletV2/tomcat/webapps/WebServletV2.war] has finished in [163] ms
12-Nov-2025 19:00:01.328 INFO [main] org.apache.catalina.startup.HostConfig.deployDirectory Установка веб приложения в папку [/Users/plushavey/Desktop/TP_Projects/WebServletV2/tomcat/webapps/docs]
12-Nov-2025 19:00:01.341 INFO [main] org.apache.catalina.startup.HostConfig.deployDirectory Deployment of web application directory [/Users/plushavey/Desktop/TP_Projects/WebServletV2/tomcat/webapps/docs] has finished in [12] ms
12-Nov-2025 19:00:01.341 INFO [main] org.apache.catalina.startup.HostConfig.deployDirectory Установка веб приложения в папку [/Users/plushavey/Desktop/TP_Projects/WebServletV2/tomcat/webapps/manager]
12-Nov-2025 19:00:01.357 INFO [main] org.apache.catalina.startup.HostConfig.deployDirectory Deployment of web application directory [/Users/plushavey/Desktop/TP_Projects/WebServletV2/tomcat/webapps/manager] has finished in [16] ms
12-Nov-2025 19:00:01.357 INFO [main] org.apache.catalina.startup.HostConfig.deployDirectory Установка веб приложения в папку [/Users/plushavey/Desktop/TP_Projects/WebServletV2/tomcat/webapps/examples]
12-Nov-2025 19:00:01.463 INFO [main] org.apache.catalina.startup.HostConfig.deployDirectory Deployment of web application directory [/Users/plushavey/Desktop/TP_Projects/WebServletV2/tomcat/webapps/examples] has finished in [106] ms
12-Nov-2025 19:00:01.463 INFO [main] org.apache.catalina.startup.HostConfig.deployDirectory Установка веб приложения в папку [/Users/plushavey/Desktop/TP_Projects/WebServletV2/tomcat/webapps/ROOT]
12-Nov-2025 19:00:01.471 INFO [main] org.apache.catalina.startup.HostConfig.deployDirectory Deployment of web application directory [/Users/plushavey/Desktop/TP_Projects/WebServletV2/tomcat/webapps/ROOT] has finished in [8] ms
12-Nov-2025 19:00:01.471 INFO [main] org.apache.catalina.startup.HostConfig.deployDirectory Установка веб приложения в папку [/Users/plushavey/Desktop/TP_Projects/WebServletV2/tomcat/webapps/host-manager]
12-Nov-2025 19:00:01.481 INFO [main] org.apache.catalina.startup.HostConfig.deployDirectory Deployment of web application directory [/Users/plushavey/Desktop/TP_Projects/WebServletV2/tomcat/webapps/host-manager] has finished in [10] ms
12-Nov-2025 19:00:01.483 INFO [main] org.apache.coyote.AbstractProtocol.start Starting ProtocolHandler ["http-nio-8080"]
12-Nov-2025 19:00:01.487 INFO [main] org.apache.catalina.startup.Catalina.start Server startup in [348] milliseconds
12-Nov-2025 19:15:38.556 INFO [main] org.apache.catalina.core.StandardServer.await A valid shutdown command was received via the shutdown port. Stopping the Server instance.
12-Nov-2025 19:15:38.558 INFO [main] org.apache.coyote.AbstractProtocol.pause Pausing ProtocolHandler ["http-nio-8080"]
12-Nov-2025 19:15:38.562 INFO [main] org.apache.catalina.core.StandardService.stopInternal Stopping service [Catalina]
12-Nov-2025 19:15:38.586 INFO [main] org.apache.coyote.AbstractProtocol.stop Stopping ProtocolHandler ["http-nio-8080"]
12-Nov-2025 19:15:38.599 INFO [main] org.apache.coyote.AbstractProtocol.destroy Destroying ProtocolHandler ["http-nio-8080"]
NOTE: Picked up JDK_JAVA_OPTIONS:  --add-opens=java.base/java.lang=ALL-UNNAMED --add-opens=java.base/java.lang.invoke=ALL-UNNAMED --add-opens=java.base/java.lang.reflect=ALL-UNNAMED --add-opens=java.base/java.io=ALL-UNNAMED --add-opens=java.base/java.util=ALL-UNNAMED --add-opens=java.base/java.util.concurrent=ALL-UNNAMED --add-opens=java.rmi/sun.rmi.transport=ALL-UNNAMED
12-Nov-2025 19:16:09.934 INFO [main] org.apache.catalina.startup.VersionLoggerListener.log Имя версии сервера:    Apache Tomcat/9.0.112
12-Nov-2025 19:16:09.936 INFO [main] org.apache.catalina.startup.VersionLoggerListener.log Сервер собран:         Nov 6 2025 07:46:18 UTC
12-Nov-2025 19:16:09.936 INFO [main] org.apache.catalina.startup.VersionLoggerListener.log Номер версии сервера:  9.0.112.0
12-Nov-2025 19:16:09.936 INFO [main] org.apache.catalina.startup.VersionLoggerListener.log OS Name:               Mac OS X
12-Nov-2025 19:16:09.936 INFO [main] org.apache.catalina.startup.VersionLoggerListener.log Версия ОС:             15.6.1
12-Nov-2025 19:16:09.936 INFO [main] org.apache.catalina.startup.VersionLoggerListener.log Архитектура:           aarch64
12-Nov-2025 19:16:09.936 INFO [main] org.apache.catalina.startup.VersionLoggerListener.log Java Home:             /Users/plushavey/Library/Java/JavaVirtualMachines/corretto-23.0.2/Contents/Home
12-Nov-2025 19:16:09.936 INFO [main] org.apache.catalina.startup.VersionLoggerListener.log Версия JVM:            23.0.2+7-FR
12-Nov-2025 19:16:09.936 INFO [main] org.apache.catalina.startup.VersionLoggerListener.log Производитель JVM:     Amazon.com Inc.
12-Nov-2025 19:16:09.936 INFO [main] org.apache.catalina.startup.VersionLoggerListener.log CATALINA_BASE:         /Users/plushavey/Desktop/TP_Projects/WebServletV2/tomcat
12-Nov-2025 19:16:09.936 INFO [main] org.apache.catalina.startup.VersionLoggerListener.log CATALINA_HOME:         /Users/plushavey/Desktop/TP_Projects/WebServletV2/tomcat
12-Nov-2025 19:16:09.943 INFO [main] org.apache.catalina.startup.VersionLoggerListener.log Command line argument: --add-opens=java.base/java.lang=ALL-UNNAMED
12-Nov-2025 19:16:09.944 INFO [main] org.apache.catalina.startup.VersionLoggerListener.log Command line argument: --add-opens=java.base/java.lang.invoke=ALL-UNNAMED
12-Nov-2025 19:16:09.944 INFO [main] org.apache.catalina.startup.VersionLoggerListener.log Command line argument: --add-opens=java.base/java.lang.reflect=ALL-UNNAMED
12-Nov-2025 19:16:09.944 INFO [main] org.apache.catalina.startup.VersionLoggerListener.log Command line argument: --add-opens=java.base/java.io=ALL-UNNAMED
12-Nov-2025 19:16:09.944 INFO [main] org.apache.catalina.startup.VersionLoggerListener.log Command line argument: --add-opens=java.base/java.util=ALL-UNNAMED
12-Nov-2025 19:16:09.944 INFO [main] org.apache.catalina.startup.VersionLoggerListener.log Command line argument: --add-opens=java.base/java.util.concurrent=ALL-UNNAMED
12-Nov-2025 19:16:09.944 INFO [main] org.apache.catalina.startup.VersionLoggerListener.log Command line argument: --add-opens=java.rmi/sun.rmi.transport=ALL-UNNAMED
12-Nov-2025 19:16:09.944 INFO [main] org.apache.catalina.startup.VersionLoggerListener.log Command line argument: -Djava.util.logging.config.file=/Users/plushavey/Desktop/TP_Projects/WebServletV2/tomcat/conf/logging.properties
12-Nov-2025 19:16:09.944 INFO [main] org.apache.catalina.startup.VersionLoggerListener.log Command line argument: -Djava.util.logging.manager=org.apache.juli.ClassLoaderLogManager
12-Nov-2025 19:16:09.944 INFO [main] org.apache.catalina.startup.VersionLoggerListener.log Command line argument: -Djdk.tls.ephemeralDHKeySize=2048
12-Nov-2025 19:16:09.944 INFO [main] org.apache.catalina.startup.VersionLoggerListener.log Command line argument: -Djava.protocol.handler.pkgs=org.apache.catalina.webresources
12-Nov-2025 19:16:09.944 INFO [main] org.apache.catalina.startup.VersionLoggerListener.log Command line argument: -Dsun.io.useCanonCaches=false
12-Nov-2025 19:16:09.944 INFO [main] org.apache.catalina.startup.VersionLoggerListener.log Command line argument: -Dorg.apache.catalina.security.SecurityListener.UMASK=0027
12-Nov-2025 19:16:09.944 INFO [main] org.apache.catalina.startup.VersionLoggerListener.log Command line argument: -Dignore.endorsed.dirs=
12-Nov-2025 19:16:09.944 INFO [main] org.apache.catalina.startup.VersionLoggerListener.log Command line argument: -Dcatalina.base=/Users/plushavey/Desktop/TP_Projects/WebServletV2/tomcat
12-Nov-2025 19:16:09.944 INFO [main] org.apache.catalina.startup.VersionLoggerListener.log Command line argument: -Dcatalina.home=/Users/plushavey/Desktop/TP_Projects/WebServletV2/tomcat
12-Nov-2025 19:16:09.944 INFO [main] org.apache.catalina.startup.VersionLoggerListener.log Command line argument: -Djava.io.tmpdir=/Users/plushavey/Desktop/TP_Projects/WebServletV2/tomcat/temp
12-Nov-2025 19:16:09.950 INFO [main] org.apache.catalina.core.AprLifecycleListener.lifecycleEvent The Apache Tomcat Native library which allows using OpenSSL was not found on the java.library.path: [/Users/plushavey/Library/Java/Extensions:/Library/Java/Extensions:/Network/Library/Java/Extensions:/System/Library/Java/Extensions:/usr/lib/java:.]
12-Nov-2025 19:16:10.109 INFO [main] org.apache.coyote.AbstractProtocol.init Инициализация ProtocolHandler ["http-nio-8080"]
12-Nov-2025 19:16:10.124 INFO [main] org.apache.catalina.startup.Catalina.load Server initialization in [291] milliseconds
12-Nov-2025 19:16:10.142 INFO [main] org.apache.catalina.core.StandardService.startInternal Starting service [Catalina]
12-Nov-2025 19:16:10.142 INFO [main] org.apache.catalina.core.StandardEngine.startInternal Starting Servlet engine: [Apache Tomcat/9.0.112]
12-Nov-2025 19:16:10.149 INFO [main] org.apache.catalina.startup.HostConfig.deployWAR Deploying web application archive [/Users/plushavey/Desktop/TP_Projects/WebServletV2/tomcat/webapps/WebServletV2.war]
Пользователи успешно загружены из файла: /Users/plushavey/Desktop/TP_Projects/WebServletV2/tomcat/webapps/WebServletV2/WEB-INF/users.txt
12-Nov-2025 19:16:10.299 INFO [main] org.apache.catalina.startup.HostConfig.deployWAR Deployment of web application archive [/Users/plushavey/Desktop/TP_Projects/WebServletV2/tomcat/webapps/WebServletV2.war] has finished in [149] ms
12-Nov-2025 19:16:10.299 INFO [main] org.apache.catalina.startup.HostConfig.deployDirectory Установка веб приложения в папку [/Users/plushavey/Desktop/TP_Projects/WebServletV2/tomcat/webapps/docs]
12-Nov-2025 19:16:10.311 INFO [main] org.apache.catalina.startup.HostConfig.deployDirectory Deployment of web application directory [/Users/plushavey/Desktop/TP_Projects/WebServletV2/tomcat/webapps/docs] has finished in [12] ms
12-Nov-2025 19:16:10.311 INFO [main] org.apache.catalina.startup.HostConfig.deployDirectory Установка веб приложения в папку [/Users/plushavey/Desktop/TP_Projects/WebServletV2/tomcat/webapps/manager]
12-Nov-2025 19:16:10.327 INFO [main] org.apache.catalina.startup.HostConfig.deployDirectory Deployment of web application directory [/Users/plushavey/Desktop/TP_Projects/WebServletV2/tomcat/webapps/manager] has finished in [16] ms
12-Nov-2025 19:16:10.327 INFO [main] org.apache.catalina.startup.HostConfig.deployDirectory Установка веб приложения в папку [/Users/plushavey/Desktop/TP_Projects/WebServletV2/tomcat/webapps/examples]
12-Nov-2025 19:16:10.425 INFO [main] org.apache.catalina.startup.HostConfig.deployDirectory Deployment of web application directory [/Users/plushavey/Desktop/TP_Projects/WebServletV2/tomcat/webapps/examples] has finished in [98] ms
12-Nov-2025 19:16:10.425 INFO [main] org.apache.catalina.startup.HostConfig.deployDirectory Установка веб приложения в папку [/Users/plushavey/Desktop/TP_Projects/WebServletV2/tomcat/webapps/ROOT]
12-Nov-2025 19:16:10.433 INFO [main] org.apache.catalina.startup.HostConfig.deployDirectory Deployment of web application directory [/Users/plushavey/Desktop/TP_Projects/WebServletV2/tomcat/webapps/ROOT] has finished in [8] ms
12-Nov-2025 19:16:10.433 INFO [main] org.apache.catalina.startup.HostConfig.deployDirectory Установка веб приложения в папку [/Users/plushavey/Desktop/TP_Projects/WebServletV2/tomcat/webapps/host-manager]
12-Nov-2025 19:16:10.441 INFO [main] org.apache.catalina.startup.HostConfig.deployDirectory Deployment of web application directory [/Users/plushavey/Desktop/TP_Projects/WebServletV2/tomcat/webapps/host-manager] has finished in [8] ms
12-Nov-2025 19:16:10.443 INFO [main] org.apache.coyote.AbstractProtocol.start Starting ProtocolHandler ["http-nio-8080"]
12-Nov-2025 19:16:10.447 INFO [main] org.apache.catalina.startup.Catalina.start Server startup in [322] milliseconds
12-Nov-2025 19:16:29.984 INFO [main] org.apache.catalina.core.StandardServer.await A valid shutdown command was received via the shutdown port. Stopping the Server instance.
12-Nov-2025 19:16:29.984 INFO [main] org.apache.coyote.AbstractProtocol.pause Pausing ProtocolHandler ["http-nio-8080"]
12-Nov-2025 19:16:29.986 INFO [main] org.apache.catalina.core.StandardService.stopInternal Stopping service [Catalina]
12-Nov-2025 19:16:30.000 INFO [main] org.apache.coyote.AbstractProtocol.stop Stopping ProtocolHandler ["http-nio-8080"]
12-Nov-2025 19:16:30.011 INFO [main] org.apache.coyote.AbstractProtocol.destroy Destroying ProtocolHandler ["http-nio-8080"]
NOTE: Picked up JDK_JAVA_OPTIONS:  --add-opens=java.base/java.lang=ALL-UNNAMED --add-opens=java.base/java.lang.invoke=ALL-UNNAMED --add-opens=java.base/java.lang.reflect=ALL-UNNAMED --add-opens=java.base/java.io=ALL-UNNAMED --add-opens=java.base/java.util=ALL-UNNAMED --add-opens=java.base/java.util.concurrent=ALL-UNNAMED --add-opens=java.rmi/sun.rmi.transport=ALL-UNNAMED
12-Nov-2025 19:17:10.203 INFO [main] org.apache.catalina.startup.VersionLoggerListener.log Имя версии сервера:    Apache Tomcat/9.0.112
12-Nov-2025 19:17:10.206 INFO [main] org.apache.catalina.startup.VersionLoggerListener.log Сервер собран:         Nov 6 2025 07:46:18 UTC
12-Nov-2025 19:17:10.206 INFO [main] org.apache.catalina.startup.VersionLoggerListener.log Номер версии сервера:  9.0.112.0
12-Nov-2025 19:17:10.206 INFO [main] org.apache.catalina.startup.VersionLoggerListener.log OS Name:               Mac OS X
12-Nov-2025 19:17:10.206 INFO [main] org.apache.catalina.startup.VersionLoggerListener.log Версия ОС:             15.6.1
12-Nov-2025 19:17:10.206 INFO [main] org.apache.catalina.startup.VersionLoggerListener.log Архитектура:           aarch64
12-Nov-2025 19:17:10.206 INFO [main] org.apache.catalina.startup.VersionLoggerListener.log Java Home:             /Users/plushavey/Library/Java/JavaVirtualMachines/corretto-23.0.2/Contents/Home
12-Nov-2025 19:17:10.206 INFO [main] org.apache.catalina.startup.VersionLoggerListener.log Версия JVM:            23.0.2+7-FR
12-Nov-2025 19:17:10.206 INFO [main] org.apache.catalina.startup.VersionLoggerListener.log Производитель JVM:     Amazon.com Inc.
12-Nov-2025 19:17:10.206 INFO [main] org.apache.catalina.startup.VersionLoggerListener.log CATALINA_BASE:         /Users/plushavey/Desktop/TP_Projects/WebServletV2/tomcat
12-Nov-2025 19:17:10.206 INFO [main] org.apache.catalina.startup.VersionLoggerListener.log CATALINA_HOME:         /Users/plushavey/Desktop/TP_Projects/WebServletV2/tomcat
12-Nov-2025 19:17:10.215 INFO [main] org.apache.catalina.startup.VersionLoggerListener.log Command line argument: --add-opens=java.base/java.lang=ALL-UNNAMED
12-Nov-2025 19:17:10.215 INFO [main] org.apache.catalina.startup.VersionLoggerListener.log Command line argument: --add-opens=java.base/java.lang.invoke=ALL-UNNAMED
12-Nov-2025 19:17:10.215 INFO [main] org.apache.catalina.startup.VersionLoggerListener.log Command line argument: --add-opens=java.base/java.lang.reflect=ALL-UNNAMED
12-Nov-2025 19:17:10.215 INFO [main] org.apache.catalina.startup.VersionLoggerListener.log Command line argument: --add-opens=java.base/java.io=ALL-UNNAMED
12-Nov-2025 19:17:10.215 INFO [main] org.apache.catalina.startup.VersionLoggerListener.log Command line argument: --add-opens=java.base/java.util=ALL-UNNAMED
12-Nov-2025 19:17:10.215 INFO [main] org.apache.catalina.startup.VersionLoggerListener.log Command line argument: --add-opens=java.base/java.util.concurrent=ALL-UNNAMED
12-Nov-2025 19:17:10.215 INFO [main] org.apache.catalina.startup.VersionLoggerListener.log Command line argument: --add-opens=java.rmi/sun.rmi.transport=ALL-UNNAMED
12-Nov-2025 19:17:10.215 INFO [main] org.apache.catalina.startup.VersionLoggerListener.log Command line argument: -Djava.util.logging.config.file=/Users/plushavey/Desktop/TP_Projects/WebServletV2/tomcat/conf/logging.properties
12-Nov-2025 19:17:10.215 INFO [main] org.apache.catalina.startup.VersionLoggerListener.log Command line argument: -Djava.util.logging.manager=org.apache.juli.ClassLoaderLogManager
12-Nov-2025 19:17:10.215 INFO [main] org.apache.catalina.startup.VersionLoggerListener.log Command line argument: -Djdk.tls.ephemeralDHKeySize=2048
12-Nov-2025 19:17:10.215 INFO [main] org.apache.catalina.startup.VersionLoggerListener.log Command line argument: -Djava.protocol.handler.pkgs=org.apache.catalina.webresources
12-Nov-2025 19:17:10.215 INFO [main] org.apache.catalina.startup.VersionLoggerListener.log Command line argument: -Dsun.io.useCanonCaches=false
12-Nov-2025 19:17:10.215 INFO [main] org.apache.catalina.startup.VersionLoggerListener.log Command line argument: -Dorg.apache.catalina.security.SecurityListener.UMASK=0027
12-Nov-2025 19:17:10.215 INFO [main] org.apache.catalina.startup.VersionLoggerListener.log Command line argument: -Dignore.endorsed.dirs=
12-Nov-2025 19:17:10.215 INFO [main] org.apache.catalina.startup.VersionLoggerListener.log Command line argument: -Dcatalina.base=/Users/plushavey/Desktop/TP_Projects/WebServletV2/tomcat
12-Nov-2025 19:17:10.215 INFO [main] org.apache.catalina.startup.VersionLoggerListener.log Command line argument: -Dcatalina.home=/Users/plushavey/Desktop/TP_Projects/WebServletV2/tomcat
12-Nov-2025 19:17:10.215 INFO [main] org.apache.catalina.startup.VersionLoggerListener.log Command line argument: -Djava.io.tmpdir=/Users/plushavey/Desktop/TP_Projects/WebServletV2/tomcat/temp
12-Nov-2025 19:17:10.221 INFO [main] org.apache.catalina.core.AprLifecycleListener.lifecycleEvent The Apache Tomcat Native library which allows using OpenSSL was not found on the java.library.path: [/Users/plushavey/Library/Java/Extensions:/Library/Java/Extensions:/Network/Library/Java/Extensions:/System/Library/Java/Extensions:/usr/lib/java:.]
12-Nov-2025 19:17:10.390 INFO [main] org.apache.coyote.AbstractProtocol.init Инициализация ProtocolHandler ["http-nio-8080"]
12-Nov-2025 19:17:10.404 INFO [main] org.apache.catalina.startup.Catalina.load Server initialization in [309] milliseconds
12-Nov-2025 19:17:10.422 INFO [main] org.apache.catalina.core.StandardService.startInternal Starting service [Catalina]
12-Nov-2025 19:17:10.422 INFO [main] org.apache.catalina.core.StandardEngine.startInternal Starting Servlet engine: [Apache Tomcat/9.0.112]
12-Nov-2025 19:17:10.429 INFO [main] org.apache.catalina.startup.HostConfig.deployWAR Deploying web application archive [/Users/plushavey/Desktop/TP_Projects/WebServletV2/tomcat/webapps/WebServletV2.war]
12-Nov-2025 19:17:10.436 INFO [main] org.apache.catalina.startup.ExpandWar.expand An expanded directory [/Users/plushavey/Desktop/TP_Projects/WebServletV2/tomcat/webapps/WebServletV2] was found with a last modified time that did not match the associated WAR. It will be deleted.
Пользователи успешно загружены из файла: /Users/plushavey/Desktop/TP_Projects/WebServletV2/tomcat/webapps/WebServletV2/WEB-INF/users.txt
12-Nov-2025 19:17:10.585 INFO [main] org.apache.catalina.startup.HostConfig.deployWAR Deployment of web application archive [/Users/plushavey/Desktop/TP_Projects/WebServletV2/tomcat/webapps/WebServletV2.war] has finished in [154] ms
12-Nov-2025 19:17:10.585 INFO [main] org.apache.catalina.startup.HostConfig.deployDirectory Установка веб приложения в папку [/Users/plushavey/Desktop/TP_Projects/WebServletV2/tomcat/webapps/docs]
12-Nov-2025 19:17:10.596 INFO [main] org.apache.catalina.startup.HostConfig.deployDirectory Deployment of web application directory [/Users/plushavey/Desktop/TP_Projects/WebServletV2/tomcat/webapps/docs] has finished in [11] ms
12-Nov-2025 19:17:10.596 INFO [main] org.apache.catalina.startup.HostConfig.deployDirectory Установка веб приложения в папку [/Users/plushavey/Desktop/TP_Projects/WebServletV2/tomcat/webapps/manager]
12-Nov-2025 19:17:10.612 INFO [main] org.apache.catalina.startup.HostConfig.deployDirectory Deployment of web application directory [/Users/plushavey/Desktop/TP_Projects/WebServletV2/tomcat/webapps/manager] has finished in [16] ms
12-Nov-2025 19:17:10.612 INFO [main] org.apache.catalina.startup.HostConfig.deployDirectory Установка веб приложения в папку [/Users/plushavey/Desktop/TP_Projects/WebServletV2/tomcat/webapps/examples]
12-Nov-2025 19:17:10.710 INFO [main] org.apache.catalina.startup.HostConfig.deployDirectory Deployment of web application directory [/Users/plushavey/Desktop/TP_Projects/WebServletV2/tomcat/webapps/examples] has finished in [98] ms
12-Nov-2025 19:17:10.710 INFO [main] org.apache.catalina.startup.HostConfig.deployDirectory Установка веб приложения в папку [/Users/plushavey/Desktop/TP_Projects/WebServletV2/tomcat/webapps/ROOT]
12-Nov-2025 19:17:10.718 INFO [main] org.apache.catalina.startup.HostConfig.deployDirectory Deployment of web application directory [/Users/plushavey/Desktop/TP_Projects/WebServletV2/tomcat/webapps/ROOT] has finished in [8] ms
12-Nov-2025 19:17:10.718 INFO [main] org.apache.catalina.startup.HostConfig.deployDirectory Установка веб приложения в папку [/Users/plushavey/Desktop/TP_Projects/WebServletV2/tomcat/webapps/host-manager]
12-Nov-2025 19:17:10.726 INFO [main] org.apache.catalina.startup.HostConfig.deployDirectory Deployment of web application directory [/Users/plushavey/Desktop/TP_Projects/WebServletV2/tomcat/webapps/host-manager] has finished in [8] ms
12-Nov-2025 19:17:10.728 INFO [main] org.apache.coyote.AbstractProtocol.start Starting ProtocolHandler ["http-nio-8080"]
12-Nov-2025 19:17:10.732 INFO [main] org.apache.catalina.startup.Catalina.start Server startup in [326] milliseconds
12-Nov-2025 19:19:06.468 INFO [main] org.apache.catalina.core.StandardServer.await A valid shutdown command was received via the shutdown port. Stopping the Server instance.
12-Nov-2025 19:19:06.468 INFO [main] org.apache.coyote.AbstractProtocol.pause Pausing ProtocolHandler ["http-nio-8080"]
12-Nov-2025 19:19:06.471 INFO [main] org.apache.catalina.core.StandardService.stopInternal Stopping service [Catalina]
12-Nov-2025 19:19:06.485 INFO [main] org.apache.coyote.AbstractProtocol.stop Stopping ProtocolHandler ["http-nio-8080"]
12-Nov-2025 19:19:06.496 INFO [main] org.apache.coyote.AbstractProtocol.destroy Destroying ProtocolHandler ["http-nio-8080"]
NOTE: Picked up JDK_JAVA_OPTIONS:  --add-opens=java.base/java.lang=ALL-UNNAMED --add-opens=java.base/java.lang.invoke=ALL-UNNAMED --add-opens=java.base/java.lang.reflect=ALL-UNNAMED --add-opens=java.base/java.io=ALL-UNNAMED --add-opens=java.base/java.util=ALL-UNNAMED --add-opens=java.base/java.util.concurrent=ALL-UNNAMED --add-opens=java.rmi/sun.rmi.transport=ALL-UNNAMED
12-Nov-2025 19:19:32.350 INFO [main] org.apache.catalina.startup.VersionLoggerListener.log Имя версии сервера:    Apache Tomcat/9.0.112
12-Nov-2025 19:19:32.353 INFO [main] org.apache.catalina.startup.VersionLoggerListener.log Сервер собран:         Nov 6 2025 07:46:18 UTC
12-Nov-2025 19:19:32.353 INFO [main] org.apache.catalina.startup.VersionLoggerListener.log Номер версии сервера:  9.0.112.0
12-Nov-2025 19:19:32.353 INFO [main] org.apache.catalina.startup.VersionLoggerListener.log OS Name:               Mac OS X
12-Nov-2025 19:19:32.353 INFO [main] org.apache.catalina.startup.VersionLoggerListener.log Версия ОС:             15.6.1
12-Nov-2025 19:19:32.353 INFO [main] org.apache.catalina.startup.VersionLoggerListener.log Архитектура:           aarch64
12-Nov-2025 19:19:32.353 INFO [main] org.apache.catalina.startup.VersionLoggerListener.log Java Home:             /Users/plushavey/Library/Java/JavaVirtualMachines/corretto-23.0.2/Contents/Home
12-Nov-2025 19:19:32.353 INFO [main] org.apache.catalina.startup.VersionLoggerListener.log Версия JVM:            23.0.2+7-FR
12-Nov-2025 19:19:32.353 INFO [main] org.apache.catalina.startup.VersionLoggerListener.log Производитель JVM:     Amazon.com Inc.
12-Nov-2025 19:19:32.353 INFO [main] org.apache.catalina.startup.VersionLoggerListener.log CATALINA_BASE:         /Users/plushavey/Desktop/TP_Projects/WebServletV2/tomcat
12-Nov-2025 19:19:32.353 INFO [main] org.apache.catalina.startup.VersionLoggerListener.log CATALINA_HOME:         /Users/plushavey/Desktop/TP_Projects/WebServletV2/tomcat
12-Nov-2025 19:19:32.361 INFO [main] org.apache.catalina.startup.VersionLoggerListener.log Command line argument: --add-opens=java.base/java.lang=ALL-UNNAMED
12-Nov-2025 19:19:32.361 INFO [main] org.apache.catalina.startup.VersionLoggerListener.log Command line argument: --add-opens=java.base/java.lang.invoke=ALL-UNNAMED
12-Nov-2025 19:19:32.361 INFO [main] org.apache.catalina.startup.VersionLoggerListener.log Command line argument: --add-opens=java.base/java.lang.reflect=ALL-UNNAMED
12-Nov-2025 19:19:32.361 INFO [main] org.apache.catalina.startup.VersionLoggerListener.log Command line argument: --add-opens=java.base/java.io=ALL-UNNAMED
12-Nov-2025 19:19:32.361 INFO [main] org.apache.catalina.startup.VersionLoggerListener.log Command line argument: --add-opens=java.base/java.util=ALL-UNNAMED
12-Nov-2025 19:19:32.361 INFO [main] org.apache.catalina.startup.VersionLoggerListener.log Command line argument: --add-opens=java.base/java.util.concurrent=ALL-UNNAMED
12-Nov-2025 19:19:32.361 INFO [main] org.apache.catalina.startup.VersionLoggerListener.log Command line argument: --add-opens=java.rmi/sun.rmi.transport=ALL-UNNAMED
12-Nov-2025 19:19:32.361 INFO [main] org.apache.catalina.startup.VersionLoggerListener.log Command line argument: -Djava.util.logging.config.file=/Users/plushavey/Desktop/TP_Projects/WebServletV2/tomcat/conf/logging.properties
12-Nov-2025 19:19:32.361 INFO [main] org.apache.catalina.startup.VersionLoggerListener.log Command line argument: -Djava.util.logging.manager=org.apache.juli.ClassLoaderLogManager
12-Nov-2025 19:19:32.361 INFO [main] org.apache.catalina.startup.VersionLoggerListener.log Command line argument: -Djdk.tls.ephemeralDHKeySize=2048
12-Nov-2025 19:19:32.361 INFO [main] org.apache.catalina.startup.VersionLoggerListener.log Command line argument: -Djava.protocol.handler.pkgs=org.apache.catalina.webresources
12-Nov-2025 19:19:32.361 INFO [main] org.apache.catalina.startup.VersionLoggerListener.log Command line argument: -Dsun.io.useCanonCaches=false
12-Nov-2025 19:19:32.361 INFO [main] org.apache.catalina.startup.VersionLoggerListener.log Command line argument: -Dorg.apache.catalina.security.SecurityListener.UMASK=0027
12-Nov-2025 19:19:32.361 INFO [main] org.apache.catalina.startup.VersionLoggerListener.log Command line argument: -Dignore.endorsed.dirs=
12-Nov-2025 19:19:32.361 INFO [main] org.apache.catalina.startup.VersionLoggerListener.log Command line argument: -Dcatalina.base=/Users/plushavey/Desktop/TP_Projects/WebServletV2/tomcat
12-Nov-2025 19:19:32.361 INFO [main] org.apache.catalina.startup.VersionLoggerListener.log Command line argument: -Dcatalina.home=/Users/plushavey/Desktop/TP_Projects/WebServletV2/tomcat
12-Nov-2025 19:19:32.361 INFO [main] org.apache.catalina.startup.VersionLoggerListener.log Command line argument: -Djava.io.tmpdir=/Users/plushavey/Desktop/TP_Projects/WebServletV2/tomcat/temp
12-Nov-2025 19:19:32.367 INFO [main] org.apache.catalina.core.AprLifecycleListener.lifecycleEvent The Apache Tomcat Native library which allows using OpenSSL was not found on the java.library.path: [/Users/plushavey/Library/Java/Extensions:/Library/Java/Extensions:/Network/Library/Java/Extensions:/System/Library/Java/Extensions:/usr/lib/java:.]
12-Nov-2025 19:19:32.535 INFO [main] org.apache.coyote.AbstractProtocol.init Инициализация ProtocolHandler ["http-nio-8080"]
12-Nov-2025 19:19:32.549 INFO [main] org.apache.catalina.startup.Catalina.load Server initialization in [303] milliseconds
12-Nov-2025 19:19:32.567 INFO [main] org.apache.catalina.core.StandardService.startInternal Starting service [Catalina]
12-Nov-2025 19:19:32.567 INFO [main] org.apache.catalina.core.StandardEngine.startInternal Starting Servlet engine: [Apache Tomcat/9.0.112]
12-Nov-2025 19:19:32.574 INFO [main] org.apache.catalina.startup.HostConfig.deployWAR Deploying web application archive [/Users/plushavey/Desktop/TP_Projects/WebServletV2/tomcat/webapps/WebServletV2.war]
Пользователи успешно загружены из файла: /Users/plushavey/Desktop/TP_Projects/WebServletV2/tomcat/webapps/WebServletV2/WEB-INF/users.txt
12-Nov-2025 19:19:32.725 INFO [main] org.apache.catalina.startup.HostConfig.deployWAR Deployment of web application archive [/Users/plushavey/Desktop/TP_Projects/WebServletV2/tomcat/webapps/WebServletV2.war] has finished in [149] ms
12-Nov-2025 19:19:32.726 INFO [main] org.apache.catalina.startup.HostConfig.deployDirectory Установка веб приложения в папку [/Users/plushavey/Desktop/TP_Projects/WebServletV2/tomcat/webapps/docs]
12-Nov-2025 19:19:32.737 INFO [main] org.apache.catalina.startup.HostConfig.deployDirectory Deployment of web application directory [/Users/plushavey/Desktop/TP_Projects/WebServletV2/tomcat/webapps/docs] has finished in [12] ms
12-Nov-2025 19:19:32.737 INFO [main] org.apache.catalina.startup.HostConfig.deployDirectory Установка веб приложения в папку [/Users/plushavey/Desktop/TP_Projects/WebServletV2/tomcat/webapps/manager]
12-Nov-2025 19:19:32.752 INFO [main] org.apache.catalina.startup.HostConfig.deployDirectory Deployment of web application directory [/Users/plushavey/Desktop/TP_Projects/WebServletV2/tomcat/webapps/manager] has finished in [15] ms
12-Nov-2025 19:19:32.752 INFO [main] org.apache.catalina.startup.HostConfig.deployDirectory Установка веб приложения в папку [/Users/plushavey/Desktop/TP_Projects/WebServletV2/tomcat/webapps/examples]
12-Nov-2025 19:19:32.849 INFO [main] org.apache.catalina.startup.HostConfig.deployDirectory Deployment of web application directory [/Users/plushavey/Desktop/TP_Projects/WebServletV2/tomcat/webapps/examples] has finished in [97] ms
12-Nov-2025 19:19:32.849 INFO [main] org.apache.catalina.startup.HostConfig.deployDirectory Установка веб приложения в папку [/Users/plushavey/Desktop/TP_Projects/WebServletV2/tomcat/webapps/ROOT]
12-Nov-2025 19:19:32.856 INFO [main] org.apache.catalina.startup.HostConfig.deployDirectory Deployment of web application directory [/Users/plushavey/Desktop/TP_Projects/WebServletV2/tomcat/webapps/ROOT] has finished in [7] ms
12-Nov-2025 19:19:32.856 INFO [main] org.apache.catalina.startup.HostConfig.deployDirectory Установка веб приложения в папку [/Users/plushavey/Desktop/TP_Projects/WebServletV2/tomcat/webapps/host-manager]
12-Nov-2025 19:19:32.864 INFO [main] org.apache.catalina.startup.HostConfig.deployDirectory Deployment of web application directory [/Users/plushavey/Desktop/TP_Projects/WebServletV2/tomcat/webapps/host-manager] has finished in [8] ms
12-Nov-2025 19:19:32.866 INFO [main] org.apache.coyote.AbstractProtocol.start Starting ProtocolHandler ["http-nio-8080"]
12-Nov-2025 19:19:32.870 INFO [main] org.apache.catalina.startup.Catalina.start Server startup in [320] milliseconds
12-Nov-2025 19:22:36.950 INFO [main] org.apache.catalina.core.StandardServer.await A valid shutdown command was received via the shutdown port. Stopping the Server instance.
12-Nov-2025 19:22:36.951 INFO [main] org.apache.coyote.AbstractProtocol.pause Pausing ProtocolHandler ["http-nio-8080"]
12-Nov-2025 19:22:36.955 INFO [main] org.apache.catalina.core.StandardService.stopInternal Stopping service [Catalina]
12-Nov-2025 19:22:36.974 INFO [main] org.apache.coyote.AbstractProtocol.stop Stopping ProtocolHandler ["http-nio-8080"]
12-Nov-2025 19:22:36.979 INFO [main] org.apache.coyote.AbstractProtocol.destroy Destroying ProtocolHandler ["http-nio-8080"]
NOTE: Picked up JDK_JAVA_OPTIONS:  --add-opens=java.base/java.lang=ALL-UNNAMED --add-opens=java.base/java.lang.invoke=ALL-UNNAMED --add-opens=java.base/java.lang.reflect=ALL-UNNAMED --add-opens=java.base/java.io=ALL-UNNAMED --add-opens=java.base/java.util=ALL-UNNAMED --add-opens=java.base/java.util.concurrent=ALL-UNNAMED --add-opens=java.rmi/sun.rmi.transport=ALL-UNNAMED
12-Nov-2025 19:23:22.803 INFO [main] org.apache.catalina.startup.VersionLoggerListener.log Имя версии сервера:    Apache Tomcat/9.0.112
12-Nov-2025 19:23:22.805 INFO [main] org.apache.catalina.startup.VersionLoggerListener.log Сервер собран:         Nov 6 2025 07:46:18 UTC
12-Nov-2025 19:23:22.806 INFO [main] org.apache.catalina.startup.VersionLoggerListener.log Номер версии сервера:  9.0.112.0
12-Nov-2025 19:23:22.806 INFO [main] org.apache.catalina.startup.VersionLoggerListener.log OS Name:               Mac OS X
12-Nov-2025 19:23:22.806 INFO [main] org.apache.catalina.startup.VersionLoggerListener.log Версия ОС:             15.6.1
12-Nov-2025 19:23:22.806 INFO [main] org.apache.catalina.startup.VersionLoggerListener.log Архитектура:           aarch64
12-Nov-2025 19:23:22.806 INFO [main] org.apache.catalina.startup.VersionLoggerListener.log Java Home:             /Users/plushavey/Library/Java/JavaVirtualMachines/corretto-23.0.2/Contents/Home
12-Nov-2025 19:23:22.806 INFO [main] org.apache.catalina.startup.VersionLoggerListener.log Версия JVM:            23.0.2+7-FR
12-Nov-2025 19:23:22.806 INFO [main] org.apache.catalina.startup.VersionLoggerListener.log Производитель JVM:     Amazon.com Inc.
12-Nov-2025 19:23:22.806 INFO [main] org.apache.catalina.startup.VersionLoggerListener.log CATALINA_BASE:         /Users/plushavey/Desktop/TP_Projects/WebServletV2/tomcat
12-Nov-2025 19:23:22.806 INFO [main] org.apache.catalina.startup.VersionLoggerListener.log CATALINA_HOME:         /Users/plushavey/Desktop/TP_Projects/WebServletV2/tomcat
12-Nov-2025 19:23:22.814 INFO [main] org.apache.catalina.startup.VersionLoggerListener.log Command line argument: --add-opens=java.base/java.lang=ALL-UNNAMED
12-Nov-2025 19:23:22.814 INFO [main] org.apache.catalina.startup.VersionLoggerListener.log Command line argument: --add-opens=java.base/java.lang.invoke=ALL-UNNAMED
12-Nov-2025 19:23:22.814 INFO [main] org.apache.catalina.startup.VersionLoggerListener.log Command line argument: --add-opens=java.base/java.lang.reflect=ALL-UNNAMED
12-Nov-2025 19:23:22.814 INFO [main] org.apache.catalina.startup.VersionLoggerListener.log Command line argument: --add-opens=java.base/java.io=ALL-UNNAMED
12-Nov-2025 19:23:22.814 INFO [main] org.apache.catalina.startup.VersionLoggerListener.log Command line argument: --add-opens=java.base/java.util=ALL-UNNAMED
12-Nov-2025 19:23:22.814 INFO [main] org.apache.catalina.startup.VersionLoggerListener.log Command line argument: --add-opens=java.base/java.util.concurrent=ALL-UNNAMED
12-Nov-2025 19:23:22.814 INFO [main] org.apache.catalina.startup.VersionLoggerListener.log Command line argument: --add-opens=java.rmi/sun.rmi.transport=ALL-UNNAMED
12-Nov-2025 19:23:22.814 INFO [main] org.apache.catalina.startup.VersionLoggerListener.log Command line argument: -Djava.util.logging.config.file=/Users/plushavey/Desktop/TP_Projects/WebServletV2/tomcat/conf/logging.properties
12-Nov-2025 19:23:22.814 INFO [main] org.apache.catalina.startup.VersionLoggerListener.log Command line argument: -Djava.util.logging.manager=org.apache.juli.ClassLoaderLogManager
12-Nov-2025 19:23:22.814 INFO [main] org.apache.catalina.startup.VersionLoggerListener.log Command line argument: -Djdk.tls.ephemeralDHKeySize=2048
12-Nov-2025 19:23:22.814 INFO [main] org.apache.catalina.startup.VersionLoggerListener.log Command line argument: -Djava.protocol.handler.pkgs=org.apache.catalina.webresources
12-Nov-2025 19:23:22.814 INFO [main] org.apache.catalina.startup.VersionLoggerListener.log Command line argument: -Dsun.io.useCanonCaches=false
12-Nov-2025 19:23:22.814 INFO [main] org.apache.catalina.startup.VersionLoggerListener.log Command line argument: -Dorg.apache.catalina.security.SecurityListener.UMASK=0027
12-Nov-2025 19:23:22.814 INFO [main] org.apache.catalina.startup.VersionLoggerListener.log Command line argument: -Dignore.endorsed.dirs=
12-Nov-2025 19:23:22.814 INFO [main] org.apache.catalina.startup.VersionLoggerListener.log Command line argument: -Dcatalina.base=/Users/plushavey/Desktop/TP_Projects/WebServletV2/tomcat
12-Nov-2025 19:23:22.814 INFO [main] org.apache.catalina.startup.VersionLoggerListener.log Command line argument: -Dcatalina.home=/Users/plushavey/Desktop/TP_Projects/WebServletV2/tomcat
12-Nov-2025 19:23:22.814 INFO [main] org.apache.catalina.startup.VersionLoggerListener.log Command line argument: -Djava.io.tmpdir=/Users/plushavey/Desktop/TP_Projects/WebServletV2/tomcat/temp
12-Nov-2025 19:23:22.820 INFO [main] org.apache.catalina.core.AprLifecycleListener.lifecycleEvent The Apache Tomcat Native library which allows using OpenSSL was not found on the java.library.path: [/Users/plushavey/Library/Java/Extensions:/Library/Java/Extensions:/Network/Library/Java/Extensions:/System/Library/Java/Extensions:/usr/lib/java:.]
12-Nov-2025 19:23:22.990 INFO [main] org.apache.coyote.AbstractProtocol.init Инициализация ProtocolHandler ["http-nio-8080"]
12-Nov-2025 19:23:23.004 INFO [main] org.apache.catalina.startup.Catalina.load Server initialization in [308] milliseconds
12-Nov-2025 19:23:23.022 INFO [main] org.apache.catalina.core.StandardService.startInternal Starting service [Catalina]
12-Nov-2025 19:23:23.022 INFO [main] org.apache.catalina.core.StandardEngine.startInternal Starting Servlet engine: [Apache Tomcat/9.0.112]
12-Nov-2025 19:23:23.029 INFO [main] org.apache.catalina.startup.HostConfig.deployWAR Deploying web application archive [/Users/plushavey/Desktop/TP_Projects/WebServletV2/tomcat/webapps/WebServletV2.war]
12-Nov-2025 19:23:23.036 INFO [main] org.apache.catalina.startup.ExpandWar.expand An expanded directory [/Users/plushavey/Desktop/TP_Projects/WebServletV2/tomcat/webapps/WebServletV2] was found with a last modified time that did not match the associated WAR. It will be deleted.
Пользователи успешно загружены из файла: /Users/plushavey/Desktop/TP_Projects/WebServletV2/tomcat/webapps/WebServletV2/WEB-INF/users.txt
12-Nov-2025 19:23:23.185 INFO [main] org.apache.catalina.startup.HostConfig.deployWAR Deployment of web application archive [/Users/plushavey/Desktop/TP_Projects/WebServletV2/tomcat/webapps/WebServletV2.war] has finished in [154] ms
12-Nov-2025 19:23:23.185 INFO [main] org.apache.catalina.startup.HostConfig.deployDirectory Установка веб приложения в папку [/Users/plushavey/Desktop/TP_Projects/WebServletV2/tomcat/webapps/docs]
12-Nov-2025 19:23:23.198 INFO [main] org.apache.catalina.startup.HostConfig.deployDirectory Deployment of web application directory [/Users/plushavey/Desktop/TP_Projects/WebServletV2/tomcat/webapps/docs] has finished in [12] ms
12-Nov-2025 19:23:23.198 INFO [main] org.apache.catalina.startup.HostConfig.deployDirectory Установка веб приложения в папку [/Users/plushavey/Desktop/TP_Projects/WebServletV2/tomcat/webapps/manager]
12-Nov-2025 19:23:23.214 INFO [main] org.apache.catalina.startup.HostConfig.deployDirectory Deployment of web application directory [/Users/plushavey/Desktop/TP_Projects/WebServletV2/tomcat/webapps/manager] has finished in [16] ms
12-Nov-2025 19:23:23.215 INFO [main] org.apache.catalina.startup.HostConfig.deployDirectory Установка веб приложения в папку [/Users/plushavey/Desktop/TP_Projects/WebServletV2/tomcat/webapps/examples]
12-Nov-2025 19:23:23.316 INFO [main] org.apache.catalina.startup.HostConfig.deployDirectory Deployment of web application directory [/Users/plushavey/Desktop/TP_Projects/WebServletV2/tomcat/webapps/examples] has finished in [102] ms
12-Nov-2025 19:23:23.316 INFO [main] org.apache.catalina.startup.HostConfig.deployDirectory Установка веб приложения в папку [/Users/plushavey/Desktop/TP_Projects/WebServletV2/tomcat/webapps/ROOT]
12-Nov-2025 19:23:23.324 INFO [main] org.apache.catalina.startup.HostConfig.deployDirectory Deployment of web application directory [/Users/plushavey/Desktop/TP_Projects/WebServletV2/tomcat/webapps/ROOT] has finished in [8] ms
12-Nov-2025 19:23:23.324 INFO [main] org.apache.catalina.startup.HostConfig.deployDirectory Установка веб приложения в папку [/Users/plushavey/Desktop/TP_Projects/WebServletV2/tomcat/webapps/host-manager]
12-Nov-2025 19:23:23.332 INFO [main] org.apache.catalina.startup.HostConfig.deployDirectory Deployment of web application directory [/Users/plushavey/Desktop/TP_Projects/WebServletV2/tomcat/webapps/host-manager] has finished in [8] ms
12-Nov-2025 19:23:23.334 INFO [main] org.apache.coyote.AbstractProtocol.start Starting ProtocolHandler ["http-nio-8080"]
12-Nov-2025 19:23:23.338 INFO [main] org.apache.catalina.startup.Catalina.start Server startup in [333] milliseconds
12-Nov-2025 19:56:10.821 INFO [main] org.apache.catalina.core.StandardServer.await A valid shutdown command was received via the shutdown port. Stopping the Server instance.
12-Nov-2025 19:56:10.822 INFO [main] org.apache.coyote.AbstractProtocol.pause Pausing ProtocolHandler ["http-nio-8080"]
12-Nov-2025 19:56:10.825 INFO [main] org.apache.catalina.core.StandardService.stopInternal Stopping service [Catalina]
12-Nov-2025 19:56:10.840 INFO [main] org.apache.coyote.AbstractProtocol.stop Stopping ProtocolHandler ["http-nio-8080"]
12-Nov-2025 19:56:10.849 INFO [main] org.apache.coyote.AbstractProtocol.destroy Destroying ProtocolHandler ["http-nio-8080"]
NOTE: Picked up JDK_JAVA_OPTIONS:  --add-opens=java.base/java.lang=ALL-UNNAMED --add-opens=java.base/java.lang.invoke=ALL-UNNAMED --add-opens=java.base/java.lang.reflect=ALL-UNNAMED --add-opens=java.base/java.io=ALL-UNNAMED --add-opens=java.base/java.util=ALL-UNNAMED --add-opens=java.base/java.util.concurrent=ALL-UNNAMED --add-opens=java.rmi/sun.rmi.transport=ALL-UNNAMED
13-Nov-2025 00:10:17.766 INFO [main] org.apache.catalina.startup.VersionLoggerListener.log Имя версии сервера:    Apache Tomcat/9.0.112
13-Nov-2025 00:10:17.768 INFO [main] org.apache.catalina.startup.VersionLoggerListener.log Сервер собран:         Nov 6 2025 07:46:18 UTC
13-Nov-2025 00:10:17.768 INFO [main] org.apache.catalina.startup.VersionLoggerListener.log Номер версии сервера:  9.0.112.0
13-Nov-2025 00:10:17.768 INFO [main] org.apache.catalina.startup.VersionLoggerListener.log OS Name:               Mac OS X
13-Nov-2025 00:10:17.769 INFO [main] org.apache.catalina.startup.VersionLoggerListener.log Версия ОС:             15.6.1
13-Nov-2025 00:10:17.769 INFO [main] org.apache.catalina.startup.VersionLoggerListener.log Архитектура:           aarch64
13-Nov-2025 00:10:17.769 INFO [main] org.apache.catalina.startup.VersionLoggerListener.log Java Home:             /Users/plushavey/Library/Java/JavaVirtualMachines/corretto-23.0.2/Contents/Home
13-Nov-2025 00:10:17.769 INFO [main] org.apache.catalina.startup.VersionLoggerListener.log Версия JVM:            23.0.2+7-FR
13-Nov-2025 00:10:17.769 INFO [main] org.apache.catalina.startup.VersionLoggerListener.log Производитель JVM:     Amazon.com Inc.
13-Nov-2025 00:10:17.769 INFO [main] org.apache.catalina.startup.VersionLoggerListener.log CATALINA_BASE:         /Users/plushavey/Desktop/TP_Projects/WebServletV2/tomcat
13-Nov-2025 00:10:17.769 INFO [main] org.apache.catalina.startup.VersionLoggerListener.log CATALINA_HOME:         /Users/plushavey/Desktop/TP_Projects/WebServletV2/tomcat
13-Nov-2025 00:10:17.781 INFO [main] org.apache.catalina.startup.VersionLoggerListener.log Command line argument: --add-opens=java.base/java.lang=ALL-UNNAMED
13-Nov-2025 00:10:17.781 INFO [main] org.apache.catalina.startup.VersionLoggerListener.log Command line argument: --add-opens=java.base/java.lang.invoke=ALL-UNNAMED
13-Nov-2025 00:10:17.781 INFO [main] org.apache.catalina.startup.VersionLoggerListener.log Command line argument: --add-opens=java.base/java.lang.reflect=ALL-UNNAMED
13-Nov-2025 00:10:17.781 INFO [main] org.apache.catalina.startup.VersionLoggerListener.log Command line argument: --add-opens=java.base/java.io=ALL-UNNAMED
13-Nov-2025 00:10:17.781 INFO [main] org.apache.catalina.startup.VersionLoggerListener.log Command line argument: --add-opens=java.base/java.util=ALL-UNNAMED
13-Nov-2025 00:10:17.782 INFO [main] org.apache.catalina.startup.VersionLoggerListener.log Command line argument: --add-opens=java.base/java.util.concurrent=ALL-UNNAMED
13-Nov-2025 00:10:17.782 INFO [main] org.apache.catalina.startup.VersionLoggerListener.log Command line argument: --add-opens=java.rmi/sun.rmi.transport=ALL-UNNAMED
13-Nov-2025 00:10:17.782 INFO [main] org.apache.catalina.startup.VersionLoggerListener.log Command line argument: -Djava.util.logging.config.file=/Users/plushavey/Desktop/TP_Projects/WebServletV2/tomcat/conf/logging.properties
13-Nov-2025 00:10:17.782 INFO [main] org.apache.catalina.startup.VersionLoggerListener.log Command line argument: -Djava.util.logging.manager=org.apache.juli.ClassLoaderLogManager
13-Nov-2025 00:10:17.782 INFO [main] org.apache.catalina.startup.VersionLoggerListener.log Command line argument: -Djdk.tls.ephemeralDHKeySize=2048
13-Nov-2025 00:10:17.782 INFO [main] org.apache.catalina.startup.VersionLoggerListener.log Command line argument: -Djava.protocol.handler.pkgs=org.apache.catalina.webresources
13-Nov-2025 00:10:17.782 INFO [main] org.apache.catalina.startup.VersionLoggerListener.log Command line argument: -Dsun.io.useCanonCaches=false
13-Nov-2025 00:10:17.782 INFO [main] org.apache.catalina.startup.VersionLoggerListener.log Command line argument: -Dorg.apache.catalina.security.SecurityListener.UMASK=0027
13-Nov-2025 00:10:17.782 INFO [main] org.apache.catalina.startup.VersionLoggerListener.log Command line argument: -Dignore.endorsed.dirs=
13-Nov-2025 00:10:17.782 INFO [main] org.apache.catalina.startup.VersionLoggerListener.log Command line argument: -Dcatalina.base=/Users/plushavey/Desktop/TP_Projects/WebServletV2/tomcat
13-Nov-2025 00:10:17.782 INFO [main] org.apache.catalina.startup.VersionLoggerListener.log Command line argument: -Dcatalina.home=/Users/plushavey/Desktop/TP_Projects/WebServletV2/tomcat
13-Nov-2025 00:10:17.782 INFO [main] org.apache.catalina.startup.VersionLoggerListener.log Command line argument: -Djava.io.tmpdir=/Users/plushavey/Desktop/TP_Projects/WebServletV2/tomcat/temp
13-Nov-2025 00:10:17.788 INFO [main] org.apache.catalina.core.AprLifecycleListener.lifecycleEvent The Apache Tomcat Native library which allows using OpenSSL was not found on the java.library.path: [/Users/plushavey/Library/Java/Extensions:/Library/Java/Extensions:/Network/Library/Java/Extensions:/System/Library/Java/Extensions:/usr/lib/java:.]
13-Nov-2025 00:10:17.957 INFO [main] org.apache.coyote.AbstractProtocol.init Инициализация ProtocolHandler ["http-nio-8080"]
13-Nov-2025 00:10:17.975 INFO [main] org.apache.catalina.startup.Catalina.load Server initialization in [317] milliseconds
13-Nov-2025 00:10:17.994 INFO [main] org.apache.catalina.core.StandardService.startInternal Starting service [Catalina]
13-Nov-2025 00:10:17.994 INFO [main] org.apache.catalina.core.StandardEngine.startInternal Starting Servlet engine: [Apache Tomcat/9.0.112]
13-Nov-2025 00:10:18.001 INFO [main] org.apache.catalina.startup.HostConfig.deployWAR Deploying web application archive [/Users/plushavey/Desktop/TP_Projects/WebServletV2/tomcat/webapps/WebServletV2.war]
Пользователи успешно загружены из файла: /Users/plushavey/Desktop/TP_Projects/WebServletV2/tomcat/webapps/WebServletV2/WEB-INF/users.txt
13-Nov-2025 00:10:18.152 INFO [main] org.apache.catalina.startup.HostConfig.deployWAR Deployment of web application archive [/Users/plushavey/Desktop/TP_Projects/WebServletV2/tomcat/webapps/WebServletV2.war] has finished in [149] ms
13-Nov-2025 00:10:18.152 INFO [main] org.apache.catalina.startup.HostConfig.deployDirectory Установка веб приложения в папку [/Users/plushavey/Desktop/TP_Projects/WebServletV2/tomcat/webapps/docs]
13-Nov-2025 00:10:18.165 INFO [main] org.apache.catalina.startup.HostConfig.deployDirectory Deployment of web application directory [/Users/plushavey/Desktop/TP_Projects/WebServletV2/tomcat/webapps/docs] has finished in [13] ms
13-Nov-2025 00:10:18.165 INFO [main] org.apache.catalina.startup.HostConfig.deployDirectory Установка веб приложения в папку [/Users/plushavey/Desktop/TP_Projects/WebServletV2/tomcat/webapps/manager]
13-Nov-2025 00:10:18.181 INFO [main] org.apache.catalina.startup.HostConfig.deployDirectory Deployment of web application directory [/Users/plushavey/Desktop/TP_Projects/WebServletV2/tomcat/webapps/manager] has finished in [16] ms
13-Nov-2025 00:10:18.181 INFO [main] org.apache.catalina.startup.HostConfig.deployDirectory Установка веб приложения в папку [/Users/plushavey/Desktop/TP_Projects/WebServletV2/tomcat/webapps/examples]
13-Nov-2025 00:10:18.284 INFO [main] org.apache.catalina.startup.HostConfig.deployDirectory Deployment of web application directory [/Users/plushavey/Desktop/TP_Projects/WebServletV2/tomcat/webapps/examples] has finished in [103] ms
13-Nov-2025 00:10:18.284 INFO [main] org.apache.catalina.startup.HostConfig.deployDirectory Установка веб приложения в папку [/Users/plushavey/Desktop/TP_Projects/WebServletV2/tomcat/webapps/ROOT]
13-Nov-2025 00:10:18.292 INFO [main] org.apache.catalina.startup.HostConfig.deployDirectory Deployment of web application directory [/Users/plushavey/Desktop/TP_Projects/WebServletV2/tomcat/webapps/ROOT] has finished in [8] ms
13-Nov-2025 00:10:18.292 INFO [main] org.apache.catalina.startup.HostConfig.deployDirectory Установка веб приложения в папку [/Users/plushavey/Desktop/TP_Projects/WebServletV2/tomcat/webapps/host-manager]
13-Nov-2025 00:10:18.301 INFO [main] org.apache.catalina.startup.HostConfig.deployDirectory Deployment of web application directory [/Users/plushavey/Desktop/TP_Projects/WebServletV2/tomcat/webapps/host-manager] has finished in [8] ms
13-Nov-2025 00:10:18.302 INFO [main] org.apache.coyote.AbstractProtocol.start Starting ProtocolHandler ["http-nio-8080"]
13-Nov-2025 00:10:18.306 INFO [main] org.apache.catalina.startup.Catalina.start Server startup in [330] milliseconds
13-Nov-2025 00:11:22.514 INFO [main] org.apache.catalina.core.StandardServer.await A valid shutdown command was received via the shutdown port. Stopping the Server instance.
13-Nov-2025 00:11:22.514 INFO [main] org.apache.coyote.AbstractProtocol.pause Pausing ProtocolHandler ["http-nio-8080"]
13-Nov-2025 00:11:22.516 INFO [main] org.apache.catalina.core.StandardService.stopInternal Stopping service [Catalina]
13-Nov-2025 00:11:22.534 INFO [main] org.apache.coyote.AbstractProtocol.stop Stopping ProtocolHandler ["http-nio-8080"]
13-Nov-2025 00:11:22.541 INFO [main] org.apache.coyote.AbstractProtocol.destroy Destroying ProtocolHandler ["http-nio-8080"]
NOTE: Picked up JDK_JAVA_OPTIONS:  --add-opens=java.base/java.lang=ALL-UNNAMED --add-opens=java.base/java.lang.invoke=ALL-UNNAMED --add-opens=java.base/java.lang.reflect=ALL-UNNAMED --add-opens=java.base/java.io=ALL-UNNAMED --add-opens=java.base/java.util=ALL-UNNAMED --add-opens=java.base/java.util.concurrent=ALL-UNNAMED --add-opens=java.rmi/sun.rmi.transport=ALL-UNNAMED
13-Nov-2025 09:59:06.806 INFO [main] org.apache.catalina.startup.VersionLoggerListener.log Имя версии сервера:    Apache Tomcat/9.0.112
13-Nov-2025 09:59:06.809 INFO [main] org.apache.catalina.startup.VersionLoggerListener.log Сервер собран:         Nov 6 2025 07:46:18 UTC
13-Nov-2025 09:59:06.809 INFO [main] org.apache.catalina.startup.VersionLoggerListener.log Номер версии сервера:  9.0.112.0
13-Nov-2025 09:59:06.809 INFO [main] org.apache.catalina.startup.VersionLoggerListener.log OS Name:               Mac OS X
13-Nov-2025 09:59:06.809 INFO [main] org.apache.catalina.startup.VersionLoggerListener.log Версия ОС:             15.6.1
13-Nov-2025 09:59:06.809 INFO [main] org.apache.catalina.startup.VersionLoggerListener.log Архитектура:           aarch64
13-Nov-2025 09:59:06.809 INFO [main] org.apache.catalina.startup.VersionLoggerListener.log Java Home:             /Users/plushavey/Library/Java/JavaVirtualMachines/corretto-23.0.2/Contents/Home
13-Nov-2025 09:59:06.809 INFO [main] org.apache.catalina.startup.VersionLoggerListener.log Версия JVM:            23.0.2+7-FR
13-Nov-2025 09:59:06.809 INFO [main] org.apache.catalina.startup.VersionLoggerListener.log Производитель JVM:     Amazon.com Inc.
13-Nov-2025 09:59:06.810 INFO [main] org.apache.catalina.startup.VersionLoggerListener.log CATALINA_BASE:         /Users/plushavey/Desktop/TP_Projects/WebServletV2/tomcat
13-Nov-2025 09:59:06.810 INFO [main] org.apache.catalina.startup.VersionLoggerListener.log CATALINA_HOME:         /Users/plushavey/Desktop/TP_Projects/WebServletV2/tomcat
13-Nov-2025 09:59:06.818 INFO [main] org.apache.catalina.startup.VersionLoggerListener.log Command line argument: --add-opens=java.base/java.lang=ALL-UNNAMED
13-Nov-2025 09:59:06.818 INFO [main] org.apache.catalina.startup.VersionLoggerListener.log Command line argument: --add-opens=java.base/java.lang.invoke=ALL-UNNAMED
13-Nov-2025 09:59:06.818 INFO [main] org.apache.catalina.startup.VersionLoggerListener.log Command line argument: --add-opens=java.base/java.lang.reflect=ALL-UNNAMED
13-Nov-2025 09:59:06.818 INFO [main] org.apache.catalina.startup.VersionLoggerListener.log Command line argument: --add-opens=java.base/java.io=ALL-UNNAMED
13-Nov-2025 09:59:06.818 INFO [main] org.apache.catalina.startup.VersionLoggerListener.log Command line argument: --add-opens=java.base/java.util=ALL-UNNAMED
13-Nov-2025 09:59:06.819 INFO [main] org.apache.catalina.startup.VersionLoggerListener.log Command line argument: --add-opens=java.base/java.util.concurrent=ALL-UNNAMED
13-Nov-2025 09:59:06.819 INFO [main] org.apache.catalina.startup.VersionLoggerListener.log Command line argument: --add-opens=java.rmi/sun.rmi.transport=ALL-UNNAMED
13-Nov-2025 09:59:06.819 INFO [main] org.apache.catalina.startup.VersionLoggerListener.log Command line argument: -Djava.util.logging.config.file=/Users/plushavey/Desktop/TP_Projects/WebServletV2/tomcat/conf/logging.properties
13-Nov-2025 09:59:06.819 INFO [main] org.apache.catalina.startup.VersionLoggerListener.log Command line argument: -Djava.util.logging.manager=org.apache.juli.ClassLoaderLogManager
13-Nov-2025 09:59:06.819 INFO [main] org.apache.catalina.startup.VersionLoggerListener.log Command line argument: -Djdk.tls.ephemeralDHKeySize=2048
13-Nov-2025 09:59:06.819 INFO [main] org.apache.catalina.startup.VersionLoggerListener.log Command line argument: -Djava.protocol.handler.pkgs=org.apache.catalina.webresources
13-Nov-2025 09:59:06.819 INFO [main] org.apache.catalina.startup.VersionLoggerListener.log Command line argument: -Dsun.io.useCanonCaches=false
13-Nov-2025 09:59:06.819 INFO [main] org.apache.catalina.startup.VersionLoggerListener.log Command line argument: -Dorg.apache.catalina.security.SecurityListener.UMASK=0027
13-Nov-2025 09:59:06.819 INFO [main] org.apache.catalina.startup.VersionLoggerListener.log Command line argument: -Dignore.endorsed.dirs=
13-Nov-2025 09:59:06.819 INFO [main] org.apache.catalina.startup.VersionLoggerListener.log Command line argument: -Dcatalina.base=/Users/plushavey/Desktop/TP_Projects/WebServletV2/tomcat
13-Nov-2025 09:59:06.819 INFO [main] org.apache.catalina.startup.VersionLoggerListener.log Command line argument: -Dcatalina.home=/Users/plushavey/Desktop/TP_Projects/WebServletV2/tomcat
13-Nov-2025 09:59:06.819 INFO [main] org.apache.catalina.startup.VersionLoggerListener.log Command line argument: -Djava.io.tmpdir=/Users/plushavey/Desktop/TP_Projects/WebServletV2/tomcat/temp
13-Nov-2025 09:59:06.825 INFO [main] org.apache.catalina.core.AprLifecycleListener.lifecycleEvent The Apache Tomcat Native library which allows using OpenSSL was not found on the java.library.path: [/Users/plushavey/Library/Java/Extensions:/Library/Java/Extensions:/Network/Library/Java/Extensions:/System/Library/Java/Extensions:/usr/lib/java:.]
13-Nov-2025 09:59:06.995 INFO [main] org.apache.coyote.AbstractProtocol.init Инициализация ProtocolHandler ["http-nio-8080"]
13-Nov-2025 09:59:07.009 INFO [main] org.apache.catalina.startup.Catalina.load Server initialization in [310] milliseconds
13-Nov-2025 09:59:07.028 INFO [main] org.apache.catalina.core.StandardService.startInternal Starting service [Catalina]
13-Nov-2025 09:59:07.028 INFO [main] org.apache.catalina.core.StandardEngine.startInternal Starting Servlet engine: [Apache Tomcat/9.0.112]
13-Nov-2025 09:59:07.035 INFO [main] org.apache.catalina.startup.HostConfig.deployWAR Deploying web application archive [/Users/plushavey/Desktop/TP_Projects/WebServletV2/tomcat/webapps/WebServletV2.war]
Пользователи успешно загружены из файла: /Users/plushavey/Desktop/TP_Projects/WebServletV2/tomcat/webapps/WebServletV2/WEB-INF/users.txt
13-Nov-2025 09:59:07.190 INFO [main] org.apache.catalina.startup.HostConfig.deployWAR Deployment of web application archive [/Users/plushavey/Desktop/TP_Projects/WebServletV2/tomcat/webapps/WebServletV2.war] has finished in [153] ms
13-Nov-2025 09:59:07.191 INFO [main] org.apache.catalina.startup.HostConfig.deployDirectory Установка веб приложения в папку [/Users/plushavey/Desktop/TP_Projects/WebServletV2/tomcat/webapps/docs]
13-Nov-2025 09:59:07.203 INFO [main] org.apache.catalina.startup.HostConfig.deployDirectory Deployment of web application directory [/Users/plushavey/Desktop/TP_Projects/WebServletV2/tomcat/webapps/docs] has finished in [12] ms
13-Nov-2025 09:59:07.203 INFO [main] org.apache.catalina.startup.HostConfig.deployDirectory Установка веб приложения в папку [/Users/plushavey/Desktop/TP_Projects/WebServletV2/tomcat/webapps/manager]
13-Nov-2025 09:59:07.219 INFO [main] org.apache.catalina.startup.HostConfig.deployDirectory Deployment of web application directory [/Users/plushavey/Desktop/TP_Projects/WebServletV2/tomcat/webapps/manager] has finished in [15] ms
13-Nov-2025 09:59:07.219 INFO [main] org.apache.catalina.startup.HostConfig.deployDirectory Установка веб приложения в папку [/Users/plushavey/Desktop/TP_Projects/WebServletV2/tomcat/webapps/examples]
13-Nov-2025 09:59:07.318 INFO [main] org.apache.catalina.startup.HostConfig.deployDirectory Deployment of web application directory [/Users/plushavey/Desktop/TP_Projects/WebServletV2/tomcat/webapps/examples] has finished in [99] ms
13-Nov-2025 09:59:07.319 INFO [main] org.apache.catalina.startup.HostConfig.deployDirectory Установка веб приложения в папку [/Users/plushavey/Desktop/TP_Projects/WebServletV2/tomcat/webapps/ROOT]
13-Nov-2025 09:59:07.326 INFO [main] org.apache.catalina.startup.HostConfig.deployDirectory Deployment of web application directory [/Users/plushavey/Desktop/TP_Projects/WebServletV2/tomcat/webapps/ROOT] has finished in [7] ms
13-Nov-2025 09:59:07.326 INFO [main] org.apache.catalina.startup.HostConfig.deployDirectory Установка веб приложения в папку [/Users/plushavey/Desktop/TP_Projects/WebServletV2/tomcat/webapps/host-manager]
13-Nov-2025 09:59:07.334 INFO [main] org.apache.catalina.startup.HostConfig.deployDirectory Deployment of web application directory [/Users/plushavey/Desktop/TP_Projects/WebServletV2/tomcat/webapps/host-manager] has finished in [8] ms
13-Nov-2025 09:59:07.336 INFO [main] org.apache.coyote.AbstractProtocol.start Starting ProtocolHandler ["http-nio-8080"]
13-Nov-2025 09:59:07.340 INFO [main] org.apache.catalina.startup.Catalina.start Server startup in [330] milliseconds
13-Nov-2025 10:32:41.352 INFO [main] org.apache.catalina.core.StandardServer.await A valid shutdown command was received via the shutdown port. Stopping the Server instance.
13-Nov-2025 10:32:41.353 INFO [main] org.apache.coyote.AbstractProtocol.pause Pausing ProtocolHandler ["http-nio-8080"]
13-Nov-2025 10:32:41.357 INFO [main] org.apache.catalina.core.StandardService.stopInternal Stopping service [Catalina]
13-Nov-2025 10:32:41.375 INFO [main] org.apache.coyote.AbstractProtocol.stop Stopping ProtocolHandler ["http-nio-8080"]
13-Nov-2025 10:32:41.382 INFO [main] org.apache.coyote.AbstractProtocol.destroy Destroying ProtocolHandler ["http-nio-8080"]
NOTE: Picked up JDK_JAVA_OPTIONS:  --add-opens=java.base/java.lang=ALL-UNNAMED --add-opens=java.base/java.lang.invoke=ALL-UNNAMED --add-opens=java.base/java.lang.reflect=ALL-UNNAMED --add-opens=java.base/java.io=ALL-UNNAMED --add-opens=java.base/java.util=ALL-UNNAMED --add-opens=java.base/java.util.concurrent=ALL-UNNAMED --add-opens=java.rmi/sun.rmi.transport=ALL-UNNAMED
13-Nov-2025 10:33:51.049 INFO [main] org.apache.catalina.startup.VersionLoggerListener.log Имя версии сервера:    Apache Tomcat/9.0.112
13-Nov-2025 10:33:51.052 INFO [main] org.apache.catalina.startup.VersionLoggerListener.log Сервер собран:         Nov 6 2025 07:46:18 UTC
13-Nov-2025 10:33:51.052 INFO [main] org.apache.catalina.startup.VersionLoggerListener.log Номер версии сервера:  9.0.112.0
13-Nov-2025 10:33:51.052 INFO [main] org.apache.catalina.startup.VersionLoggerListener.log OS Name:               Mac OS X
13-Nov-2025 10:33:51.052 INFO [main] org.apache.catalina.startup.VersionLoggerListener.log Версия ОС:             15.6.1
13-Nov-2025 10:33:51.052 INFO [main] org.apache.catalina.startup.VersionLoggerListener.log Архитектура:           aarch64
13-Nov-2025 10:33:51.052 INFO [main] org.apache.catalina.startup.VersionLoggerListener.log Java Home:             /Users/plushavey/Library/Java/JavaVirtualMachines/corretto-23.0.2/Contents/Home
13-Nov-2025 10:33:51.052 INFO [main] org.apache.catalina.startup.VersionLoggerListener.log Версия JVM:            23.0.2+7-FR
13-Nov-2025 10:33:51.052 INFO [main] org.apache.catalina.startup.VersionLoggerListener.log Производитель JVM:     Amazon.com Inc.
13-Nov-2025 10:33:51.052 INFO [main] org.apache.catalina.startup.VersionLoggerListener.log CATALINA_BASE:         /Users/plushavey/Desktop/TP_Projects/WebServletV2/tomcat
13-Nov-2025 10:33:51.052 INFO [main] org.apache.catalina.startup.VersionLoggerListener.log CATALINA_HOME:         /Users/plushavey/Desktop/TP_Projects/WebServletV2/tomcat
13-Nov-2025 10:33:51.060 INFO [main] org.apache.catalina.startup.VersionLoggerListener.log Command line argument: --add-opens=java.base/java.lang=ALL-UNNAMED
13-Nov-2025 10:33:51.060 INFO [main] org.apache.catalina.startup.VersionLoggerListener.log Command line argument: --add-opens=java.base/java.lang.invoke=ALL-UNNAMED
13-Nov-2025 10:33:51.060 INFO [main] org.apache.catalina.startup.VersionLoggerListener.log Command line argument: --add-opens=java.base/java.lang.reflect=ALL-UNNAMED
13-Nov-2025 10:33:51.060 INFO [main] org.apache.catalina.startup.VersionLoggerListener.log Command line argument: --add-opens=java.base/java.io=ALL-UNNAMED
13-Nov-2025 10:33:51.060 INFO [main] org.apache.catalina.startup.VersionLoggerListener.log Command line argument: --add-opens=java.base/java.util=ALL-UNNAMED
13-Nov-2025 10:33:51.060 INFO [main] org.apache.catalina.startup.VersionLoggerListener.log Command line argument: --add-opens=java.base/java.util.concurrent=ALL-UNNAMED
13-Nov-2025 10:33:51.060 INFO [main] org.apache.catalina.startup.VersionLoggerListener.log Command line argument: --add-opens=java.rmi/sun.rmi.transport=ALL-UNNAMED
13-Nov-2025 10:33:51.060 INFO [main] org.apache.catalina.startup.VersionLoggerListener.log Command line argument: -Djava.util.logging.config.file=/Users/plushavey/Desktop/TP_Projects/WebServletV2/tomcat/conf/logging.properties
13-Nov-2025 10:33:51.060 INFO [main] org.apache.catalina.startup.VersionLoggerListener.log Command line argument: -Djava.util.logging.manager=org.apache.juli.ClassLoaderLogManager
13-Nov-2025 10:33:51.060 INFO [main] org.apache.catalina.startup.VersionLoggerListener.log Command line argument: -Djdk.tls.ephemeralDHKeySize=2048
13-Nov-2025 10:33:51.060 INFO [main] org.apache.catalina.startup.VersionLoggerListener.log Command line argument: -Djava.protocol.handler.pkgs=org.apache.catalina.webresources
13-Nov-2025 10:33:51.060 INFO [main] org.apache.catalina.startup.VersionLoggerListener.log Command line argument: -Dsun.io.useCanonCaches=false
13-Nov-2025 10:33:51.060 INFO [main] org.apache.catalina.startup.VersionLoggerListener.log Command line argument: -Dorg.apache.catalina.security.SecurityListener.UMASK=0027
13-Nov-2025 10:33:51.060 INFO [main] org.apache.catalina.startup.VersionLoggerListener.log Command line argument: -Dignore.endorsed.dirs=
13-Nov-2025 10:33:51.060 INFO [main] org.apache.catalina.startup.VersionLoggerListener.log Command line argument: -Dcatalina.base=/Users/plushavey/Desktop/TP_Projects/WebServletV2/tomcat
13-Nov-2025 10:33:51.060 INFO [main] org.apache.catalina.startup.VersionLoggerListener.log Command line argument: -Dcatalina.home=/Users/plushavey/Desktop/TP_Projects/WebServletV2/tomcat
13-Nov-2025 10:33:51.060 INFO [main] org.apache.catalina.startup.VersionLoggerListener.log Command line argument: -Djava.io.tmpdir=/Users/plushavey/Desktop/TP_Projects/WebServletV2/tomcat/temp
13-Nov-2025 10:33:51.066 INFO [main] org.apache.catalina.core.AprLifecycleListener.lifecycleEvent The Apache Tomcat Native library which allows using OpenSSL was not found on the java.library.path: [/Users/plushavey/Library/Java/Extensions:/Library/Java/Extensions:/Network/Library/Java/Extensions:/System/Library/Java/Extensions:/usr/lib/java:.]
13-Nov-2025 10:33:51.233 INFO [main] org.apache.coyote.AbstractProtocol.init Инициализация ProtocolHandler ["http-nio-8080"]
13-Nov-2025 10:33:51.248 INFO [main] org.apache.catalina.startup.Catalina.load Server initialization in [304] milliseconds
13-Nov-2025 10:33:51.266 INFO [main] org.apache.catalina.core.StandardService.startInternal Starting service [Catalina]
13-Nov-2025 10:33:51.266 INFO [main] org.apache.catalina.core.StandardEngine.startInternal Starting Servlet engine: [Apache Tomcat/9.0.112]
13-Nov-2025 10:33:51.273 INFO [main] org.apache.catalina.startup.HostConfig.deployWAR Deploying web application archive [/Users/plushavey/Desktop/TP_Projects/WebServletV2/tomcat/webapps/WebServletV2.war]
Пользователи загружены из: /Users/plushavey/Desktop/TP_Projects/WebServletV2/tomcat/webapps/WebServletV2/WEB-INF/users.txt
13-Nov-2025 10:33:51.430 INFO [main] org.apache.catalina.startup.HostConfig.deployWAR Deployment of web application archive [/Users/plushavey/Desktop/TP_Projects/WebServletV2/tomcat/webapps/WebServletV2.war] has finished in [155] ms
13-Nov-2025 10:33:51.431 INFO [main] org.apache.catalina.startup.HostConfig.deployDirectory Установка веб приложения в папку [/Users/plushavey/Desktop/TP_Projects/WebServletV2/tomcat/webapps/docs]
13-Nov-2025 10:33:51.443 INFO [main] org.apache.catalina.startup.HostConfig.deployDirectory Deployment of web application directory [/Users/plushavey/Desktop/TP_Projects/WebServletV2/tomcat/webapps/docs] has finished in [11] ms
13-Nov-2025 10:33:51.443 INFO [main] org.apache.catalina.startup.HostConfig.deployDirectory Установка веб приложения в папку [/Users/plushavey/Desktop/TP_Projects/WebServletV2/tomcat/webapps/manager]
13-Nov-2025 10:33:51.458 INFO [main] org.apache.catalina.startup.HostConfig.deployDirectory Deployment of web application directory [/Users/plushavey/Desktop/TP_Projects/WebServletV2/tomcat/webapps/manager] has finished in [15] ms
13-Nov-2025 10:33:51.458 INFO [main] org.apache.catalina.startup.HostConfig.deployDirectory Установка веб приложения в папку [/Users/plushavey/Desktop/TP_Projects/WebServletV2/tomcat/webapps/examples]
13-Nov-2025 10:33:51.557 INFO [main] org.apache.catalina.startup.HostConfig.deployDirectory Deployment of web application directory [/Users/plushavey/Desktop/TP_Projects/WebServletV2/tomcat/webapps/examples] has finished in [99] ms
13-Nov-2025 10:33:51.557 INFO [main] org.apache.catalina.startup.HostConfig.deployDirectory Установка веб приложения в папку [/Users/plushavey/Desktop/TP_Projects/WebServletV2/tomcat/webapps/ROOT]
13-Nov-2025 10:33:51.564 INFO [main] org.apache.catalina.startup.HostConfig.deployDirectory Deployment of web application directory [/Users/plushavey/Desktop/TP_Projects/WebServletV2/tomcat/webapps/ROOT] has finished in [7] ms
13-Nov-2025 10:33:51.564 INFO [main] org.apache.catalina.startup.HostConfig.deployDirectory Установка веб приложения в папку [/Users/plushavey/Desktop/TP_Projects/WebServletV2/tomcat/webapps/host-manager]
13-Nov-2025 10:33:51.573 INFO [main] org.apache.catalina.startup.HostConfig.deployDirectory Deployment of web application directory [/Users/plushavey/Desktop/TP_Projects/WebServletV2/tomcat/webapps/host-manager] has finished in [9] ms
13-Nov-2025 10:33:51.575 INFO [main] org.apache.coyote.AbstractProtocol.start Starting ProtocolHandler ["http-nio-8080"]
13-Nov-2025 10:33:51.579 INFO [main] org.apache.catalina.startup.Catalina.start Server startup in [330] milliseconds
13-Nov-2025 10:37:10.813 INFO [main] org.apache.catalina.core.StandardServer.await A valid shutdown command was received via the shutdown port. Stopping the Server instance.
13-Nov-2025 10:37:10.814 INFO [main] org.apache.coyote.AbstractProtocol.pause Pausing ProtocolHandler ["http-nio-8080"]
13-Nov-2025 10:37:10.817 INFO [main] org.apache.catalina.core.StandardService.stopInternal Stopping service [Catalina]
13-Nov-2025 10:37:10.835 INFO [main] org.apache.coyote.AbstractProtocol.stop Stopping ProtocolHandler ["http-nio-8080"]
13-Nov-2025 10:37:10.843 INFO [main] org.apache.coyote.AbstractProtocol.destroy Destroying ProtocolHandler ["http-nio-8080"]
NOTE: Picked up JDK_JAVA_OPTIONS:  --add-opens=java.base/java.lang=ALL-UNNAMED --add-opens=java.base/java.lang.invoke=ALL-UNNAMED --add-opens=java.base/java.lang.reflect=ALL-UNNAMED --add-opens=java.base/java.io=ALL-UNNAMED --add-opens=java.base/java.util=ALL-UNNAMED --add-opens=java.base/java.util.concurrent=ALL-UNNAMED --add-opens=java.rmi/sun.rmi.transport=ALL-UNNAMED
13-Nov-2025 10:37:16.081 INFO [main] org.apache.catalina.startup.VersionLoggerListener.log Имя версии сервера:    Apache Tomcat/9.0.112
13-Nov-2025 10:37:16.083 INFO [main] org.apache.catalina.startup.VersionLoggerListener.log Сервер собран:         Nov 6 2025 07:46:18 UTC
13-Nov-2025 10:37:16.083 INFO [main] org.apache.catalina.startup.VersionLoggerListener.log Номер версии сервера:  9.0.112.0
13-Nov-2025 10:37:16.083 INFO [main] org.apache.catalina.startup.VersionLoggerListener.log OS Name:               Mac OS X
13-Nov-2025 10:37:16.083 INFO [main] org.apache.catalina.startup.VersionLoggerListener.log Версия ОС:             15.6.1
13-Nov-2025 10:37:16.083 INFO [main] org.apache.catalina.startup.VersionLoggerListener.log Архитектура:           aarch64
13-Nov-2025 10:37:16.083 INFO [main] org.apache.catalina.startup.VersionLoggerListener.log Java Home:             /Users/plushavey/Library/Java/JavaVirtualMachines/corretto-23.0.2/Contents/Home
13-Nov-2025 10:37:16.083 INFO [main] org.apache.catalina.startup.VersionLoggerListener.log Версия JVM:            23.0.2+7-FR
13-Nov-2025 10:37:16.083 INFO [main] org.apache.catalina.startup.VersionLoggerListener.log Производитель JVM:     Amazon.com Inc.
13-Nov-2025 10:37:16.083 INFO [main] org.apache.catalina.startup.VersionLoggerListener.log CATALINA_BASE:         /Users/plushavey/Desktop/TP_Projects/WebServletV2/tomcat
13-Nov-2025 10:37:16.083 INFO [main] org.apache.catalina.startup.VersionLoggerListener.log CATALINA_HOME:         /Users/plushavey/Desktop/TP_Projects/WebServletV2/tomcat
13-Nov-2025 10:37:16.088 INFO [main] org.apache.catalina.startup.VersionLoggerListener.log Command line argument: --add-opens=java.base/java.lang=ALL-UNNAMED
13-Nov-2025 10:37:16.088 INFO [main] org.apache.catalina.startup.VersionLoggerListener.log Command line argument: --add-opens=java.base/java.lang.invoke=ALL-UNNAMED
13-Nov-2025 10:37:16.088 INFO [main] org.apache.catalina.startup.VersionLoggerListener.log Command line argument: --add-opens=java.base/java.lang.reflect=ALL-UNNAMED
13-Nov-2025 10:37:16.088 INFO [main] org.apache.catalina.startup.VersionLoggerListener.log Command line argument: --add-opens=java.base/java.io=ALL-UNNAMED
13-Nov-2025 10:37:16.088 INFO [main] org.apache.catalina.startup.VersionLoggerListener.log Command line argument: --add-opens=java.base/java.util=ALL-UNNAMED
13-Nov-2025 10:37:16.088 INFO [main] org.apache.catalina.startup.VersionLoggerListener.log Command line argument: --add-opens=java.base/java.util.concurrent=ALL-UNNAMED
13-Nov-2025 10:37:16.088 INFO [main] org.apache.catalina.startup.VersionLoggerListener.log Command line argument: --add-opens=java.rmi/sun.rmi.transport=ALL-UNNAMED
13-Nov-2025 10:37:16.088 INFO [main] org.apache.catalina.startup.VersionLoggerListener.log Command line argument: -Djava.util.logging.config.file=/Users/plushavey/Desktop/TP_Projects/WebServletV2/tomcat/conf/logging.properties
13-Nov-2025 10:37:16.088 INFO [main] org.apache.catalina.startup.VersionLoggerListener.log Command line argument: -Djava.util.logging.manager=org.apache.juli.ClassLoaderLogManager
13-Nov-2025 10:37:16.088 INFO [main] org.apache.catalina.startup.VersionLoggerListener.log Command line argument: -Djdk.tls.ephemeralDHKeySize=2048
13-Nov-2025 10:37:16.088 INFO [main] org.apache.catalina.startup.VersionLoggerListener.log Command line argument: -Djava.protocol.handler.pkgs=org.apache.catalina.webresources
13-Nov-2025 10:37:16.088 INFO [main] org.apache.catalina.startup.VersionLoggerListener.log Command line argument: -Dsun.io.useCanonCaches=false
13-Nov-2025 10:37:16.088 INFO [main] org.apache.catalina.startup.VersionLoggerListener.log Command line argument: -Dorg.apache.catalina.security.SecurityListener.UMASK=0027
13-Nov-2025 10:37:16.088 INFO [main] org.apache.catalina.startup.VersionLoggerListener.log Command line argument: -Dignore.endorsed.dirs=
13-Nov-2025 10:37:16.088 INFO [main] org.apache.catalina.startup.VersionLoggerListener.log Command line argument: -Dcatalina.base=/Users/plushavey/Desktop/TP_Projects/WebServletV2/tomcat
13-Nov-2025 10:37:16.088 INFO [main] org.apache.catalina.startup.VersionLoggerListener.log Command line argument: -Dcatalina.home=/Users/plushavey/Desktop/TP_Projects/WebServletV2/tomcat
13-Nov-2025 10:37:16.089 INFO [main] org.apache.catalina.startup.VersionLoggerListener.log Command line argument: -Djava.io.tmpdir=/Users/plushavey/Desktop/TP_Projects/WebServletV2/tomcat/temp
13-Nov-2025 10:37:16.094 INFO [main] org.apache.catalina.core.AprLifecycleListener.lifecycleEvent The Apache Tomcat Native library which allows using OpenSSL was not found on the java.library.path: [/Users/plushavey/Library/Java/Extensions:/Library/Java/Extensions:/Network/Library/Java/Extensions:/System/Library/Java/Extensions:/usr/lib/java:.]
13-Nov-2025 10:37:16.243 INFO [main] org.apache.coyote.AbstractProtocol.init Инициализация ProtocolHandler ["http-nio-8080"]
13-Nov-2025 10:37:16.254 INFO [main] org.apache.catalina.startup.Catalina.load Server initialization in [259] milliseconds
13-Nov-2025 10:37:16.269 INFO [main] org.apache.catalina.core.StandardService.startInternal Starting service [Catalina]
13-Nov-2025 10:37:16.269 INFO [main] org.apache.catalina.core.StandardEngine.startInternal Starting Servlet engine: [Apache Tomcat/9.0.112]
13-Nov-2025 10:37:16.275 INFO [main] org.apache.catalina.startup.HostConfig.deployWAR Deploying web application archive [/Users/plushavey/Desktop/TP_Projects/WebServletV2/tomcat/webapps/WebServletV2.war]
Пользователи загружены из: /Users/plushavey/Desktop/TP_Projects/WebServletV2/tomcat/webapps/WebServletV2/WEB-INF/users.txt
13-Nov-2025 10:37:16.411 INFO [main] org.apache.catalina.startup.HostConfig.deployWAR Deployment of web application archive [/Users/plushavey/Desktop/TP_Projects/WebServletV2/tomcat/webapps/WebServletV2.war] has finished in [134] ms
13-Nov-2025 10:37:16.411 INFO [main] org.apache.catalina.startup.HostConfig.deployDirectory Установка веб приложения в папку [/Users/plushavey/Desktop/TP_Projects/WebServletV2/tomcat/webapps/docs]
13-Nov-2025 10:37:16.423 INFO [main] org.apache.catalina.startup.HostConfig.deployDirectory Deployment of web application directory [/Users/plushavey/Desktop/TP_Projects/WebServletV2/tomcat/webapps/docs] has finished in [11] ms
13-Nov-2025 10:37:16.423 INFO [main] org.apache.catalina.startup.HostConfig.deployDirectory Установка веб приложения в папку [/Users/plushavey/Desktop/TP_Projects/WebServletV2/tomcat/webapps/manager]
13-Nov-2025 10:37:16.438 INFO [main] org.apache.catalina.startup.HostConfig.deployDirectory Deployment of web application directory [/Users/plushavey/Desktop/TP_Projects/WebServletV2/tomcat/webapps/manager] has finished in [15] ms
13-Nov-2025 10:37:16.438 INFO [main] org.apache.catalina.startup.HostConfig.deployDirectory Установка веб приложения в папку [/Users/plushavey/Desktop/TP_Projects/WebServletV2/tomcat/webapps/examples]
13-Nov-2025 10:37:16.534 INFO [main] org.apache.catalina.startup.HostConfig.deployDirectory Deployment of web application directory [/Users/plushavey/Desktop/TP_Projects/WebServletV2/tomcat/webapps/examples] has finished in [96] ms
13-Nov-2025 10:37:16.534 INFO [main] org.apache.catalina.startup.HostConfig.deployDirectory Установка веб приложения в папку [/Users/plushavey/Desktop/TP_Projects/WebServletV2/tomcat/webapps/ROOT]
13-Nov-2025 10:37:16.542 INFO [main] org.apache.catalina.startup.HostConfig.deployDirectory Deployment of web application directory [/Users/plushavey/Desktop/TP_Projects/WebServletV2/tomcat/webapps/ROOT] has finished in [8] ms
13-Nov-2025 10:37:16.542 INFO [main] org.apache.catalina.startup.HostConfig.deployDirectory Установка веб приложения в папку [/Users/plushavey/Desktop/TP_Projects/WebServletV2/tomcat/webapps/host-manager]
13-Nov-2025 10:37:16.551 INFO [main] org.apache.catalina.startup.HostConfig.deployDirectory Deployment of web application directory [/Users/plushavey/Desktop/TP_Projects/WebServletV2/tomcat/webapps/host-manager] has finished in [9] ms
13-Nov-2025 10:37:16.552 INFO [main] org.apache.coyote.AbstractProtocol.start Starting ProtocolHandler ["http-nio-8080"]
13-Nov-2025 10:37:16.556 INFO [main] org.apache.catalina.startup.Catalina.start Server startup in [301] milliseconds
13-Nov-2025 10:50:59.983 INFO [main] org.apache.catalina.core.StandardServer.await A valid shutdown command was received via the shutdown port. Stopping the Server instance.
13-Nov-2025 10:50:59.984 INFO [main] org.apache.coyote.AbstractProtocol.pause Pausing ProtocolHandler ["http-nio-8080"]
13-Nov-2025 10:50:59.987 INFO [main] org.apache.catalina.core.StandardService.stopInternal Stopping service [Catalina]
13-Nov-2025 10:51:00.007 INFO [main] org.apache.coyote.AbstractProtocol.stop Stopping ProtocolHandler ["http-nio-8080"]
13-Nov-2025 10:51:00.013 INFO [main] org.apache.coyote.AbstractProtocol.destroy Destroying ProtocolHandler ["http-nio-8080"]
NOTE: Picked up JDK_JAVA_OPTIONS:  --add-opens=java.base/java.lang=ALL-UNNAMED --add-opens=java.base/java.lang.invoke=ALL-UNNAMED --add-opens=java.base/java.lang.reflect=ALL-UNNAMED --add-opens=java.base/java.io=ALL-UNNAMED --add-opens=java.base/java.util=ALL-UNNAMED --add-opens=java.base/java.util.concurrent=ALL-UNNAMED --add-opens=java.rmi/sun.rmi.transport=ALL-UNNAMED
13-Nov-2025 10:52:04.433 INFO [main] org.apache.catalina.startup.VersionLoggerListener.log Имя версии сервера:    Apache Tomcat/9.0.112
13-Nov-2025 10:52:04.435 INFO [main] org.apache.catalina.startup.VersionLoggerListener.log Сервер собран:         Nov 6 2025 07:46:18 UTC
13-Nov-2025 10:52:04.435 INFO [main] org.apache.catalina.startup.VersionLoggerListener.log Номер версии сервера:  9.0.112.0
13-Nov-2025 10:52:04.435 INFO [main] org.apache.catalina.startup.VersionLoggerListener.log OS Name:               Mac OS X
13-Nov-2025 10:52:04.435 INFO [main] org.apache.catalina.startup.VersionLoggerListener.log Версия ОС:             15.6.1
13-Nov-2025 10:52:04.435 INFO [main] org.apache.catalina.startup.VersionLoggerListener.log Архитектура:           aarch64
13-Nov-2025 10:52:04.435 INFO [main] org.apache.catalina.startup.VersionLoggerListener.log Java Home:             /Users/plushavey/Library/Java/JavaVirtualMachines/corretto-23.0.2/Contents/Home
13-Nov-2025 10:52:04.435 INFO [main] org.apache.catalina.startup.VersionLoggerListener.log Версия JVM:            23.0.2+7-FR
13-Nov-2025 10:52:04.435 INFO [main] org.apache.catalina.startup.VersionLoggerListener.log Производитель JVM:     Amazon.com Inc.
13-Nov-2025 10:52:04.435 INFO [main] org.apache.catalina.startup.VersionLoggerListener.log CATALINA_BASE:         /Users/plushavey/Desktop/TP_Projects/WebServletV2/tomcat
13-Nov-2025 10:52:04.435 INFO [main] org.apache.catalina.startup.VersionLoggerListener.log CATALINA_HOME:         /Users/plushavey/Desktop/TP_Projects/WebServletV2/tomcat
13-Nov-2025 10:52:04.443 INFO [main] org.apache.catalina.startup.VersionLoggerListener.log Command line argument: --add-opens=java.base/java.lang=ALL-UNNAMED
13-Nov-2025 10:52:04.443 INFO [main] org.apache.catalina.startup.VersionLoggerListener.log Command line argument: --add-opens=java.base/java.lang.invoke=ALL-UNNAMED
13-Nov-2025 10:52:04.443 INFO [main] org.apache.catalina.startup.VersionLoggerListener.log Command line argument: --add-opens=java.base/java.lang.reflect=ALL-UNNAMED
13-Nov-2025 10:52:04.443 INFO [main] org.apache.catalina.startup.VersionLoggerListener.log Command line argument: --add-opens=java.base/java.io=ALL-UNNAMED
13-Nov-2025 10:52:04.443 INFO [main] org.apache.catalina.startup.VersionLoggerListener.log Command line argument: --add-opens=java.base/java.util=ALL-UNNAMED
13-Nov-2025 10:52:04.443 INFO [main] org.apache.catalina.startup.VersionLoggerListener.log Command line argument: --add-opens=java.base/java.util.concurrent=ALL-UNNAMED
13-Nov-2025 10:52:04.443 INFO [main] org.apache.catalina.startup.VersionLoggerListener.log Command line argument: --add-opens=java.rmi/sun.rmi.transport=ALL-UNNAMED
13-Nov-2025 10:52:04.443 INFO [main] org.apache.catalina.startup.VersionLoggerListener.log Command line argument: -Djava.util.logging.config.file=/Users/plushavey/Desktop/TP_Projects/WebServletV2/tomcat/conf/logging.properties
13-Nov-2025 10:52:04.443 INFO [main] org.apache.catalina.startup.VersionLoggerListener.log Command line argument: -Djava.util.logging.manager=org.apache.juli.ClassLoaderLogManager
13-Nov-2025 10:52:04.443 INFO [main] org.apache.catalina.startup.VersionLoggerListener.log Command line argument: -Djdk.tls.ephemeralDHKeySize=2048
13-Nov-2025 10:52:04.443 INFO [main] org.apache.catalina.startup.VersionLoggerListener.log Command line argument: -Djava.protocol.handler.pkgs=org.apache.catalina.webresources
13-Nov-2025 10:52:04.443 INFO [main] org.apache.catalina.startup.VersionLoggerListener.log Command line argument: -Dsun.io.useCanonCaches=false
13-Nov-2025 10:52:04.443 INFO [main] org.apache.catalina.startup.VersionLoggerListener.log Command line argument: -Dorg.apache.catalina.security.SecurityListener.UMASK=0027
13-Nov-2025 10:52:04.443 INFO [main] org.apache.catalina.startup.VersionLoggerListener.log Command line argument: -Dignore.endorsed.dirs=
13-Nov-2025 10:52:04.443 INFO [main] org.apache.catalina.startup.VersionLoggerListener.log Command line argument: -Dcatalina.base=/Users/plushavey/Desktop/TP_Projects/WebServletV2/tomcat
13-Nov-2025 10:52:04.443 INFO [main] org.apache.catalina.startup.VersionLoggerListener.log Command line argument: -Dcatalina.home=/Users/plushavey/Desktop/TP_Projects/WebServletV2/tomcat
13-Nov-2025 10:52:04.443 INFO [main] org.apache.catalina.startup.VersionLoggerListener.log Command line argument: -Djava.io.tmpdir=/Users/plushavey/Desktop/TP_Projects/WebServletV2/tomcat/temp
13-Nov-2025 10:52:04.451 INFO [main] org.apache.catalina.core.AprLifecycleListener.lifecycleEvent The Apache Tomcat Native library which allows using OpenSSL was not found on the java.library.path: [/Users/plushavey/Library/Java/Extensions:/Library/Java/Extensions:/Network/Library/Java/Extensions:/System/Library/Java/Extensions:/usr/lib/java:.]
13-Nov-2025 10:52:04.609 INFO [main] org.apache.coyote.AbstractProtocol.init Инициализация ProtocolHandler ["http-nio-8080"]
13-Nov-2025 10:52:04.621 INFO [main] org.apache.catalina.startup.Catalina.load Server initialization in [276] milliseconds
13-Nov-2025 10:52:04.639 INFO [main] org.apache.catalina.core.StandardService.startInternal Starting service [Catalina]
13-Nov-2025 10:52:04.639 INFO [main] org.apache.catalina.core.StandardEngine.startInternal Starting Servlet engine: [Apache Tomcat/9.0.112]
13-Nov-2025 10:52:04.645 INFO [main] org.apache.catalina.startup.HostConfig.deployWAR Deploying web application archive [/Users/plushavey/Desktop/TP_Projects/WebServletV2/tomcat/webapps/WebServletV2.war]
13-Nov-2025 10:52:04.652 INFO [main] org.apache.catalina.startup.ExpandWar.expand An expanded directory [/Users/plushavey/Desktop/TP_Projects/WebServletV2/tomcat/webapps/WebServletV2] was found with a last modified time that did not match the associated WAR. It will be deleted.
Пользователи загружены из: /Users/plushavey/Desktop/TP_Projects/WebServletV2/tomcat/webapps/WebServletV2/WEB-INF/users.txt
13-Nov-2025 10:52:04.799 INFO [main] org.apache.catalina.startup.HostConfig.deployWAR Deployment of web application archive [/Users/plushavey/Desktop/TP_Projects/WebServletV2/tomcat/webapps/WebServletV2.war] has finished in [153] ms
13-Nov-2025 10:52:04.800 INFO [main] org.apache.catalina.startup.HostConfig.deployDirectory Установка веб приложения в папку [/Users/plushavey/Desktop/TP_Projects/WebServletV2/tomcat/webapps/docs]
13-Nov-2025 10:52:04.811 INFO [main] org.apache.catalina.startup.HostConfig.deployDirectory Deployment of web application directory [/Users/plushavey/Desktop/TP_Projects/WebServletV2/tomcat/webapps/docs] has finished in [11] ms
13-Nov-2025 10:52:04.812 INFO [main] org.apache.catalina.startup.HostConfig.deployDirectory Установка веб приложения в папку [/Users/plushavey/Desktop/TP_Projects/WebServletV2/tomcat/webapps/manager]
13-Nov-2025 10:52:04.827 INFO [main] org.apache.catalina.startup.HostConfig.deployDirectory Deployment of web application directory [/Users/plushavey/Desktop/TP_Projects/WebServletV2/tomcat/webapps/manager] has finished in [16] ms
13-Nov-2025 10:52:04.828 INFO [main] org.apache.catalina.startup.HostConfig.deployDirectory Установка веб приложения в папку [/Users/plushavey/Desktop/TP_Projects/WebServletV2/tomcat/webapps/examples]
13-Nov-2025 10:52:04.927 INFO [main] org.apache.catalina.startup.HostConfig.deployDirectory Deployment of web application directory [/Users/plushavey/Desktop/TP_Projects/WebServletV2/tomcat/webapps/examples] has finished in [99] ms
13-Nov-2025 10:52:04.927 INFO [main] org.apache.catalina.startup.HostConfig.deployDirectory Установка веб приложения в папку [/Users/plushavey/Desktop/TP_Projects/WebServletV2/tomcat/webapps/ROOT]
13-Nov-2025 10:52:04.934 INFO [main] org.apache.catalina.startup.HostConfig.deployDirectory Deployment of web application directory [/Users/plushavey/Desktop/TP_Projects/WebServletV2/tomcat/webapps/ROOT] has finished in [7] ms
13-Nov-2025 10:52:04.934 INFO [main] org.apache.catalina.startup.HostConfig.deployDirectory Установка веб приложения в папку [/Users/plushavey/Desktop/TP_Projects/WebServletV2/tomcat/webapps/host-manager]
13-Nov-2025 10:52:04.943 INFO [main] org.apache.catalina.startup.HostConfig.deployDirectory Deployment of web application directory [/Users/plushavey/Desktop/TP_Projects/WebServletV2/tomcat/webapps/host-manager] has finished in [9] ms
13-Nov-2025 10:52:04.945 INFO [main] org.apache.coyote.AbstractProtocol.start Starting ProtocolHandler ["http-nio-8080"]
13-Nov-2025 10:52:04.949 INFO [main] org.apache.catalina.startup.Catalina.start Server startup in [327] milliseconds
13-Nov-2025 10:52:40.414 WARNING [main] org.apache.catalina.core.StandardServer.await Invalid shutdown command [GET /WebServletV2/login HTTP/1.1] received
13-Nov-2025 10:52:41.444 WARNING [main] org.apache.catalina.core.StandardServer.await Invalid shutdown command [GET /WebServletV2/login HTTP/1.1] received
13-Nov-2025 10:52:46.459 WARNING [main] org.apache.catalina.core.StandardServer.await Invalid shutdown command [GET /WebServletV2/login HTTP/1.1] received
13-Nov-2025 10:52:56.084 INFO [main] org.apache.catalina.core.StandardServer.await A valid shutdown command was received via the shutdown port. Stopping the Server instance.
13-Nov-2025 10:52:56.084 INFO [main] org.apache.coyote.AbstractProtocol.pause Pausing ProtocolHandler ["http-nio-8080"]
13-Nov-2025 10:52:56.086 INFO [main] org.apache.catalina.core.StandardService.stopInternal Stopping service [Catalina]
13-Nov-2025 10:52:56.101 INFO [main] org.apache.coyote.AbstractProtocol.stop Stopping ProtocolHandler ["http-nio-8080"]
13-Nov-2025 10:52:56.111 INFO [main] org.apache.coyote.AbstractProtocol.destroy Destroying ProtocolHandler ["http-nio-8080"]
NOTE: Picked up JDK_JAVA_OPTIONS:  --add-opens=java.base/java.lang=ALL-UNNAMED --add-opens=java.base/java.lang.invoke=ALL-UNNAMED --add-opens=java.base/java.lang.reflect=ALL-UNNAMED --add-opens=java.base/java.io=ALL-UNNAMED --add-opens=java.base/java.util=ALL-UNNAMED --add-opens=java.base/java.util.concurrent=ALL-UNNAMED --add-opens=java.rmi/sun.rmi.transport=ALL-UNNAMED
13-Nov-2025 10:54:08.160 INFO [main] org.apache.catalina.startup.VersionLoggerListener.log Имя версии сервера:    Apache Tomcat/9.0.112
13-Nov-2025 10:54:08.163 INFO [main] org.apache.catalina.startup.VersionLoggerListener.log Сервер собран:         Nov 6 2025 07:46:18 UTC
13-Nov-2025 10:54:08.163 INFO [main] org.apache.catalina.startup.VersionLoggerListener.log Номер версии сервера:  9.0.112.0
13-Nov-2025 10:54:08.163 INFO [main] org.apache.catalina.startup.VersionLoggerListener.log OS Name:               Mac OS X
13-Nov-2025 10:54:08.163 INFO [main] org.apache.catalina.startup.VersionLoggerListener.log Версия ОС:             15.6.1
13-Nov-2025 10:54:08.163 INFO [main] org.apache.catalina.startup.VersionLoggerListener.log Архитектура:           aarch64
13-Nov-2025 10:54:08.164 INFO [main] org.apache.catalina.startup.VersionLoggerListener.log Java Home:             /Users/plushavey/Library/Java/JavaVirtualMachines/corretto-23.0.2/Contents/Home
13-Nov-2025 10:54:08.164 INFO [main] org.apache.catalina.startup.VersionLoggerListener.log Версия JVM:            23.0.2+7-FR
13-Nov-2025 10:54:08.164 INFO [main] org.apache.catalina.startup.VersionLoggerListener.log Производитель JVM:     Amazon.com Inc.
13-Nov-2025 10:54:08.164 INFO [main] org.apache.catalina.startup.VersionLoggerListener.log CATALINA_BASE:         /Users/plushavey/Desktop/TP_Projects/WebServletV2/tomcat
13-Nov-2025 10:54:08.164 INFO [main] org.apache.catalina.startup.VersionLoggerListener.log CATALINA_HOME:         /Users/plushavey/Desktop/TP_Projects/WebServletV2/tomcat
13-Nov-2025 10:54:08.171 INFO [main] org.apache.catalina.startup.VersionLoggerListener.log Command line argument: --add-opens=java.base/java.lang=ALL-UNNAMED
13-Nov-2025 10:54:08.171 INFO [main] org.apache.catalina.startup.VersionLoggerListener.log Command line argument: --add-opens=java.base/java.lang.invoke=ALL-UNNAMED
13-Nov-2025 10:54:08.171 INFO [main] org.apache.catalina.startup.VersionLoggerListener.log Command line argument: --add-opens=java.base/java.lang.reflect=ALL-UNNAMED
13-Nov-2025 10:54:08.171 INFO [main] org.apache.catalina.startup.VersionLoggerListener.log Command line argument: --add-opens=java.base/java.io=ALL-UNNAMED
13-Nov-2025 10:54:08.171 INFO [main] org.apache.catalina.startup.VersionLoggerListener.log Command line argument: --add-opens=java.base/java.util=ALL-UNNAMED
13-Nov-2025 10:54:08.171 INFO [main] org.apache.catalina.startup.VersionLoggerListener.log Command line argument: --add-opens=java.base/java.util.concurrent=ALL-UNNAMED
13-Nov-2025 10:54:08.172 INFO [main] org.apache.catalina.startup.VersionLoggerListener.log Command line argument: --add-opens=java.rmi/sun.rmi.transport=ALL-UNNAMED
13-Nov-2025 10:54:08.172 INFO [main] org.apache.catalina.startup.VersionLoggerListener.log Command line argument: -Djava.util.logging.config.file=/Users/plushavey/Desktop/TP_Projects/WebServletV2/tomcat/conf/logging.properties
13-Nov-2025 10:54:08.172 INFO [main] org.apache.catalina.startup.VersionLoggerListener.log Command line argument: -Djava.util.logging.manager=org.apache.juli.ClassLoaderLogManager
13-Nov-2025 10:54:08.172 INFO [main] org.apache.catalina.startup.VersionLoggerListener.log Command line argument: -Djdk.tls.ephemeralDHKeySize=2048
13-Nov-2025 10:54:08.172 INFO [main] org.apache.catalina.startup.VersionLoggerListener.log Command line argument: -Djava.protocol.handler.pkgs=org.apache.catalina.webresources
13-Nov-2025 10:54:08.172 INFO [main] org.apache.catalina.startup.VersionLoggerListener.log Command line argument: -Dsun.io.useCanonCaches=false
13-Nov-2025 10:54:08.172 INFO [main] org.apache.catalina.startup.VersionLoggerListener.log Command line argument: -Dorg.apache.catalina.security.SecurityListener.UMASK=0027
13-Nov-2025 10:54:08.172 INFO [main] org.apache.catalina.startup.VersionLoggerListener.log Command line argument: -Dignore.endorsed.dirs=
13-Nov-2025 10:54:08.172 INFO [main] org.apache.catalina.startup.VersionLoggerListener.log Command line argument: -Dcatalina.base=/Users/plushavey/Desktop/TP_Projects/WebServletV2/tomcat
13-Nov-2025 10:54:08.172 INFO [main] org.apache.catalina.startup.VersionLoggerListener.log Command line argument: -Dcatalina.home=/Users/plushavey/Desktop/TP_Projects/WebServletV2/tomcat
13-Nov-2025 10:54:08.172 INFO [main] org.apache.catalina.startup.VersionLoggerListener.log Command line argument: -Djava.io.tmpdir=/Users/plushavey/Desktop/TP_Projects/WebServletV2/tomcat/temp
13-Nov-2025 10:54:08.178 INFO [main] org.apache.catalina.core.AprLifecycleListener.lifecycleEvent The Apache Tomcat Native library which allows using OpenSSL was not found on the java.library.path: [/Users/plushavey/Library/Java/Extensions:/Library/Java/Extensions:/Network/Library/Java/Extensions:/System/Library/Java/Extensions:/usr/lib/java:.]
13-Nov-2025 10:54:08.349 INFO [main] org.apache.coyote.AbstractProtocol.init Инициализация ProtocolHandler ["http-nio-8080"]
13-Nov-2025 10:54:08.363 INFO [main] org.apache.catalina.startup.Catalina.load Server initialization in [309] milliseconds
13-Nov-2025 10:54:08.381 INFO [main] org.apache.catalina.core.StandardService.startInternal Starting service [Catalina]
13-Nov-2025 10:54:08.382 INFO [main] org.apache.catalina.core.StandardEngine.startInternal Starting Servlet engine: [Apache Tomcat/9.0.112]
13-Nov-2025 10:54:08.389 INFO [main] org.apache.catalina.startup.HostConfig.deployWAR Deploying web application archive [/Users/plushavey/Desktop/TP_Projects/WebServletV2/tomcat/webapps/WebServletV2.war]
Пользователи загружены из: /Users/plushavey/Desktop/TP_Projects/WebServletV2/tomcat/webapps/WebServletV2/WEB-INF/users.txt
13-Nov-2025 10:54:08.540 INFO [main] org.apache.catalina.startup.HostConfig.deployWAR Deployment of web application archive [/Users/plushavey/Desktop/TP_Projects/WebServletV2/tomcat/webapps/WebServletV2.war] has finished in [149] ms
13-Nov-2025 10:54:08.540 INFO [main] org.apache.catalina.startup.HostConfig.deployDirectory Установка веб приложения в папку [/Users/plushavey/Desktop/TP_Projects/WebServletV2/tomcat/webapps/docs]
13-Nov-2025 10:54:08.551 INFO [main] org.apache.catalina.startup.HostConfig.deployDirectory Deployment of web application directory [/Users/plushavey/Desktop/TP_Projects/WebServletV2/tomcat/webapps/docs] has finished in [11] ms
13-Nov-2025 10:54:08.552 INFO [main] org.apache.catalina.startup.HostConfig.deployDirectory Установка веб приложения в папку [/Users/plushavey/Desktop/TP_Projects/WebServletV2/tomcat/webapps/manager]
13-Nov-2025 10:54:08.567 INFO [main] org.apache.catalina.startup.HostConfig.deployDirectory Deployment of web application directory [/Users/plushavey/Desktop/TP_Projects/WebServletV2/tomcat/webapps/manager] has finished in [15] ms
13-Nov-2025 10:54:08.568 INFO [main] org.apache.catalina.startup.HostConfig.deployDirectory Установка веб приложения в папку [/Users/plushavey/Desktop/TP_Projects/WebServletV2/tomcat/webapps/examples]
13-Nov-2025 10:54:08.666 INFO [main] org.apache.catalina.startup.HostConfig.deployDirectory Deployment of web application directory [/Users/plushavey/Desktop/TP_Projects/WebServletV2/tomcat/webapps/examples] has finished in [99] ms
13-Nov-2025 10:54:08.666 INFO [main] org.apache.catalina.startup.HostConfig.deployDirectory Установка веб приложения в папку [/Users/plushavey/Desktop/TP_Projects/WebServletV2/tomcat/webapps/ROOT]
13-Nov-2025 10:54:08.674 INFO [main] org.apache.catalina.startup.HostConfig.deployDirectory Deployment of web application directory [/Users/plushavey/Desktop/TP_Projects/WebServletV2/tomcat/webapps/ROOT] has finished in [8] ms
13-Nov-2025 10:54:08.674 INFO [main] org.apache.catalina.startup.HostConfig.deployDirectory Установка веб приложения в папку [/Users/plushavey/Desktop/TP_Projects/WebServletV2/tomcat/webapps/host-manager]
13-Nov-2025 10:54:08.683 INFO [main] org.apache.catalina.startup.HostConfig.deployDirectory Deployment of web application directory [/Users/plushavey/Desktop/TP_Projects/WebServletV2/tomcat/webapps/host-manager] has finished in [9] ms
13-Nov-2025 10:54:08.684 INFO [main] org.apache.coyote.AbstractProtocol.start Starting ProtocolHandler ["http-nio-8080"]
13-Nov-2025 10:54:08.688 INFO [main] org.apache.catalina.startup.Catalina.start Server startup in [324] milliseconds
13-Nov-2025 10:58:00.335 INFO [main] org.apache.catalina.core.StandardServer.await A valid shutdown command was received via the shutdown port. Stopping the Server instance.
13-Nov-2025 10:58:00.335 INFO [main] org.apache.coyote.AbstractProtocol.pause Pausing ProtocolHandler ["http-nio-8080"]
13-Nov-2025 10:58:00.338 INFO [main] org.apache.catalina.core.StandardService.stopInternal Stopping service [Catalina]
13-Nov-2025 10:58:00.355 INFO [main] org.apache.coyote.AbstractProtocol.stop Stopping ProtocolHandler ["http-nio-8080"]
13-Nov-2025 10:58:00.362 INFO [main] org.apache.coyote.AbstractProtocol.destroy Destroying ProtocolHandler ["http-nio-8080"]
NOTE: Picked up JDK_JAVA_OPTIONS:  --add-opens=java.base/java.lang=ALL-UNNAMED --add-opens=java.base/java.lang.invoke=ALL-UNNAMED --add-opens=java.base/java.lang.reflect=ALL-UNNAMED --add-opens=java.base/java.io=ALL-UNNAMED --add-opens=java.base/java.util=ALL-UNNAMED --add-opens=java.base/java.util.concurrent=ALL-UNNAMED --add-opens=java.rmi/sun.rmi.transport=ALL-UNNAMED
13-Nov-2025 10:59:21.181 INFO [main] org.apache.catalina.startup.VersionLoggerListener.log Имя версии сервера:    Apache Tomcat/9.0.112
13-Nov-2025 10:59:21.183 INFO [main] org.apache.catalina.startup.VersionLoggerListener.log Сервер собран:         Nov 6 2025 07:46:18 UTC
13-Nov-2025 10:59:21.184 INFO [main] org.apache.catalina.startup.VersionLoggerListener.log Номер версии сервера:  9.0.112.0
13-Nov-2025 10:59:21.184 INFO [main] org.apache.catalina.startup.VersionLoggerListener.log OS Name:               Mac OS X
13-Nov-2025 10:59:21.184 INFO [main] org.apache.catalina.startup.VersionLoggerListener.log Версия ОС:             15.6.1
13-Nov-2025 10:59:21.184 INFO [main] org.apache.catalina.startup.VersionLoggerListener.log Архитектура:           aarch64
13-Nov-2025 10:59:21.184 INFO [main] org.apache.catalina.startup.VersionLoggerListener.log Java Home:             /Users/plushavey/Library/Java/JavaVirtualMachines/corretto-23.0.2/Contents/Home
13-Nov-2025 10:59:21.184 INFO [main] org.apache.catalina.startup.VersionLoggerListener.log Версия JVM:            23.0.2+7-FR
13-Nov-2025 10:59:21.184 INFO [main] org.apache.catalina.startup.VersionLoggerListener.log Производитель JVM:     Amazon.com Inc.
13-Nov-2025 10:59:21.184 INFO [main] org.apache.catalina.startup.VersionLoggerListener.log CATALINA_BASE:         /Users/plushavey/Desktop/TP_Projects/WebServletV2/tomcat
13-Nov-2025 10:59:21.184 INFO [main] org.apache.catalina.startup.VersionLoggerListener.log CATALINA_HOME:         /Users/plushavey/Desktop/TP_Projects/WebServletV2/tomcat
13-Nov-2025 10:59:21.191 INFO [main] org.apache.catalina.startup.VersionLoggerListener.log Command line argument: --add-opens=java.base/java.lang=ALL-UNNAMED
13-Nov-2025 10:59:21.191 INFO [main] org.apache.catalina.startup.VersionLoggerListener.log Command line argument: --add-opens=java.base/java.lang.invoke=ALL-UNNAMED
13-Nov-2025 10:59:21.192 INFO [main] org.apache.catalina.startup.VersionLoggerListener.log Command line argument: --add-opens=java.base/java.lang.reflect=ALL-UNNAMED
13-Nov-2025 10:59:21.192 INFO [main] org.apache.catalina.startup.VersionLoggerListener.log Command line argument: --add-opens=java.base/java.io=ALL-UNNAMED
13-Nov-2025 10:59:21.192 INFO [main] org.apache.catalina.startup.VersionLoggerListener.log Command line argument: --add-opens=java.base/java.util=ALL-UNNAMED
13-Nov-2025 10:59:21.192 INFO [main] org.apache.catalina.startup.VersionLoggerListener.log Command line argument: --add-opens=java.base/java.util.concurrent=ALL-UNNAMED
13-Nov-2025 10:59:21.192 INFO [main] org.apache.catalina.startup.VersionLoggerListener.log Command line argument: --add-opens=java.rmi/sun.rmi.transport=ALL-UNNAMED
13-Nov-2025 10:59:21.192 INFO [main] org.apache.catalina.startup.VersionLoggerListener.log Command line argument: -Djava.util.logging.config.file=/Users/plushavey/Desktop/TP_Projects/WebServletV2/tomcat/conf/logging.properties
13-Nov-2025 10:59:21.192 INFO [main] org.apache.catalina.startup.VersionLoggerListener.log Command line argument: -Djava.util.logging.manager=org.apache.juli.ClassLoaderLogManager
13-Nov-2025 10:59:21.192 INFO [main] org.apache.catalina.startup.VersionLoggerListener.log Command line argument: -Djdk.tls.ephemeralDHKeySize=2048
13-Nov-2025 10:59:21.192 INFO [main] org.apache.catalina.startup.VersionLoggerListener.log Command line argument: -Djava.protocol.handler.pkgs=org.apache.catalina.webresources
13-Nov-2025 10:59:21.192 INFO [main] org.apache.catalina.startup.VersionLoggerListener.log Command line argument: -Dsun.io.useCanonCaches=false
13-Nov-2025 10:59:21.192 INFO [main] org.apache.catalina.startup.VersionLoggerListener.log Command line argument: -Dorg.apache.catalina.security.SecurityListener.UMASK=0027
13-Nov-2025 10:59:21.192 INFO [main] org.apache.catalina.startup.VersionLoggerListener.log Command line argument: -Dignore.endorsed.dirs=
13-Nov-2025 10:59:21.192 INFO [main] org.apache.catalina.startup.VersionLoggerListener.log Command line argument: -Dcatalina.base=/Users/plushavey/Desktop/TP_Projects/WebServletV2/tomcat
13-Nov-2025 10:59:21.192 INFO [main] org.apache.catalina.startup.VersionLoggerListener.log Command line argument: -Dcatalina.home=/Users/plushavey/Desktop/TP_Projects/WebServletV2/tomcat
13-Nov-2025 10:59:21.192 INFO [main] org.apache.catalina.startup.VersionLoggerListener.log Command line argument: -Djava.io.tmpdir=/Users/plushavey/Desktop/TP_Projects/WebServletV2/tomcat/temp
13-Nov-2025 10:59:21.198 INFO [main] org.apache.catalina.core.AprLifecycleListener.lifecycleEvent The Apache Tomcat Native library which allows using OpenSSL was not found on the java.library.path: [/Users/plushavey/Library/Java/Extensions:/Library/Java/Extensions:/Network/Library/Java/Extensions:/System/Library/Java/Extensions:/usr/lib/java:.]
13-Nov-2025 10:59:21.369 INFO [main] org.apache.coyote.AbstractProtocol.init Инициализация ProtocolHandler ["http-nio-8080"]
13-Nov-2025 10:59:21.383 INFO [main] org.apache.catalina.startup.Catalina.load Server initialization in [309] milliseconds
13-Nov-2025 10:59:21.402 INFO [main] org.apache.catalina.core.StandardService.startInternal Starting service [Catalina]
13-Nov-2025 10:59:21.402 INFO [main] org.apache.catalina.core.StandardEngine.startInternal Starting Servlet engine: [Apache Tomcat/9.0.112]
13-Nov-2025 10:59:21.409 INFO [main] org.apache.catalina.startup.HostConfig.deployWAR Deploying web application archive [/Users/plushavey/Desktop/TP_Projects/WebServletV2/tomcat/webapps/WebServletV2.war]
Пользователи загружены из: /Users/plushavey/Desktop/TP_Projects/WebServletV2/tomcat/webapps/WebServletV2/WEB-INF/users.txt
13-Nov-2025 10:59:21.566 INFO [main] org.apache.catalina.startup.HostConfig.deployWAR Deployment of web application archive [/Users/plushavey/Desktop/TP_Projects/WebServletV2/tomcat/webapps/WebServletV2.war] has finished in [155] ms
13-Nov-2025 10:59:21.567 INFO [main] org.apache.catalina.startup.HostConfig.deployDirectory Установка веб приложения в папку [/Users/plushavey/Desktop/TP_Projects/WebServletV2/tomcat/webapps/docs]
13-Nov-2025 10:59:21.579 INFO [main] org.apache.catalina.startup.HostConfig.deployDirectory Deployment of web application directory [/Users/plushavey/Desktop/TP_Projects/WebServletV2/tomcat/webapps/docs] has finished in [12] ms
13-Nov-2025 10:59:21.579 INFO [main] org.apache.catalina.startup.HostConfig.deployDirectory Установка веб приложения в папку [/Users/plushavey/Desktop/TP_Projects/WebServletV2/tomcat/webapps/manager]
13-Nov-2025 10:59:21.595 INFO [main] org.apache.catalina.startup.HostConfig.deployDirectory Deployment of web application directory [/Users/plushavey/Desktop/TP_Projects/WebServletV2/tomcat/webapps/manager] has finished in [16] ms
13-Nov-2025 10:59:21.595 INFO [main] org.apache.catalina.startup.HostConfig.deployDirectory Установка веб приложения в папку [/Users/plushavey/Desktop/TP_Projects/WebServletV2/tomcat/webapps/examples]
13-Nov-2025 10:59:21.694 INFO [main] org.apache.catalina.startup.HostConfig.deployDirectory Deployment of web application directory [/Users/plushavey/Desktop/TP_Projects/WebServletV2/tomcat/webapps/examples] has finished in [99] ms
13-Nov-2025 10:59:21.695 INFO [main] org.apache.catalina.startup.HostConfig.deployDirectory Установка веб приложения в папку [/Users/plushavey/Desktop/TP_Projects/WebServletV2/tomcat/webapps/ROOT]
13-Nov-2025 10:59:21.702 INFO [main] org.apache.catalina.startup.HostConfig.deployDirectory Deployment of web application directory [/Users/plushavey/Desktop/TP_Projects/WebServletV2/tomcat/webapps/ROOT] has finished in [8] ms
13-Nov-2025 10:59:21.702 INFO [main] org.apache.catalina.startup.HostConfig.deployDirectory Установка веб приложения в папку [/Users/plushavey/Desktop/TP_Projects/WebServletV2/tomcat/webapps/host-manager]
13-Nov-2025 10:59:21.711 INFO [main] org.apache.catalina.startup.HostConfig.deployDirectory Deployment of web application directory [/Users/plushavey/Desktop/TP_Projects/WebServletV2/tomcat/webapps/host-manager] has finished in [9] ms
13-Nov-2025 10:59:21.712 INFO [main] org.apache.coyote.AbstractProtocol.start Starting ProtocolHandler ["http-nio-8080"]
13-Nov-2025 10:59:21.716 INFO [main] org.apache.catalina.startup.Catalina.start Server startup in [332] milliseconds
13-Nov-2025 11:01:25.674 INFO [main] org.apache.catalina.core.StandardServer.await A valid shutdown command was received via the shutdown port. Stopping the Server instance.
13-Nov-2025 11:01:25.674 INFO [main] org.apache.coyote.AbstractProtocol.pause Pausing ProtocolHandler ["http-nio-8080"]
13-Nov-2025 11:01:25.676 INFO [main] org.apache.catalina.core.StandardService.stopInternal Stopping service [Catalina]
13-Nov-2025 11:01:25.691 INFO [main] org.apache.coyote.AbstractProtocol.stop Stopping ProtocolHandler ["http-nio-8080"]
13-Nov-2025 11:01:25.701 INFO [main] org.apache.coyote.AbstractProtocol.destroy Destroying ProtocolHandler ["http-nio-8080"]
NOTE: Picked up JDK_JAVA_OPTIONS:  --add-opens=java.base/java.lang=ALL-UNNAMED --add-opens=java.base/java.lang.invoke=ALL-UNNAMED --add-opens=java.base/java.lang.reflect=ALL-UNNAMED --add-opens=java.base/java.io=ALL-UNNAMED --add-opens=java.base/java.util=ALL-UNNAMED --add-opens=java.base/java.util.concurrent=ALL-UNNAMED --add-opens=java.rmi/sun.rmi.transport=ALL-UNNAMED
13-Nov-2025 11:02:01.324 INFO [main] org.apache.catalina.startup.VersionLoggerListener.log Имя версии сервера:    Apache Tomcat/9.0.112
13-Nov-2025 11:02:01.326 INFO [main] org.apache.catalina.startup.VersionLoggerListener.log Сервер собран:         Nov 6 2025 07:46:18 UTC
13-Nov-2025 11:02:01.326 INFO [main] org.apache.catalina.startup.VersionLoggerListener.log Номер версии сервера:  9.0.112.0
13-Nov-2025 11:02:01.326 INFO [main] org.apache.catalina.startup.VersionLoggerListener.log OS Name:               Mac OS X
13-Nov-2025 11:02:01.326 INFO [main] org.apache.catalina.startup.VersionLoggerListener.log Версия ОС:             15.6.1
13-Nov-2025 11:02:01.326 INFO [main] org.apache.catalina.startup.VersionLoggerListener.log Архитектура:           aarch64
13-Nov-2025 11:02:01.326 INFO [main] org.apache.catalina.startup.VersionLoggerListener.log Java Home:             /Users/plushavey/Library/Java/JavaVirtualMachines/corretto-23.0.2/Contents/Home
13-Nov-2025 11:02:01.326 INFO [main] org.apache.catalina.startup.VersionLoggerListener.log Версия JVM:            23.0.2+7-FR
13-Nov-2025 11:02:01.326 INFO [main] org.apache.catalina.startup.VersionLoggerListener.log Производитель JVM:     Amazon.com Inc.
13-Nov-2025 11:02:01.326 INFO [main] org.apache.catalina.startup.VersionLoggerListener.log CATALINA_BASE:         /Users/plushavey/Desktop/TP_Projects/WebServletV2/tomcat
13-Nov-2025 11:02:01.326 INFO [main] org.apache.catalina.startup.VersionLoggerListener.log CATALINA_HOME:         /Users/plushavey/Desktop/TP_Projects/WebServletV2/tomcat
13-Nov-2025 11:02:01.333 INFO [main] org.apache.catalina.startup.VersionLoggerListener.log Command line argument: --add-opens=java.base/java.lang=ALL-UNNAMED
13-Nov-2025 11:02:01.333 INFO [main] org.apache.catalina.startup.VersionLoggerListener.log Command line argument: --add-opens=java.base/java.lang.invoke=ALL-UNNAMED
13-Nov-2025 11:02:01.333 INFO [main] org.apache.catalina.startup.VersionLoggerListener.log Command line argument: --add-opens=java.base/java.lang.reflect=ALL-UNNAMED
13-Nov-2025 11:02:01.333 INFO [main] org.apache.catalina.startup.VersionLoggerListener.log Command line argument: --add-opens=java.base/java.io=ALL-UNNAMED
13-Nov-2025 11:02:01.333 INFO [main] org.apache.catalina.startup.VersionLoggerListener.log Command line argument: --add-opens=java.base/java.util=ALL-UNNAMED
13-Nov-2025 11:02:01.333 INFO [main] org.apache.catalina.startup.VersionLoggerListener.log Command line argument: --add-opens=java.base/java.util.concurrent=ALL-UNNAMED
13-Nov-2025 11:02:01.333 INFO [main] org.apache.catalina.startup.VersionLoggerListener.log Command line argument: --add-opens=java.rmi/sun.rmi.transport=ALL-UNNAMED
13-Nov-2025 11:02:01.333 INFO [main] org.apache.catalina.startup.VersionLoggerListener.log Command line argument: -Djava.util.logging.config.file=/Users/plushavey/Desktop/TP_Projects/WebServletV2/tomcat/conf/logging.properties
13-Nov-2025 11:02:01.333 INFO [main] org.apache.catalina.startup.VersionLoggerListener.log Command line argument: -Djava.util.logging.manager=org.apache.juli.ClassLoaderLogManager
13-Nov-2025 11:02:01.333 INFO [main] org.apache.catalina.startup.VersionLoggerListener.log Command line argument: -Djdk.tls.ephemeralDHKeySize=2048
13-Nov-2025 11:02:01.333 INFO [main] org.apache.catalina.startup.VersionLoggerListener.log Command line argument: -Djava.protocol.handler.pkgs=org.apache.catalina.webresources
13-Nov-2025 11:02:01.333 INFO [main] org.apache.catalina.startup.VersionLoggerListener.log Command line argument: -Dsun.io.useCanonCaches=false
13-Nov-2025 11:02:01.333 INFO [main] org.apache.catalina.startup.VersionLoggerListener.log Command line argument: -Dorg.apache.catalina.security.SecurityListener.UMASK=0027
13-Nov-2025 11:02:01.333 INFO [main] org.apache.catalina.startup.VersionLoggerListener.log Command line argument: -Dignore.endorsed.dirs=
13-Nov-2025 11:02:01.333 INFO [main] org.apache.catalina.startup.VersionLoggerListener.log Command line argument: -Dcatalina.base=/Users/plushavey/Desktop/TP_Projects/WebServletV2/tomcat
13-Nov-2025 11:02:01.334 INFO [main] org.apache.catalina.startup.VersionLoggerListener.log Command line argument: -Dcatalina.home=/Users/plushavey/Desktop/TP_Projects/WebServletV2/tomcat
13-Nov-2025 11:02:01.334 INFO [main] org.apache.catalina.startup.VersionLoggerListener.log Command line argument: -Djava.io.tmpdir=/Users/plushavey/Desktop/TP_Projects/WebServletV2/tomcat/temp
13-Nov-2025 11:02:01.339 INFO [main] org.apache.catalina.core.AprLifecycleListener.lifecycleEvent The Apache Tomcat Native library which allows using OpenSSL was not found on the java.library.path: [/Users/plushavey/Library/Java/Extensions:/Library/Java/Extensions:/Network/Library/Java/Extensions:/System/Library/Java/Extensions:/usr/lib/java:.]
13-Nov-2025 11:02:01.498 INFO [main] org.apache.coyote.AbstractProtocol.init Инициализация ProtocolHandler ["http-nio-8080"]
13-Nov-2025 11:02:01.512 INFO [main] org.apache.catalina.startup.Catalina.load Server initialization in [288] milliseconds
13-Nov-2025 11:02:01.530 INFO [main] org.apache.catalina.core.StandardService.startInternal Starting service [Catalina]
13-Nov-2025 11:02:01.530 INFO [main] org.apache.catalina.core.StandardEngine.startInternal Starting Servlet engine: [Apache Tomcat/9.0.112]
13-Nov-2025 11:02:01.537 INFO [main] org.apache.catalina.startup.HostConfig.deployWAR Deploying web application archive [/Users/plushavey/Desktop/TP_Projects/WebServletV2/tomcat/webapps/WebServletV2.war]
Пользователи загружены из: /Users/plushavey/Desktop/TP_Projects/WebServletV2/tomcat/webapps/WebServletV2/WEB-INF/users.txt
13-Nov-2025 11:02:01.689 INFO [main] org.apache.catalina.startup.HostConfig.deployWAR Deployment of web application archive [/Users/plushavey/Desktop/TP_Projects/WebServletV2/tomcat/webapps/WebServletV2.war] has finished in [151] ms
13-Nov-2025 11:02:01.689 INFO [main] org.apache.catalina.startup.HostConfig.deployDirectory Установка веб приложения в папку [/Users/plushavey/Desktop/TP_Projects/WebServletV2/tomcat/webapps/docs]
13-Nov-2025 11:02:01.701 INFO [main] org.apache.catalina.startup.HostConfig.deployDirectory Deployment of web application directory [/Users/plushavey/Desktop/TP_Projects/WebServletV2/tomcat/webapps/docs] has finished in [12] ms
13-Nov-2025 11:02:01.701 INFO [main] org.apache.catalina.startup.HostConfig.deployDirectory Установка веб приложения в папку [/Users/plushavey/Desktop/TP_Projects/WebServletV2/tomcat/webapps/manager]
13-Nov-2025 11:02:01.717 INFO [main] org.apache.catalina.startup.HostConfig.deployDirectory Deployment of web application directory [/Users/plushavey/Desktop/TP_Projects/WebServletV2/tomcat/webapps/manager] has finished in [16] ms
13-Nov-2025 11:02:01.717 INFO [main] org.apache.catalina.startup.HostConfig.deployDirectory Установка веб приложения в папку [/Users/plushavey/Desktop/TP_Projects/WebServletV2/tomcat/webapps/examples]
13-Nov-2025 11:02:01.815 INFO [main] org.apache.catalina.startup.HostConfig.deployDirectory Deployment of web application directory [/Users/plushavey/Desktop/TP_Projects/WebServletV2/tomcat/webapps/examples] has finished in [98] ms
13-Nov-2025 11:02:01.815 INFO [main] org.apache.catalina.startup.HostConfig.deployDirectory Установка веб приложения в папку [/Users/plushavey/Desktop/TP_Projects/WebServletV2/tomcat/webapps/ROOT]
13-Nov-2025 11:02:01.822 INFO [main] org.apache.catalina.startup.HostConfig.deployDirectory Deployment of web application directory [/Users/plushavey/Desktop/TP_Projects/WebServletV2/tomcat/webapps/ROOT] has finished in [7] ms
13-Nov-2025 11:02:01.822 INFO [main] org.apache.catalina.startup.HostConfig.deployDirectory Установка веб приложения в папку [/Users/plushavey/Desktop/TP_Projects/WebServletV2/tomcat/webapps/host-manager]
13-Nov-2025 11:02:01.831 INFO [main] org.apache.catalina.startup.HostConfig.deployDirectory Deployment of web application directory [/Users/plushavey/Desktop/TP_Projects/WebServletV2/tomcat/webapps/host-manager] has finished in [9] ms
13-Nov-2025 11:02:01.832 INFO [main] org.apache.coyote.AbstractProtocol.start Starting ProtocolHandler ["http-nio-8080"]
13-Nov-2025 11:02:01.836 INFO [main] org.apache.catalina.startup.Catalina.start Server startup in [323] milliseconds
13-Nov-2025 13:27:33.409 INFO [main] org.apache.catalina.core.StandardServer.await A valid shutdown command was received via the shutdown port. Stopping the Server instance.
13-Nov-2025 13:27:33.412 INFO [main] org.apache.coyote.AbstractProtocol.pause Pausing ProtocolHandler ["http-nio-8080"]
13-Nov-2025 13:27:33.419 INFO [main] org.apache.catalina.core.StandardService.stopInternal Stopping service [Catalina]
13-Nov-2025 13:27:33.440 INFO [main] org.apache.coyote.AbstractProtocol.stop Stopping ProtocolHandler ["http-nio-8080"]
13-Nov-2025 13:27:33.443 INFO [main] org.apache.coyote.AbstractProtocol.destroy Destroying ProtocolHandler ["http-nio-8080"]
NOTE: Picked up JDK_JAVA_OPTIONS:  --add-opens=java.base/java.lang=ALL-UNNAMED --add-opens=java.base/java.lang.invoke=ALL-UNNAMED --add-opens=java.base/java.lang.reflect=ALL-UNNAMED --add-opens=java.base/java.io=ALL-UNNAMED --add-opens=java.base/java.util=ALL-UNNAMED --add-opens=java.base/java.util.concurrent=ALL-UNNAMED --add-opens=java.rmi/sun.rmi.transport=ALL-UNNAMED
13-Nov-2025 13:27:53.376 INFO [main] org.apache.catalina.startup.VersionLoggerListener.log Имя версии сервера:    Apache Tomcat/9.0.112
13-Nov-2025 13:27:53.377 INFO [main] org.apache.catalina.startup.VersionLoggerListener.log Сервер собран:         Nov 6 2025 07:46:18 UTC
13-Nov-2025 13:27:53.378 INFO [main] org.apache.catalina.startup.VersionLoggerListener.log Номер версии сервера:  9.0.112.0
13-Nov-2025 13:27:53.378 INFO [main] org.apache.catalina.startup.VersionLoggerListener.log OS Name:               Mac OS X
13-Nov-2025 13:27:53.378 INFO [main] org.apache.catalina.startup.VersionLoggerListener.log Версия ОС:             15.6.1
13-Nov-2025 13:27:53.378 INFO [main] org.apache.catalina.startup.VersionLoggerListener.log Архитектура:           aarch64
13-Nov-2025 13:27:53.378 INFO [main] org.apache.catalina.startup.VersionLoggerListener.log Java Home:             /Users/plushavey/Library/Java/JavaVirtualMachines/corretto-23.0.2/Contents/Home
13-Nov-2025 13:27:53.378 INFO [main] org.apache.catalina.startup.VersionLoggerListener.log Версия JVM:            23.0.2+7-FR
13-Nov-2025 13:27:53.378 INFO [main] org.apache.catalina.startup.VersionLoggerListener.log Производитель JVM:     Amazon.com Inc.
13-Nov-2025 13:27:53.378 INFO [main] org.apache.catalina.startup.VersionLoggerListener.log CATALINA_BASE:         /Users/plushavey/Desktop/TP_Projects/WebServletV2/tomcat
13-Nov-2025 13:27:53.378 INFO [main] org.apache.catalina.startup.VersionLoggerListener.log CATALINA_HOME:         /Users/plushavey/Desktop/TP_Projects/WebServletV2/tomcat
13-Nov-2025 13:27:53.385 INFO [main] org.apache.catalina.startup.VersionLoggerListener.log Command line argument: --add-opens=java.base/java.lang=ALL-UNNAMED
13-Nov-2025 13:27:53.385 INFO [main] org.apache.catalina.startup.VersionLoggerListener.log Command line argument: --add-opens=java.base/java.lang.invoke=ALL-UNNAMED
13-Nov-2025 13:27:53.385 INFO [main] org.apache.catalina.startup.VersionLoggerListener.log Command line argument: --add-opens=java.base/java.lang.reflect=ALL-UNNAMED
13-Nov-2025 13:27:53.385 INFO [main] org.apache.catalina.startup.VersionLoggerListener.log Command line argument: --add-opens=java.base/java.io=ALL-UNNAMED
13-Nov-2025 13:27:53.385 INFO [main] org.apache.catalina.startup.VersionLoggerListener.log Command line argument: --add-opens=java.base/java.util=ALL-UNNAMED
13-Nov-2025 13:27:53.385 INFO [main] org.apache.catalina.startup.VersionLoggerListener.log Command line argument: --add-opens=java.base/java.util.concurrent=ALL-UNNAMED
13-Nov-2025 13:27:53.385 INFO [main] org.apache.catalina.startup.VersionLoggerListener.log Command line argument: --add-opens=java.rmi/sun.rmi.transport=ALL-UNNAMED
13-Nov-2025 13:27:53.385 INFO [main] org.apache.catalina.startup.VersionLoggerListener.log Command line argument: -Djava.util.logging.config.file=/Users/plushavey/Desktop/TP_Projects/WebServletV2/tomcat/conf/logging.properties
13-Nov-2025 13:27:53.385 INFO [main] org.apache.catalina.startup.VersionLoggerListener.log Command line argument: -Djava.util.logging.manager=org.apache.juli.ClassLoaderLogManager
13-Nov-2025 13:27:53.385 INFO [main] org.apache.catalina.startup.VersionLoggerListener.log Command line argument: -Djdk.tls.ephemeralDHKeySize=2048
13-Nov-2025 13:27:53.385 INFO [main] org.apache.catalina.startup.VersionLoggerListener.log Command line argument: -Djava.protocol.handler.pkgs=org.apache.catalina.webresources
13-Nov-2025 13:27:53.385 INFO [main] org.apache.catalina.startup.VersionLoggerListener.log Command line argument: -Dsun.io.useCanonCaches=false
13-Nov-2025 13:27:53.386 INFO [main] org.apache.catalina.startup.VersionLoggerListener.log Command line argument: -Dorg.apache.catalina.security.SecurityListener.UMASK=0027
13-Nov-2025 13:27:53.386 INFO [main] org.apache.catalina.startup.VersionLoggerListener.log Command line argument: -Dignore.endorsed.dirs=
13-Nov-2025 13:27:53.386 INFO [main] org.apache.catalina.startup.VersionLoggerListener.log Command line argument: -Dcatalina.base=/Users/plushavey/Desktop/TP_Projects/WebServletV2/tomcat
13-Nov-2025 13:27:53.386 INFO [main] org.apache.catalina.startup.VersionLoggerListener.log Command line argument: -Dcatalina.home=/Users/plushavey/Desktop/TP_Projects/WebServletV2/tomcat
13-Nov-2025 13:27:53.386 INFO [main] org.apache.catalina.startup.VersionLoggerListener.log Command line argument: -Djava.io.tmpdir=/Users/plushavey/Desktop/TP_Projects/WebServletV2/tomcat/temp
13-Nov-2025 13:27:53.392 INFO [main] org.apache.catalina.core.AprLifecycleListener.lifecycleEvent The Apache Tomcat Native library which allows using OpenSSL was not found on the java.library.path: [/Users/plushavey/Library/Java/Extensions:/Library/Java/Extensions:/Network/Library/Java/Extensions:/System/Library/Java/Extensions:/usr/lib/java:.]
13-Nov-2025 13:27:53.551 INFO [main] org.apache.coyote.AbstractProtocol.init Инициализация ProtocolHandler ["http-nio-8080"]
13-Nov-2025 13:27:53.563 INFO [main] org.apache.catalina.startup.Catalina.load Server initialization in [277] milliseconds
13-Nov-2025 13:27:53.581 INFO [main] org.apache.catalina.core.StandardService.startInternal Starting service [Catalina]
13-Nov-2025 13:27:53.581 INFO [main] org.apache.catalina.core.StandardEngine.startInternal Starting Servlet engine: [Apache Tomcat/9.0.112]
13-Nov-2025 13:27:53.587 INFO [main] org.apache.catalina.startup.HostConfig.deployWAR Deploying web application archive [/Users/plushavey/Desktop/TP_Projects/WebServletV2/tomcat/webapps/WebServletV2.war]
13-Nov-2025 13:27:53.595 INFO [main] org.apache.catalina.startup.ExpandWar.expand An expanded directory [/Users/plushavey/Desktop/TP_Projects/WebServletV2/tomcat/webapps/WebServletV2] was found with a last modified time that did not match the associated WAR. It will be deleted.
Пользователи загружены из: /Users/plushavey/Desktop/TP_Projects/WebServletV2/tomcat/webapps/WebServletV2/WEB-INF/users.txt
13-Nov-2025 13:27:53.739 INFO [main] org.apache.catalina.startup.HostConfig.deployWAR Deployment of web application archive [/Users/plushavey/Desktop/TP_Projects/WebServletV2/tomcat/webapps/WebServletV2.war] has finished in [151] ms
13-Nov-2025 13:27:53.740 INFO [main] org.apache.catalina.startup.HostConfig.deployDirectory Установка веб приложения в папку [/Users/plushavey/Desktop/TP_Projects/WebServletV2/tomcat/webapps/docs]
13-Nov-2025 13:27:53.751 INFO [main] org.apache.catalina.startup.HostConfig.deployDirectory Deployment of web application directory [/Users/plushavey/Desktop/TP_Projects/WebServletV2/tomcat/webapps/docs] has finished in [11] ms
13-Nov-2025 13:27:53.751 INFO [main] org.apache.catalina.startup.HostConfig.deployDirectory Установка веб приложения в папку [/Users/plushavey/Desktop/TP_Projects/WebServletV2/tomcat/webapps/manager]
13-Nov-2025 13:27:53.768 INFO [main] org.apache.catalina.startup.HostConfig.deployDirectory Deployment of web application directory [/Users/plushavey/Desktop/TP_Projects/WebServletV2/tomcat/webapps/manager] has finished in [17] ms
13-Nov-2025 13:27:53.768 INFO [main] org.apache.catalina.startup.HostConfig.deployDirectory Установка веб приложения в папку [/Users/plushavey/Desktop/TP_Projects/WebServletV2/tomcat/webapps/examples]
13-Nov-2025 13:27:53.869 INFO [main] org.apache.catalina.startup.HostConfig.deployDirectory Deployment of web application directory [/Users/plushavey/Desktop/TP_Projects/WebServletV2/tomcat/webapps/examples] has finished in [101] ms
13-Nov-2025 13:27:53.869 INFO [main] org.apache.catalina.startup.HostConfig.deployDirectory Установка веб приложения в папку [/Users/plushavey/Desktop/TP_Projects/WebServletV2/tomcat/webapps/ROOT]
13-Nov-2025 13:27:53.876 INFO [main] org.apache.catalina.startup.HostConfig.deployDirectory Deployment of web application directory [/Users/plushavey/Desktop/TP_Projects/WebServletV2/tomcat/webapps/ROOT] has finished in [7] ms
13-Nov-2025 13:27:53.877 INFO [main] org.apache.catalina.startup.HostConfig.deployDirectory Установка веб приложения в папку [/Users/plushavey/Desktop/TP_Projects/WebServletV2/tomcat/webapps/host-manager]
13-Nov-2025 13:27:53.886 INFO [main] org.apache.catalina.startup.HostConfig.deployDirectory Deployment of web application directory [/Users/plushavey/Desktop/TP_Projects/WebServletV2/tomcat/webapps/host-manager] has finished in [9] ms
13-Nov-2025 13:27:53.888 INFO [main] org.apache.coyote.AbstractProtocol.start Starting ProtocolHandler ["http-nio-8080"]
13-Nov-2025 13:27:53.892 INFO [main] org.apache.catalina.startup.Catalina.start Server startup in [328] milliseconds
13-Nov-2025 14:08:44.497 INFO [main] org.apache.catalina.core.StandardServer.await A valid shutdown command was received via the shutdown port. Stopping the Server instance.
13-Nov-2025 14:08:44.498 INFO [main] org.apache.coyote.AbstractProtocol.pause Pausing ProtocolHandler ["http-nio-8080"]
13-Nov-2025 14:08:44.502 INFO [main] org.apache.catalina.core.StandardService.stopInternal Stopping service [Catalina]
13-Nov-2025 14:08:44.520 INFO [main] org.apache.coyote.AbstractProtocol.stop Stopping ProtocolHandler ["http-nio-8080"]
13-Nov-2025 14:08:44.528 INFO [main] org.apache.coyote.AbstractProtocol.destroy Destroying ProtocolHandler ["http-nio-8080"]
NOTE: Picked up JDK_JAVA_OPTIONS:  --add-opens=java.base/java.lang=ALL-UNNAMED --add-opens=java.base/java.lang.invoke=ALL-UNNAMED --add-opens=java.base/java.lang.reflect=ALL-UNNAMED --add-opens=java.base/java.io=ALL-UNNAMED --add-opens=java.base/java.util=ALL-UNNAMED --add-opens=java.base/java.util.concurrent=ALL-UNNAMED --add-opens=java.rmi/sun.rmi.transport=ALL-UNNAMED
13-Nov-2025 14:09:46.630 INFO [main] org.apache.catalina.startup.VersionLoggerListener.log Имя версии сервера:    Apache Tomcat/9.0.112
13-Nov-2025 14:09:46.632 INFO [main] org.apache.catalina.startup.VersionLoggerListener.log Сервер собран:         Nov 6 2025 07:46:18 UTC
13-Nov-2025 14:09:46.632 INFO [main] org.apache.catalina.startup.VersionLoggerListener.log Номер версии сервера:  9.0.112.0
13-Nov-2025 14:09:46.632 INFO [main] org.apache.catalina.startup.VersionLoggerListener.log OS Name:               Mac OS X
13-Nov-2025 14:09:46.632 INFO [main] org.apache.catalina.startup.VersionLoggerListener.log Версия ОС:             15.6.1
13-Nov-2025 14:09:46.632 INFO [main] org.apache.catalina.startup.VersionLoggerListener.log Архитектура:           aarch64
13-Nov-2025 14:09:46.632 INFO [main] org.apache.catalina.startup.VersionLoggerListener.log Java Home:             /Users/plushavey/Library/Java/JavaVirtualMachines/corretto-23.0.2/Contents/Home
13-Nov-2025 14:09:46.632 INFO [main] org.apache.catalina.startup.VersionLoggerListener.log Версия JVM:            23.0.2+7-FR
13-Nov-2025 14:09:46.632 INFO [main] org.apache.catalina.startup.VersionLoggerListener.log Производитель JVM:     Amazon.com Inc.
13-Nov-2025 14:09:46.632 INFO [main] org.apache.catalina.startup.VersionLoggerListener.log CATALINA_BASE:         /Users/plushavey/Desktop/TP_Projects/WebServletV2/tomcat
13-Nov-2025 14:09:46.633 INFO [main] org.apache.catalina.startup.VersionLoggerListener.log CATALINA_HOME:         /Users/plushavey/Desktop/TP_Projects/WebServletV2/tomcat
13-Nov-2025 14:09:46.639 INFO [main] org.apache.catalina.startup.VersionLoggerListener.log Command line argument: --add-opens=java.base/java.lang=ALL-UNNAMED
13-Nov-2025 14:09:46.639 INFO [main] org.apache.catalina.startup.VersionLoggerListener.log Command line argument: --add-opens=java.base/java.lang.invoke=ALL-UNNAMED
13-Nov-2025 14:09:46.639 INFO [main] org.apache.catalina.startup.VersionLoggerListener.log Command line argument: --add-opens=java.base/java.lang.reflect=ALL-UNNAMED
13-Nov-2025 14:09:46.640 INFO [main] org.apache.catalina.startup.VersionLoggerListener.log Command line argument: --add-opens=java.base/java.io=ALL-UNNAMED
13-Nov-2025 14:09:46.640 INFO [main] org.apache.catalina.startup.VersionLoggerListener.log Command line argument: --add-opens=java.base/java.util=ALL-UNNAMED
13-Nov-2025 14:09:46.640 INFO [main] org.apache.catalina.startup.VersionLoggerListener.log Command line argument: --add-opens=java.base/java.util.concurrent=ALL-UNNAMED
13-Nov-2025 14:09:46.640 INFO [main] org.apache.catalina.startup.VersionLoggerListener.log Command line argument: --add-opens=java.rmi/sun.rmi.transport=ALL-UNNAMED
13-Nov-2025 14:09:46.640 INFO [main] org.apache.catalina.startup.VersionLoggerListener.log Command line argument: -Djava.util.logging.config.file=/Users/plushavey/Desktop/TP_Projects/WebServletV2/tomcat/conf/logging.properties
13-Nov-2025 14:09:46.640 INFO [main] org.apache.catalina.startup.VersionLoggerListener.log Command line argument: -Djava.util.logging.manager=org.apache.juli.ClassLoaderLogManager
13-Nov-2025 14:09:46.640 INFO [main] org.apache.catalina.startup.VersionLoggerListener.log Command line argument: -Djdk.tls.ephemeralDHKeySize=2048
13-Nov-2025 14:09:46.640 INFO [main] org.apache.catalina.startup.VersionLoggerListener.log Command line argument: -Djava.protocol.handler.pkgs=org.apache.catalina.webresources
13-Nov-2025 14:09:46.640 INFO [main] org.apache.catalina.startup.VersionLoggerListener.log Command line argument: -Dsun.io.useCanonCaches=false
13-Nov-2025 14:09:46.640 INFO [main] org.apache.catalina.startup.VersionLoggerListener.log Command line argument: -Dorg.apache.catalina.security.SecurityListener.UMASK=0027
13-Nov-2025 14:09:46.640 INFO [main] org.apache.catalina.startup.VersionLoggerListener.log Command line argument: -Dignore.endorsed.dirs=
13-Nov-2025 14:09:46.640 INFO [main] org.apache.catalina.startup.VersionLoggerListener.log Command line argument: -Dcatalina.base=/Users/plushavey/Desktop/TP_Projects/WebServletV2/tomcat
13-Nov-2025 14:09:46.640 INFO [main] org.apache.catalina.startup.VersionLoggerListener.log Command line argument: -Dcatalina.home=/Users/plushavey/Desktop/TP_Projects/WebServletV2/tomcat
13-Nov-2025 14:09:46.640 INFO [main] org.apache.catalina.startup.VersionLoggerListener.log Command line argument: -Djava.io.tmpdir=/Users/plushavey/Desktop/TP_Projects/WebServletV2/tomcat/temp
13-Nov-2025 14:09:46.646 INFO [main] org.apache.catalina.core.AprLifecycleListener.lifecycleEvent The Apache Tomcat Native library which allows using OpenSSL was not found on the java.library.path: [/Users/plushavey/Library/Java/Extensions:/Library/Java/Extensions:/Network/Library/Java/Extensions:/System/Library/Java/Extensions:/usr/lib/java:.]
13-Nov-2025 14:09:46.803 INFO [main] org.apache.coyote.AbstractProtocol.init Инициализация ProtocolHandler ["http-nio-8080"]
13-Nov-2025 14:09:46.815 INFO [main] org.apache.catalina.startup.Catalina.load Server initialization in [276] milliseconds
13-Nov-2025 14:09:46.834 INFO [main] org.apache.catalina.core.StandardService.startInternal Starting service [Catalina]
13-Nov-2025 14:09:46.834 INFO [main] org.apache.catalina.core.StandardEngine.startInternal Starting Servlet engine: [Apache Tomcat/9.0.112]
13-Nov-2025 14:09:46.841 INFO [main] org.apache.catalina.startup.HostConfig.deployWAR Deploying web application archive [/Users/plushavey/Desktop/TP_Projects/WebServletV2/tomcat/webapps/WebServletV2.war]
13-Nov-2025 14:09:46.848 INFO [main] org.apache.catalina.startup.ExpandWar.expand An expanded directory [/Users/plushavey/Desktop/TP_Projects/WebServletV2/tomcat/webapps/WebServletV2] was found with a last modified time that did not match the associated WAR. It will be deleted.
Пользователи загружены из: /Users/plushavey/Desktop/TP_Projects/WebServletV2/tomcat/webapps/WebServletV2/WEB-INF/users.txt
13-Nov-2025 14:09:47.001 INFO [main] org.apache.catalina.startup.HostConfig.deployWAR Deployment of web application archive [/Users/plushavey/Desktop/TP_Projects/WebServletV2/tomcat/webapps/WebServletV2.war] has finished in [160] ms
13-Nov-2025 14:09:47.001 INFO [main] org.apache.catalina.startup.HostConfig.deployDirectory Установка веб приложения в папку [/Users/plushavey/Desktop/TP_Projects/WebServletV2/tomcat/webapps/docs]
13-Nov-2025 14:09:47.014 INFO [main] org.apache.catalina.startup.HostConfig.deployDirectory Deployment of web application directory [/Users/plushavey/Desktop/TP_Projects/WebServletV2/tomcat/webapps/docs] has finished in [13] ms
13-Nov-2025 14:09:47.014 INFO [main] org.apache.catalina.startup.HostConfig.deployDirectory Установка веб приложения в папку [/Users/plushavey/Desktop/TP_Projects/WebServletV2/tomcat/webapps/manager]
13-Nov-2025 14:09:47.030 INFO [main] org.apache.catalina.startup.HostConfig.deployDirectory Deployment of web application directory [/Users/plushavey/Desktop/TP_Projects/WebServletV2/tomcat/webapps/manager] has finished in [16] ms
13-Nov-2025 14:09:47.030 INFO [main] org.apache.catalina.startup.HostConfig.deployDirectory Установка веб приложения в папку [/Users/plushavey/Desktop/TP_Projects/WebServletV2/tomcat/webapps/examples]
13-Nov-2025 14:09:47.129 INFO [main] org.apache.catalina.startup.HostConfig.deployDirectory Deployment of web application directory [/Users/plushavey/Desktop/TP_Projects/WebServletV2/tomcat/webapps/examples] has finished in [99] ms
13-Nov-2025 14:09:47.129 INFO [main] org.apache.catalina.startup.HostConfig.deployDirectory Установка веб приложения в папку [/Users/plushavey/Desktop/TP_Projects/WebServletV2/tomcat/webapps/ROOT]
13-Nov-2025 14:09:47.137 INFO [main] org.apache.catalina.startup.HostConfig.deployDirectory Deployment of web application directory [/Users/plushavey/Desktop/TP_Projects/WebServletV2/tomcat/webapps/ROOT] has finished in [8] ms
13-Nov-2025 14:09:47.137 INFO [main] org.apache.catalina.startup.HostConfig.deployDirectory Установка веб приложения в папку [/Users/plushavey/Desktop/TP_Projects/WebServletV2/tomcat/webapps/host-manager]
13-Nov-2025 14:09:47.146 INFO [main] org.apache.catalina.startup.HostConfig.deployDirectory Deployment of web application directory [/Users/plushavey/Desktop/TP_Projects/WebServletV2/tomcat/webapps/host-manager] has finished in [9] ms
13-Nov-2025 14:09:47.147 INFO [main] org.apache.coyote.AbstractProtocol.start Starting ProtocolHandler ["http-nio-8080"]
13-Nov-2025 14:09:47.151 INFO [main] org.apache.catalina.startup.Catalina.start Server startup in [335] milliseconds
13-Nov-2025 14:11:23.251 INFO [main] org.apache.catalina.core.StandardServer.await A valid shutdown command was received via the shutdown port. Stopping the Server instance.
13-Nov-2025 14:11:23.252 INFO [main] org.apache.coyote.AbstractProtocol.pause Pausing ProtocolHandler ["http-nio-8080"]
13-Nov-2025 14:11:23.255 INFO [main] org.apache.catalina.core.StandardService.stopInternal Stopping service [Catalina]
13-Nov-2025 14:11:23.272 INFO [main] org.apache.coyote.AbstractProtocol.stop Stopping ProtocolHandler ["http-nio-8080"]
13-Nov-2025 14:11:23.281 INFO [main] org.apache.coyote.AbstractProtocol.destroy Destroying ProtocolHandler ["http-nio-8080"]
NOTE: Picked up JDK_JAVA_OPTIONS:  --add-opens=java.base/java.lang=ALL-UNNAMED --add-opens=java.base/java.lang.invoke=ALL-UNNAMED --add-opens=java.base/java.lang.reflect=ALL-UNNAMED --add-opens=java.base/java.io=ALL-UNNAMED --add-opens=java.base/java.util=ALL-UNNAMED --add-opens=java.base/java.util.concurrent=ALL-UNNAMED --add-opens=java.rmi/sun.rmi.transport=ALL-UNNAMED
13-Nov-2025 14:11:35.913 INFO [main] org.apache.catalina.startup.VersionLoggerListener.log Имя версии сервера:    Apache Tomcat/9.0.112
13-Nov-2025 14:11:35.915 INFO [main] org.apache.catalina.startup.VersionLoggerListener.log Сервер собран:         Nov 6 2025 07:46:18 UTC
13-Nov-2025 14:11:35.915 INFO [main] org.apache.catalina.startup.VersionLoggerListener.log Номер версии сервера:  9.0.112.0
13-Nov-2025 14:11:35.915 INFO [main] org.apache.catalina.startup.VersionLoggerListener.log OS Name:               Mac OS X
13-Nov-2025 14:11:35.915 INFO [main] org.apache.catalina.startup.VersionLoggerListener.log Версия ОС:             15.6.1
13-Nov-2025 14:11:35.915 INFO [main] org.apache.catalina.startup.VersionLoggerListener.log Архитектура:           aarch64
13-Nov-2025 14:11:35.915 INFO [main] org.apache.catalina.startup.VersionLoggerListener.log Java Home:             /Users/plushavey/Library/Java/JavaVirtualMachines/corretto-23.0.2/Contents/Home
13-Nov-2025 14:11:35.915 INFO [main] org.apache.catalina.startup.VersionLoggerListener.log Версия JVM:            23.0.2+7-FR
13-Nov-2025 14:11:35.916 INFO [main] org.apache.catalina.startup.VersionLoggerListener.log Производитель JVM:     Amazon.com Inc.
13-Nov-2025 14:11:35.916 INFO [main] org.apache.catalina.startup.VersionLoggerListener.log CATALINA_BASE:         /Users/plushavey/Desktop/TP_Projects/WebServletV2/tomcat
13-Nov-2025 14:11:35.916 INFO [main] org.apache.catalina.startup.VersionLoggerListener.log CATALINA_HOME:         /Users/plushavey/Desktop/TP_Projects/WebServletV2/tomcat
13-Nov-2025 14:11:35.920 INFO [main] org.apache.catalina.startup.VersionLoggerListener.log Command line argument: --add-opens=java.base/java.lang=ALL-UNNAMED
13-Nov-2025 14:11:35.920 INFO [main] org.apache.catalina.startup.VersionLoggerListener.log Command line argument: --add-opens=java.base/java.lang.invoke=ALL-UNNAMED
13-Nov-2025 14:11:35.920 INFO [main] org.apache.catalina.startup.VersionLoggerListener.log Command line argument: --add-opens=java.base/java.lang.reflect=ALL-UNNAMED
13-Nov-2025 14:11:35.920 INFO [main] org.apache.catalina.startup.VersionLoggerListener.log Command line argument: --add-opens=java.base/java.io=ALL-UNNAMED
13-Nov-2025 14:11:35.920 INFO [main] org.apache.catalina.startup.VersionLoggerListener.log Command line argument: --add-opens=java.base/java.util=ALL-UNNAMED
13-Nov-2025 14:11:35.920 INFO [main] org.apache.catalina.startup.VersionLoggerListener.log Command line argument: --add-opens=java.base/java.util.concurrent=ALL-UNNAMED
13-Nov-2025 14:11:35.920 INFO [main] org.apache.catalina.startup.VersionLoggerListener.log Command line argument: --add-opens=java.rmi/sun.rmi.transport=ALL-UNNAMED
13-Nov-2025 14:11:35.920 INFO [main] org.apache.catalina.startup.VersionLoggerListener.log Command line argument: -Djava.util.logging.config.file=/Users/plushavey/Desktop/TP_Projects/WebServletV2/tomcat/conf/logging.properties
13-Nov-2025 14:11:35.920 INFO [main] org.apache.catalina.startup.VersionLoggerListener.log Command line argument: -Djava.util.logging.manager=org.apache.juli.ClassLoaderLogManager
13-Nov-2025 14:11:35.920 INFO [main] org.apache.catalina.startup.VersionLoggerListener.log Command line argument: -Djdk.tls.ephemeralDHKeySize=2048
13-Nov-2025 14:11:35.920 INFO [main] org.apache.catalina.startup.VersionLoggerListener.log Command line argument: -Djava.protocol.handler.pkgs=org.apache.catalina.webresources
13-Nov-2025 14:11:35.921 INFO [main] org.apache.catalina.startup.VersionLoggerListener.log Command line argument: -Dsun.io.useCanonCaches=false
13-Nov-2025 14:11:35.921 INFO [main] org.apache.catalina.startup.VersionLoggerListener.log Command line argument: -Dorg.apache.catalina.security.SecurityListener.UMASK=0027
13-Nov-2025 14:11:35.921 INFO [main] org.apache.catalina.startup.VersionLoggerListener.log Command line argument: -Dignore.endorsed.dirs=
13-Nov-2025 14:11:35.921 INFO [main] org.apache.catalina.startup.VersionLoggerListener.log Command line argument: -Dcatalina.base=/Users/plushavey/Desktop/TP_Projects/WebServletV2/tomcat
13-Nov-2025 14:11:35.921 INFO [main] org.apache.catalina.startup.VersionLoggerListener.log Command line argument: -Dcatalina.home=/Users/plushavey/Desktop/TP_Projects/WebServletV2/tomcat
13-Nov-2025 14:11:35.921 INFO [main] org.apache.catalina.startup.VersionLoggerListener.log Command line argument: -Djava.io.tmpdir=/Users/plushavey/Desktop/TP_Projects/WebServletV2/tomcat/temp
13-Nov-2025 14:11:35.926 INFO [main] org.apache.catalina.core.AprLifecycleListener.lifecycleEvent The Apache Tomcat Native library which allows using OpenSSL was not found on the java.library.path: [/Users/plushavey/Library/Java/Extensions:/Library/Java/Extensions:/Network/Library/Java/Extensions:/System/Library/Java/Extensions:/usr/lib/java:.]
13-Nov-2025 14:11:36.076 INFO [main] org.apache.coyote.AbstractProtocol.init Инициализация ProtocolHandler ["http-nio-8080"]
13-Nov-2025 14:11:36.088 INFO [main] org.apache.catalina.startup.Catalina.load Server initialization in [261] milliseconds
13-Nov-2025 14:11:36.103 INFO [main] org.apache.catalina.core.StandardService.startInternal Starting service [Catalina]
13-Nov-2025 14:11:36.103 INFO [main] org.apache.catalina.core.StandardEngine.startInternal Starting Servlet engine: [Apache Tomcat/9.0.112]
13-Nov-2025 14:11:36.109 INFO [main] org.apache.catalina.startup.HostConfig.deployWAR Deploying web application archive [/Users/plushavey/Desktop/TP_Projects/WebServletV2/tomcat/webapps/WebServletV2.war]
13-Nov-2025 14:11:36.116 INFO [main] org.apache.catalina.startup.ExpandWar.expand An expanded directory [/Users/plushavey/Desktop/TP_Projects/WebServletV2/tomcat/webapps/WebServletV2] was found with a last modified time that did not match the associated WAR. It will be deleted.
Пользователи загружены из: /Users/plushavey/Desktop/TP_Projects/WebServletV2/tomcat/webapps/WebServletV2/WEB-INF/users.txt
13-Nov-2025 14:11:36.254 INFO [main] org.apache.catalina.startup.HostConfig.deployWAR Deployment of web application archive [/Users/plushavey/Desktop/TP_Projects/WebServletV2/tomcat/webapps/WebServletV2.war] has finished in [143] ms
13-Nov-2025 14:11:36.254 INFO [main] org.apache.catalina.startup.HostConfig.deployDirectory Установка веб приложения в папку [/Users/plushavey/Desktop/TP_Projects/WebServletV2/tomcat/webapps/docs]
13-Nov-2025 14:11:36.266 INFO [main] org.apache.catalina.startup.HostConfig.deployDirectory Deployment of web application directory [/Users/plushavey/Desktop/TP_Projects/WebServletV2/tomcat/webapps/docs] has finished in [12] ms
13-Nov-2025 14:11:36.266 INFO [main] org.apache.catalina.startup.HostConfig.deployDirectory Установка веб приложения в папку [/Users/plushavey/Desktop/TP_Projects/WebServletV2/tomcat/webapps/manager]
13-Nov-2025 14:11:36.282 INFO [main] org.apache.catalina.startup.HostConfig.deployDirectory Deployment of web application directory [/Users/plushavey/Desktop/TP_Projects/WebServletV2/tomcat/webapps/manager] has finished in [16] ms
13-Nov-2025 14:11:36.282 INFO [main] org.apache.catalina.startup.HostConfig.deployDirectory Установка веб приложения в папку [/Users/plushavey/Desktop/TP_Projects/WebServletV2/tomcat/webapps/examples]
13-Nov-2025 14:11:36.378 INFO [main] org.apache.catalina.startup.HostConfig.deployDirectory Deployment of web application directory [/Users/plushavey/Desktop/TP_Projects/WebServletV2/tomcat/webapps/examples] has finished in [96] ms
13-Nov-2025 14:11:36.378 INFO [main] org.apache.catalina.startup.HostConfig.deployDirectory Установка веб приложения в папку [/Users/plushavey/Desktop/TP_Projects/WebServletV2/tomcat/webapps/ROOT]
13-Nov-2025 14:11:36.385 INFO [main] org.apache.catalina.startup.HostConfig.deployDirectory Deployment of web application directory [/Users/plushavey/Desktop/TP_Projects/WebServletV2/tomcat/webapps/ROOT] has finished in [7] ms
13-Nov-2025 14:11:36.385 INFO [main] org.apache.catalina.startup.HostConfig.deployDirectory Установка веб приложения в папку [/Users/plushavey/Desktop/TP_Projects/WebServletV2/tomcat/webapps/host-manager]
13-Nov-2025 14:11:36.394 INFO [main] org.apache.catalina.startup.HostConfig.deployDirectory Deployment of web application directory [/Users/plushavey/Desktop/TP_Projects/WebServletV2/tomcat/webapps/host-manager] has finished in [9] ms
13-Nov-2025 14:11:36.395 INFO [main] org.apache.coyote.AbstractProtocol.start Starting ProtocolHandler ["http-nio-8080"]
13-Nov-2025 14:11:36.399 INFO [main] org.apache.catalina.startup.Catalina.start Server startup in [310] milliseconds
13-Nov-2025 14:20:02.993 INFO [main] org.apache.catalina.core.StandardServer.await A valid shutdown command was received via the shutdown port. Stopping the Server instance.
13-Nov-2025 14:20:02.994 INFO [main] org.apache.coyote.AbstractProtocol.pause Pausing ProtocolHandler ["http-nio-8080"]
13-Nov-2025 14:20:02.997 INFO [main] org.apache.catalina.core.StandardService.stopInternal Stopping service [Catalina]
13-Nov-2025 14:20:03.016 INFO [main] org.apache.coyote.AbstractProtocol.stop Stopping ProtocolHandler ["http-nio-8080"]
13-Nov-2025 14:20:03.023 INFO [main] org.apache.coyote.AbstractProtocol.destroy Destroying ProtocolHandler ["http-nio-8080"]
NOTE: Picked up JDK_JAVA_OPTIONS:  --add-opens=java.base/java.lang=ALL-UNNAMED --add-opens=java.base/java.lang.invoke=ALL-UNNAMED --add-opens=java.base/java.lang.reflect=ALL-UNNAMED --add-opens=java.base/java.io=ALL-UNNAMED --add-opens=java.base/java.util=ALL-UNNAMED --add-opens=java.base/java.util.concurrent=ALL-UNNAMED --add-opens=java.rmi/sun.rmi.transport=ALL-UNNAMED
13-Nov-2025 14:20:10.891 INFO [main] org.apache.catalina.startup.VersionLoggerListener.log Имя версии сервера:    Apache Tomcat/9.0.112
13-Nov-2025 14:20:10.893 INFO [main] org.apache.catalina.startup.VersionLoggerListener.log Сервер собран:         Nov 6 2025 07:46:18 UTC
13-Nov-2025 14:20:10.893 INFO [main] org.apache.catalina.startup.VersionLoggerListener.log Номер версии сервера:  9.0.112.0
13-Nov-2025 14:20:10.893 INFO [main] org.apache.catalina.startup.VersionLoggerListener.log OS Name:               Mac OS X
13-Nov-2025 14:20:10.894 INFO [main] org.apache.catalina.startup.VersionLoggerListener.log Версия ОС:             15.6.1
13-Nov-2025 14:20:10.894 INFO [main] org.apache.catalina.startup.VersionLoggerListener.log Архитектура:           aarch64
13-Nov-2025 14:20:10.894 INFO [main] org.apache.catalina.startup.VersionLoggerListener.log Java Home:             /Users/plushavey/Library/Java/JavaVirtualMachines/corretto-23.0.2/Contents/Home
13-Nov-2025 14:20:10.894 INFO [main] org.apache.catalina.startup.VersionLoggerListener.log Версия JVM:            23.0.2+7-FR
13-Nov-2025 14:20:10.894 INFO [main] org.apache.catalina.startup.VersionLoggerListener.log Производитель JVM:     Amazon.com Inc.
13-Nov-2025 14:20:10.894 INFO [main] org.apache.catalina.startup.VersionLoggerListener.log CATALINA_BASE:         /Users/plushavey/Desktop/TP_Projects/WebServletV2/tomcat
13-Nov-2025 14:20:10.894 INFO [main] org.apache.catalina.startup.VersionLoggerListener.log CATALINA_HOME:         /Users/plushavey/Desktop/TP_Projects/WebServletV2/tomcat
13-Nov-2025 14:20:10.901 INFO [main] org.apache.catalina.startup.VersionLoggerListener.log Command line argument: --add-opens=java.base/java.lang=ALL-UNNAMED
13-Nov-2025 14:20:10.901 INFO [main] org.apache.catalina.startup.VersionLoggerListener.log Command line argument: --add-opens=java.base/java.lang.invoke=ALL-UNNAMED
13-Nov-2025 14:20:10.901 INFO [main] org.apache.catalina.startup.VersionLoggerListener.log Command line argument: --add-opens=java.base/java.lang.reflect=ALL-UNNAMED
13-Nov-2025 14:20:10.901 INFO [main] org.apache.catalina.startup.VersionLoggerListener.log Command line argument: --add-opens=java.base/java.io=ALL-UNNAMED
13-Nov-2025 14:20:10.901 INFO [main] org.apache.catalina.startup.VersionLoggerListener.log Command line argument: --add-opens=java.base/java.util=ALL-UNNAMED
13-Nov-2025 14:20:10.901 INFO [main] org.apache.catalina.startup.VersionLoggerListener.log Command line argument: --add-opens=java.base/java.util.concurrent=ALL-UNNAMED
13-Nov-2025 14:20:10.901 INFO [main] org.apache.catalina.startup.VersionLoggerListener.log Command line argument: --add-opens=java.rmi/sun.rmi.transport=ALL-UNNAMED
13-Nov-2025 14:20:10.902 INFO [main] org.apache.catalina.startup.VersionLoggerListener.log Command line argument: -Djava.util.logging.config.file=/Users/plushavey/Desktop/TP_Projects/WebServletV2/tomcat/conf/logging.properties
13-Nov-2025 14:20:10.902 INFO [main] org.apache.catalina.startup.VersionLoggerListener.log Command line argument: -Djava.util.logging.manager=org.apache.juli.ClassLoaderLogManager
13-Nov-2025 14:20:10.902 INFO [main] org.apache.catalina.startup.VersionLoggerListener.log Command line argument: -Djdk.tls.ephemeralDHKeySize=2048
13-Nov-2025 14:20:10.902 INFO [main] org.apache.catalina.startup.VersionLoggerListener.log Command line argument: -Djava.protocol.handler.pkgs=org.apache.catalina.webresources
13-Nov-2025 14:20:10.902 INFO [main] org.apache.catalina.startup.VersionLoggerListener.log Command line argument: -Dsun.io.useCanonCaches=false
13-Nov-2025 14:20:10.902 INFO [main] org.apache.catalina.startup.VersionLoggerListener.log Command line argument: -Dorg.apache.catalina.security.SecurityListener.UMASK=0027
13-Nov-2025 14:20:10.902 INFO [main] org.apache.catalina.startup.VersionLoggerListener.log Command line argument: -Dignore.endorsed.dirs=
13-Nov-2025 14:20:10.902 INFO [main] org.apache.catalina.startup.VersionLoggerListener.log Command line argument: -Dcatalina.base=/Users/plushavey/Desktop/TP_Projects/WebServletV2/tomcat
13-Nov-2025 14:20:10.902 INFO [main] org.apache.catalina.startup.VersionLoggerListener.log Command line argument: -Dcatalina.home=/Users/plushavey/Desktop/TP_Projects/WebServletV2/tomcat
13-Nov-2025 14:20:10.902 INFO [main] org.apache.catalina.startup.VersionLoggerListener.log Command line argument: -Djava.io.tmpdir=/Users/plushavey/Desktop/TP_Projects/WebServletV2/tomcat/temp
13-Nov-2025 14:20:10.908 INFO [main] org.apache.catalina.core.AprLifecycleListener.lifecycleEvent The Apache Tomcat Native library which allows using OpenSSL was not found on the java.library.path: [/Users/plushavey/Library/Java/Extensions:/Library/Java/Extensions:/Network/Library/Java/Extensions:/System/Library/Java/Extensions:/usr/lib/java:.]
13-Nov-2025 14:20:11.073 INFO [main] org.apache.coyote.AbstractProtocol.init Инициализация ProtocolHandler ["http-nio-8080"]
13-Nov-2025 14:20:11.085 INFO [main] org.apache.catalina.startup.Catalina.load Server initialization in [287] milliseconds
13-Nov-2025 14:20:11.104 INFO [main] org.apache.catalina.core.StandardService.startInternal Starting service [Catalina]
13-Nov-2025 14:20:11.104 INFO [main] org.apache.catalina.core.StandardEngine.startInternal Starting Servlet engine: [Apache Tomcat/9.0.112]
13-Nov-2025 14:20:11.111 INFO [main] org.apache.catalina.startup.HostConfig.deployWAR Deploying web application archive [/Users/plushavey/Desktop/TP_Projects/WebServletV2/tomcat/webapps/WebServletV2.war]
Пользователи загружены из: /Users/plushavey/Desktop/TP_Projects/WebServletV2/tomcat/webapps/WebServletV2/WEB-INF/users.txt
13-Nov-2025 14:20:11.264 INFO [main] org.apache.catalina.startup.HostConfig.deployWAR Deployment of web application archive [/Users/plushavey/Desktop/TP_Projects/WebServletV2/tomcat/webapps/WebServletV2.war] has finished in [151] ms
13-Nov-2025 14:20:11.264 INFO [main] org.apache.catalina.startup.HostConfig.deployDirectory Установка веб приложения в папку [/Users/plushavey/Desktop/TP_Projects/WebServletV2/tomcat/webapps/docs]
13-Nov-2025 14:20:11.276 INFO [main] org.apache.catalina.startup.HostConfig.deployDirectory Deployment of web application directory [/Users/plushavey/Desktop/TP_Projects/WebServletV2/tomcat/webapps/docs] has finished in [12] ms
13-Nov-2025 14:20:11.276 INFO [main] org.apache.catalina.startup.HostConfig.deployDirectory Установка веб приложения в папку [/Users/plushavey/Desktop/TP_Projects/WebServletV2/tomcat/webapps/manager]
13-Nov-2025 14:20:11.292 INFO [main] org.apache.catalina.startup.HostConfig.deployDirectory Deployment of web application directory [/Users/plushavey/Desktop/TP_Projects/WebServletV2/tomcat/webapps/manager] has finished in [16] ms
13-Nov-2025 14:20:11.293 INFO [main] org.apache.catalina.startup.HostConfig.deployDirectory Установка веб приложения в папку [/Users/plushavey/Desktop/TP_Projects/WebServletV2/tomcat/webapps/examples]
13-Nov-2025 14:20:11.392 INFO [main] org.apache.catalina.startup.HostConfig.deployDirectory Deployment of web application directory [/Users/plushavey/Desktop/TP_Projects/WebServletV2/tomcat/webapps/examples] has finished in [99] ms
13-Nov-2025 14:20:11.392 INFO [main] org.apache.catalina.startup.HostConfig.deployDirectory Установка веб приложения в папку [/Users/plushavey/Desktop/TP_Projects/WebServletV2/tomcat/webapps/ROOT]
13-Nov-2025 14:20:11.399 INFO [main] org.apache.catalina.startup.HostConfig.deployDirectory Deployment of web application directory [/Users/plushavey/Desktop/TP_Projects/WebServletV2/tomcat/webapps/ROOT] has finished in [7] ms
13-Nov-2025 14:20:11.399 INFO [main] org.apache.catalina.startup.HostConfig.deployDirectory Установка веб приложения в папку [/Users/plushavey/Desktop/TP_Projects/WebServletV2/tomcat/webapps/host-manager]
13-Nov-2025 14:20:11.408 INFO [main] org.apache.catalina.startup.HostConfig.deployDirectory Deployment of web application directory [/Users/plushavey/Desktop/TP_Projects/WebServletV2/tomcat/webapps/host-manager] has finished in [9] ms
13-Nov-2025 14:20:11.410 INFO [main] org.apache.coyote.AbstractProtocol.start Starting ProtocolHandler ["http-nio-8080"]
13-Nov-2025 14:20:11.414 INFO [main] org.apache.catalina.startup.Catalina.start Server startup in [328] milliseconds
13-Nov-2025 14:23:59.676 INFO [main] org.apache.catalina.core.StandardServer.await A valid shutdown command was received via the shutdown port. Stopping the Server instance.
13-Nov-2025 14:23:59.677 INFO [main] org.apache.coyote.AbstractProtocol.pause Pausing ProtocolHandler ["http-nio-8080"]
13-Nov-2025 14:23:59.681 INFO [main] org.apache.catalina.core.StandardService.stopInternal Stopping service [Catalina]
13-Nov-2025 14:23:59.698 INFO [main] org.apache.coyote.AbstractProtocol.stop Stopping ProtocolHandler ["http-nio-8080"]
13-Nov-2025 14:23:59.706 INFO [main] org.apache.coyote.AbstractProtocol.destroy Destroying ProtocolHandler ["http-nio-8080"]
NOTE: Picked up JDK_JAVA_OPTIONS:  --add-opens=java.base/java.lang=ALL-UNNAMED --add-opens=java.base/java.lang.invoke=ALL-UNNAMED --add-opens=java.base/java.lang.reflect=ALL-UNNAMED --add-opens=java.base/java.io=ALL-UNNAMED --add-opens=java.base/java.util=ALL-UNNAMED --add-opens=java.base/java.util.concurrent=ALL-UNNAMED --add-opens=java.rmi/sun.rmi.transport=ALL-UNNAMED
13-Nov-2025 14:24:01.920 INFO [main] org.apache.catalina.startup.VersionLoggerListener.log Имя версии сервера:    Apache Tomcat/9.0.112
13-Nov-2025 14:24:01.922 INFO [main] org.apache.catalina.startup.VersionLoggerListener.log Сервер собран:         Nov 6 2025 07:46:18 UTC
13-Nov-2025 14:24:01.922 INFO [main] org.apache.catalina.startup.VersionLoggerListener.log Номер версии сервера:  9.0.112.0
13-Nov-2025 14:24:01.922 INFO [main] org.apache.catalina.startup.VersionLoggerListener.log OS Name:               Mac OS X
13-Nov-2025 14:24:01.922 INFO [main] org.apache.catalina.startup.VersionLoggerListener.log Версия ОС:             15.6.1
13-Nov-2025 14:24:01.922 INFO [main] org.apache.catalina.startup.VersionLoggerListener.log Архитектура:           aarch64
13-Nov-2025 14:24:01.922 INFO [main] org.apache.catalina.startup.VersionLoggerListener.log Java Home:             /Users/plushavey/Library/Java/JavaVirtualMachines/corretto-23.0.2/Contents/Home
13-Nov-2025 14:24:01.922 INFO [main] org.apache.catalina.startup.VersionLoggerListener.log Версия JVM:            23.0.2+7-FR
13-Nov-2025 14:24:01.923 INFO [main] org.apache.catalina.startup.VersionLoggerListener.log Производитель JVM:     Amazon.com Inc.
13-Nov-2025 14:24:01.923 INFO [main] org.apache.catalina.startup.VersionLoggerListener.log CATALINA_BASE:         /Users/plushavey/Desktop/TP_Projects/WebServletV2/tomcat
13-Nov-2025 14:24:01.923 INFO [main] org.apache.catalina.startup.VersionLoggerListener.log CATALINA_HOME:         /Users/plushavey/Desktop/TP_Projects/WebServletV2/tomcat
13-Nov-2025 14:24:01.930 INFO [main] org.apache.catalina.startup.VersionLoggerListener.log Command line argument: --add-opens=java.base/java.lang=ALL-UNNAMED
13-Nov-2025 14:24:01.930 INFO [main] org.apache.catalina.startup.VersionLoggerListener.log Command line argument: --add-opens=java.base/java.lang.invoke=ALL-UNNAMED
13-Nov-2025 14:24:01.930 INFO [main] org.apache.catalina.startup.VersionLoggerListener.log Command line argument: --add-opens=java.base/java.lang.reflect=ALL-UNNAMED
13-Nov-2025 14:24:01.930 INFO [main] org.apache.catalina.startup.VersionLoggerListener.log Command line argument: --add-opens=java.base/java.io=ALL-UNNAMED
13-Nov-2025 14:24:01.930 INFO [main] org.apache.catalina.startup.VersionLoggerListener.log Command line argument: --add-opens=java.base/java.util=ALL-UNNAMED
13-Nov-2025 14:24:01.930 INFO [main] org.apache.catalina.startup.VersionLoggerListener.log Command line argument: --add-opens=java.base/java.util.concurrent=ALL-UNNAMED
13-Nov-2025 14:24:01.930 INFO [main] org.apache.catalina.startup.VersionLoggerListener.log Command line argument: --add-opens=java.rmi/sun.rmi.transport=ALL-UNNAMED
13-Nov-2025 14:24:01.930 INFO [main] org.apache.catalina.startup.VersionLoggerListener.log Command line argument: -Djava.util.logging.config.file=/Users/plushavey/Desktop/TP_Projects/WebServletV2/tomcat/conf/logging.properties
13-Nov-2025 14:24:01.930 INFO [main] org.apache.catalina.startup.VersionLoggerListener.log Command line argument: -Djava.util.logging.manager=org.apache.juli.ClassLoaderLogManager
13-Nov-2025 14:24:01.931 INFO [main] org.apache.catalina.startup.VersionLoggerListener.log Command line argument: -Djdk.tls.ephemeralDHKeySize=2048
13-Nov-2025 14:24:01.931 INFO [main] org.apache.catalina.startup.VersionLoggerListener.log Command line argument: -Djava.protocol.handler.pkgs=org.apache.catalina.webresources
13-Nov-2025 14:24:01.931 INFO [main] org.apache.catalina.startup.VersionLoggerListener.log Command line argument: -Dsun.io.useCanonCaches=false
13-Nov-2025 14:24:01.931 INFO [main] org.apache.catalina.startup.VersionLoggerListener.log Command line argument: -Dorg.apache.catalina.security.SecurityListener.UMASK=0027
13-Nov-2025 14:24:01.931 INFO [main] org.apache.catalina.startup.VersionLoggerListener.log Command line argument: -Dignore.endorsed.dirs=
13-Nov-2025 14:24:01.931 INFO [main] org.apache.catalina.startup.VersionLoggerListener.log Command line argument: -Dcatalina.base=/Users/plushavey/Desktop/TP_Projects/WebServletV2/tomcat
13-Nov-2025 14:24:01.931 INFO [main] org.apache.catalina.startup.VersionLoggerListener.log Command line argument: -Dcatalina.home=/Users/plushavey/Desktop/TP_Projects/WebServletV2/tomcat
13-Nov-2025 14:24:01.931 INFO [main] org.apache.catalina.startup.VersionLoggerListener.log Command line argument: -Djava.io.tmpdir=/Users/plushavey/Desktop/TP_Projects/WebServletV2/tomcat/temp
13-Nov-2025 14:24:01.936 INFO [main] org.apache.catalina.core.AprLifecycleListener.lifecycleEvent The Apache Tomcat Native library which allows using OpenSSL was not found on the java.library.path: [/Users/plushavey/Library/Java/Extensions:/Library/Java/Extensions:/Network/Library/Java/Extensions:/System/Library/Java/Extensions:/usr/lib/java:.]
13-Nov-2025 14:24:02.102 INFO [main] org.apache.coyote.AbstractProtocol.init Инициализация ProtocolHandler ["http-nio-8080"]
13-Nov-2025 14:24:02.114 INFO [main] org.apache.catalina.startup.Catalina.load Server initialization in [286] milliseconds
13-Nov-2025 14:24:02.133 INFO [main] org.apache.catalina.core.StandardService.startInternal Starting service [Catalina]
13-Nov-2025 14:24:02.133 INFO [main] org.apache.catalina.core.StandardEngine.startInternal Starting Servlet engine: [Apache Tomcat/9.0.112]
13-Nov-2025 14:24:02.141 INFO [main] org.apache.catalina.startup.HostConfig.deployWAR Deploying web application archive [/Users/plushavey/Desktop/TP_Projects/WebServletV2/tomcat/webapps/WebServletV2.war]
Пользователи загружены из: /Users/plushavey/Desktop/TP_Projects/WebServletV2/tomcat/webapps/WebServletV2/WEB-INF/users.txt
13-Nov-2025 14:24:02.296 INFO [main] org.apache.catalina.startup.HostConfig.deployWAR Deployment of web application archive [/Users/plushavey/Desktop/TP_Projects/WebServletV2/tomcat/webapps/WebServletV2.war] has finished in [155] ms
13-Nov-2025 14:24:02.297 INFO [main] org.apache.catalina.startup.HostConfig.deployDirectory Установка веб приложения в папку [/Users/plushavey/Desktop/TP_Projects/WebServletV2/tomcat/webapps/docs]
13-Nov-2025 14:24:02.309 INFO [main] org.apache.catalina.startup.HostConfig.deployDirectory Deployment of web application directory [/Users/plushavey/Desktop/TP_Projects/WebServletV2/tomcat/webapps/docs] has finished in [12] ms
13-Nov-2025 14:24:02.309 INFO [main] org.apache.catalina.startup.HostConfig.deployDirectory Установка веб приложения в папку [/Users/plushavey/Desktop/TP_Projects/WebServletV2/tomcat/webapps/manager]
13-Nov-2025 14:24:02.325 INFO [main] org.apache.catalina.startup.HostConfig.deployDirectory Deployment of web application directory [/Users/plushavey/Desktop/TP_Projects/WebServletV2/tomcat/webapps/manager] has finished in [16] ms
13-Nov-2025 14:24:02.325 INFO [main] org.apache.catalina.startup.HostConfig.deployDirectory Установка веб приложения в папку [/Users/plushavey/Desktop/TP_Projects/WebServletV2/tomcat/webapps/examples]
13-Nov-2025 14:24:02.426 INFO [main] org.apache.catalina.startup.HostConfig.deployDirectory Deployment of web application directory [/Users/plushavey/Desktop/TP_Projects/WebServletV2/tomcat/webapps/examples] has finished in [101] ms
13-Nov-2025 14:24:02.426 INFO [main] org.apache.catalina.startup.HostConfig.deployDirectory Установка веб приложения в папку [/Users/plushavey/Desktop/TP_Projects/WebServletV2/tomcat/webapps/ROOT]
13-Nov-2025 14:24:02.433 INFO [main] org.apache.catalina.startup.HostConfig.deployDirectory Deployment of web application directory [/Users/plushavey/Desktop/TP_Projects/WebServletV2/tomcat/webapps/ROOT] has finished in [7] ms
13-Nov-2025 14:24:02.434 INFO [main] org.apache.catalina.startup.HostConfig.deployDirectory Установка веб приложения в папку [/Users/plushavey/Desktop/TP_Projects/WebServletV2/tomcat/webapps/host-manager]
13-Nov-2025 14:24:02.442 INFO [main] org.apache.catalina.startup.HostConfig.deployDirectory Deployment of web application directory [/Users/plushavey/Desktop/TP_Projects/WebServletV2/tomcat/webapps/host-manager] has finished in [9] ms
13-Nov-2025 14:24:02.444 INFO [main] org.apache.coyote.AbstractProtocol.start Starting ProtocolHandler ["http-nio-8080"]
13-Nov-2025 14:24:02.448 INFO [main] org.apache.catalina.startup.Catalina.start Server startup in [332] milliseconds
13-Nov-2025 14:24:10.787 INFO [main] org.apache.catalina.core.StandardServer.await A valid shutdown command was received via the shutdown port. Stopping the Server instance.
13-Nov-2025 14:24:10.788 INFO [main] org.apache.coyote.AbstractProtocol.pause Pausing ProtocolHandler ["http-nio-8080"]
13-Nov-2025 14:24:10.790 INFO [main] org.apache.catalina.core.StandardService.stopInternal Stopping service [Catalina]
13-Nov-2025 14:24:10.801 INFO [main] org.apache.coyote.AbstractProtocol.stop Stopping ProtocolHandler ["http-nio-8080"]
13-Nov-2025 14:24:10.814 INFO [main] org.apache.coyote.AbstractProtocol.destroy Destroying ProtocolHandler ["http-nio-8080"]
NOTE: Picked up JDK_JAVA_OPTIONS:  --add-opens=java.base/java.lang=ALL-UNNAMED --add-opens=java.base/java.lang.invoke=ALL-UNNAMED --add-opens=java.base/java.lang.reflect=ALL-UNNAMED --add-opens=java.base/java.io=ALL-UNNAMED --add-opens=java.base/java.util=ALL-UNNAMED --add-opens=java.base/java.util.concurrent=ALL-UNNAMED --add-opens=java.rmi/sun.rmi.transport=ALL-UNNAMED
13-Nov-2025 14:24:21.286 INFO [main] org.apache.catalina.startup.VersionLoggerListener.log Имя версии сервера:    Apache Tomcat/9.0.112
13-Nov-2025 14:24:21.288 INFO [main] org.apache.catalina.startup.VersionLoggerListener.log Сервер собран:         Nov 6 2025 07:46:18 UTC
13-Nov-2025 14:24:21.288 INFO [main] org.apache.catalina.startup.VersionLoggerListener.log Номер версии сервера:  9.0.112.0
13-Nov-2025 14:24:21.288 INFO [main] org.apache.catalina.startup.VersionLoggerListener.log OS Name:               Mac OS X
13-Nov-2025 14:24:21.288 INFO [main] org.apache.catalina.startup.VersionLoggerListener.log Версия ОС:             15.6.1
13-Nov-2025 14:24:21.288 INFO [main] org.apache.catalina.startup.VersionLoggerListener.log Архитектура:           aarch64
13-Nov-2025 14:24:21.288 INFO [main] org.apache.catalina.startup.VersionLoggerListener.log Java Home:             /Users/plushavey/Library/Java/JavaVirtualMachines/corretto-23.0.2/Contents/Home
13-Nov-2025 14:24:21.288 INFO [main] org.apache.catalina.startup.VersionLoggerListener.log Версия JVM:            23.0.2+7-FR
13-Nov-2025 14:24:21.288 INFO [main] org.apache.catalina.startup.VersionLoggerListener.log Производитель JVM:     Amazon.com Inc.
13-Nov-2025 14:24:21.288 INFO [main] org.apache.catalina.startup.VersionLoggerListener.log CATALINA_BASE:         /Users/plushavey/Desktop/TP_Projects/WebServletV2/tomcat
13-Nov-2025 14:24:21.288 INFO [main] org.apache.catalina.startup.VersionLoggerListener.log CATALINA_HOME:         /Users/plushavey/Desktop/TP_Projects/WebServletV2/tomcat
13-Nov-2025 14:24:21.292 INFO [main] org.apache.catalina.startup.VersionLoggerListener.log Command line argument: --add-opens=java.base/java.lang=ALL-UNNAMED
13-Nov-2025 14:24:21.293 INFO [main] org.apache.catalina.startup.VersionLoggerListener.log Command line argument: --add-opens=java.base/java.lang.invoke=ALL-UNNAMED
13-Nov-2025 14:24:21.293 INFO [main] org.apache.catalina.startup.VersionLoggerListener.log Command line argument: --add-opens=java.base/java.lang.reflect=ALL-UNNAMED
13-Nov-2025 14:24:21.293 INFO [main] org.apache.catalina.startup.VersionLoggerListener.log Command line argument: --add-opens=java.base/java.io=ALL-UNNAMED
13-Nov-2025 14:24:21.293 INFO [main] org.apache.catalina.startup.VersionLoggerListener.log Command line argument: --add-opens=java.base/java.util=ALL-UNNAMED
13-Nov-2025 14:24:21.293 INFO [main] org.apache.catalina.startup.VersionLoggerListener.log Command line argument: --add-opens=java.base/java.util.concurrent=ALL-UNNAMED
13-Nov-2025 14:24:21.293 INFO [main] org.apache.catalina.startup.VersionLoggerListener.log Command line argument: --add-opens=java.rmi/sun.rmi.transport=ALL-UNNAMED
13-Nov-2025 14:24:21.293 INFO [main] org.apache.catalina.startup.VersionLoggerListener.log Command line argument: -Djava.util.logging.config.file=/Users/plushavey/Desktop/TP_Projects/WebServletV2/tomcat/conf/logging.properties
13-Nov-2025 14:24:21.293 INFO [main] org.apache.catalina.startup.VersionLoggerListener.log Command line argument: -Djava.util.logging.manager=org.apache.juli.ClassLoaderLogManager
13-Nov-2025 14:24:21.293 INFO [main] org.apache.catalina.startup.VersionLoggerListener.log Command line argument: -Djdk.tls.ephemeralDHKeySize=2048
13-Nov-2025 14:24:21.293 INFO [main] org.apache.catalina.startup.VersionLoggerListener.log Command line argument: -Djava.protocol.handler.pkgs=org.apache.catalina.webresources
13-Nov-2025 14:24:21.293 INFO [main] org.apache.catalina.startup.VersionLoggerListener.log Command line argument: -Dsun.io.useCanonCaches=false
13-Nov-2025 14:24:21.293 INFO [main] org.apache.catalina.startup.VersionLoggerListener.log Command line argument: -Dorg.apache.catalina.security.SecurityListener.UMASK=0027
13-Nov-2025 14:24:21.293 INFO [main] org.apache.catalina.startup.VersionLoggerListener.log Command line argument: -Dignore.endorsed.dirs=
13-Nov-2025 14:24:21.293 INFO [main] org.apache.catalina.startup.VersionLoggerListener.log Command line argument: -Dcatalina.base=/Users/plushavey/Desktop/TP_Projects/WebServletV2/tomcat
13-Nov-2025 14:24:21.293 INFO [main] org.apache.catalina.startup.VersionLoggerListener.log Command line argument: -Dcatalina.home=/Users/plushavey/Desktop/TP_Projects/WebServletV2/tomcat
13-Nov-2025 14:24:21.293 INFO [main] org.apache.catalina.startup.VersionLoggerListener.log Command line argument: -Djava.io.tmpdir=/Users/plushavey/Desktop/TP_Projects/WebServletV2/tomcat/temp
13-Nov-2025 14:24:21.299 INFO [main] org.apache.catalina.core.AprLifecycleListener.lifecycleEvent The Apache Tomcat Native library which allows using OpenSSL was not found on the java.library.path: [/Users/plushavey/Library/Java/Extensions:/Library/Java/Extensions:/Network/Library/Java/Extensions:/System/Library/Java/Extensions:/usr/lib/java:.]
13-Nov-2025 14:24:21.449 INFO [main] org.apache.coyote.AbstractProtocol.init Инициализация ProtocolHandler ["http-nio-8080"]
13-Nov-2025 14:24:21.461 INFO [main] org.apache.catalina.startup.Catalina.load Server initialization in [261] milliseconds
13-Nov-2025 14:24:21.476 INFO [main] org.apache.catalina.core.StandardService.startInternal Starting service [Catalina]
13-Nov-2025 14:24:21.476 INFO [main] org.apache.catalina.core.StandardEngine.startInternal Starting Servlet engine: [Apache Tomcat/9.0.112]
13-Nov-2025 14:24:21.482 INFO [main] org.apache.catalina.startup.HostConfig.deployWAR Deploying web application archive [/Users/plushavey/Desktop/TP_Projects/WebServletV2/tomcat/webapps/WebServletV2.war]
Пользователи загружены из: /Users/plushavey/Desktop/TP_Projects/WebServletV2/tomcat/webapps/WebServletV2/WEB-INF/users.txt
13-Nov-2025 14:24:21.622 INFO [main] org.apache.catalina.startup.HostConfig.deployWAR Deployment of web application archive [/Users/plushavey/Desktop/TP_Projects/WebServletV2/tomcat/webapps/WebServletV2.war] has finished in [138] ms
13-Nov-2025 14:24:21.622 INFO [main] org.apache.catalina.startup.HostConfig.deployDirectory Установка веб приложения в папку [/Users/plushavey/Desktop/TP_Projects/WebServletV2/tomcat/webapps/docs]
13-Nov-2025 14:24:21.633 INFO [main] org.apache.catalina.startup.HostConfig.deployDirectory Deployment of web application directory [/Users/plushavey/Desktop/TP_Projects/WebServletV2/tomcat/webapps/docs] has finished in [11] ms
13-Nov-2025 14:24:21.633 INFO [main] org.apache.catalina.startup.HostConfig.deployDirectory Установка веб приложения в папку [/Users/plushavey/Desktop/TP_Projects/WebServletV2/tomcat/webapps/manager]
13-Nov-2025 14:24:21.648 INFO [main] org.apache.catalina.startup.HostConfig.deployDirectory Deployment of web application directory [/Users/plushavey/Desktop/TP_Projects/WebServletV2/tomcat/webapps/manager] has finished in [15] ms
13-Nov-2025 14:24:21.649 INFO [main] org.apache.catalina.startup.HostConfig.deployDirectory Установка веб приложения в папку [/Users/plushavey/Desktop/TP_Projects/WebServletV2/tomcat/webapps/examples]
13-Nov-2025 14:24:21.744 INFO [main] org.apache.catalina.startup.HostConfig.deployDirectory Deployment of web application directory [/Users/plushavey/Desktop/TP_Projects/WebServletV2/tomcat/webapps/examples] has finished in [95] ms
13-Nov-2025 14:24:21.744 INFO [main] org.apache.catalina.startup.HostConfig.deployDirectory Установка веб приложения в папку [/Users/plushavey/Desktop/TP_Projects/WebServletV2/tomcat/webapps/ROOT]
13-Nov-2025 14:24:21.752 INFO [main] org.apache.catalina.startup.HostConfig.deployDirectory Deployment of web application directory [/Users/plushavey/Desktop/TP_Projects/WebServletV2/tomcat/webapps/ROOT] has finished in [8] ms
13-Nov-2025 14:24:21.752 INFO [main] org.apache.catalina.startup.HostConfig.deployDirectory Установка веб приложения в папку [/Users/plushavey/Desktop/TP_Projects/WebServletV2/tomcat/webapps/host-manager]
13-Nov-2025 14:24:21.761 INFO [main] org.apache.catalina.startup.HostConfig.deployDirectory Deployment of web application directory [/Users/plushavey/Desktop/TP_Projects/WebServletV2/tomcat/webapps/host-manager] has finished in [9] ms
13-Nov-2025 14:24:21.763 INFO [main] org.apache.coyote.AbstractProtocol.start Starting ProtocolHandler ["http-nio-8080"]
13-Nov-2025 14:24:21.767 INFO [main] org.apache.catalina.startup.Catalina.start Server startup in [305] milliseconds
13-Nov-2025 14:29:36.980 INFO [main] org.apache.catalina.core.StandardServer.await A valid shutdown command was received via the shutdown port. Stopping the Server instance.
13-Nov-2025 14:29:36.982 INFO [main] org.apache.coyote.AbstractProtocol.pause Pausing ProtocolHandler ["http-nio-8080"]
13-Nov-2025 14:29:36.987 INFO [main] org.apache.catalina.core.StandardService.stopInternal Stopping service [Catalina]
13-Nov-2025 14:29:37.005 INFO [main] org.apache.coyote.AbstractProtocol.stop Stopping ProtocolHandler ["http-nio-8080"]
13-Nov-2025 14:29:37.011 INFO [main] org.apache.coyote.AbstractProtocol.destroy Destroying ProtocolHandler ["http-nio-8080"]
NOTE: Picked up JDK_JAVA_OPTIONS:  --add-opens=java.base/java.lang=ALL-UNNAMED --add-opens=java.base/java.lang.invoke=ALL-UNNAMED --add-opens=java.base/java.lang.reflect=ALL-UNNAMED --add-opens=java.base/java.io=ALL-UNNAMED --add-opens=java.base/java.util=ALL-UNNAMED --add-opens=java.base/java.util.concurrent=ALL-UNNAMED --add-opens=java.rmi/sun.rmi.transport=ALL-UNNAMED
13-Nov-2025 14:31:43.847 INFO [main] org.apache.catalina.startup.VersionLoggerListener.log Имя версии сервера:    Apache Tomcat/9.0.112
13-Nov-2025 14:31:43.849 INFO [main] org.apache.catalina.startup.VersionLoggerListener.log Сервер собран:         Nov 6 2025 07:46:18 UTC
13-Nov-2025 14:31:43.849 INFO [main] org.apache.catalina.startup.VersionLoggerListener.log Номер версии сервера:  9.0.112.0
13-Nov-2025 14:31:43.849 INFO [main] org.apache.catalina.startup.VersionLoggerListener.log OS Name:               Mac OS X
13-Nov-2025 14:31:43.849 INFO [main] org.apache.catalina.startup.VersionLoggerListener.log Версия ОС:             15.6.1
13-Nov-2025 14:31:43.849 INFO [main] org.apache.catalina.startup.VersionLoggerListener.log Архитектура:           aarch64
13-Nov-2025 14:31:43.849 INFO [main] org.apache.catalina.startup.VersionLoggerListener.log Java Home:             /Users/plushavey/Library/Java/JavaVirtualMachines/corretto-23.0.2/Contents/Home
13-Nov-2025 14:31:43.849 INFO [main] org.apache.catalina.startup.VersionLoggerListener.log Версия JVM:            23.0.2+7-FR
13-Nov-2025 14:31:43.849 INFO [main] org.apache.catalina.startup.VersionLoggerListener.log Производитель JVM:     Amazon.com Inc.
13-Nov-2025 14:31:43.849 INFO [main] org.apache.catalina.startup.VersionLoggerListener.log CATALINA_BASE:         /Users/plushavey/Desktop/TP_Projects/WebServletV2/tomcat
13-Nov-2025 14:31:43.849 INFO [main] org.apache.catalina.startup.VersionLoggerListener.log CATALINA_HOME:         /Users/plushavey/Desktop/TP_Projects/WebServletV2/tomcat
13-Nov-2025 14:31:43.856 INFO [main] org.apache.catalina.startup.VersionLoggerListener.log Command line argument: --add-opens=java.base/java.lang=ALL-UNNAMED
13-Nov-2025 14:31:43.856 INFO [main] org.apache.catalina.startup.VersionLoggerListener.log Command line argument: --add-opens=java.base/java.lang.invoke=ALL-UNNAMED
13-Nov-2025 14:31:43.856 INFO [main] org.apache.catalina.startup.VersionLoggerListener.log Command line argument: --add-opens=java.base/java.lang.reflect=ALL-UNNAMED
13-Nov-2025 14:31:43.856 INFO [main] org.apache.catalina.startup.VersionLoggerListener.log Command line argument: --add-opens=java.base/java.io=ALL-UNNAMED
13-Nov-2025 14:31:43.856 INFO [main] org.apache.catalina.startup.VersionLoggerListener.log Command line argument: --add-opens=java.base/java.util=ALL-UNNAMED
13-Nov-2025 14:31:43.856 INFO [main] org.apache.catalina.startup.VersionLoggerListener.log Command line argument: --add-opens=java.base/java.util.concurrent=ALL-UNNAMED
13-Nov-2025 14:31:43.856 INFO [main] org.apache.catalina.startup.VersionLoggerListener.log Command line argument: --add-opens=java.rmi/sun.rmi.transport=ALL-UNNAMED
13-Nov-2025 14:31:43.856 INFO [main] org.apache.catalina.startup.VersionLoggerListener.log Command line argument: -Djava.util.logging.config.file=/Users/plushavey/Desktop/TP_Projects/WebServletV2/tomcat/conf/logging.properties
13-Nov-2025 14:31:43.856 INFO [main] org.apache.catalina.startup.VersionLoggerListener.log Command line argument: -Djava.util.logging.manager=org.apache.juli.ClassLoaderLogManager
13-Nov-2025 14:31:43.856 INFO [main] org.apache.catalina.startup.VersionLoggerListener.log Command line argument: -Djdk.tls.ephemeralDHKeySize=2048
13-Nov-2025 14:31:43.856 INFO [main] org.apache.catalina.startup.VersionLoggerListener.log Command line argument: -Djava.protocol.handler.pkgs=org.apache.catalina.webresources
13-Nov-2025 14:31:43.856 INFO [main] org.apache.catalina.startup.VersionLoggerListener.log Command line argument: -Dsun.io.useCanonCaches=false
13-Nov-2025 14:31:43.856 INFO [main] org.apache.catalina.startup.VersionLoggerListener.log Command line argument: -Dorg.apache.catalina.security.SecurityListener.UMASK=0027
13-Nov-2025 14:31:43.856 INFO [main] org.apache.catalina.startup.VersionLoggerListener.log Command line argument: -Dignore.endorsed.dirs=
13-Nov-2025 14:31:43.856 INFO [main] org.apache.catalina.startup.VersionLoggerListener.log Command line argument: -Dcatalina.base=/Users/plushavey/Desktop/TP_Projects/WebServletV2/tomcat
13-Nov-2025 14:31:43.856 INFO [main] org.apache.catalina.startup.VersionLoggerListener.log Command line argument: -Dcatalina.home=/Users/plushavey/Desktop/TP_Projects/WebServletV2/tomcat
13-Nov-2025 14:31:43.857 INFO [main] org.apache.catalina.startup.VersionLoggerListener.log Command line argument: -Djava.io.tmpdir=/Users/plushavey/Desktop/TP_Projects/WebServletV2/tomcat/temp
13-Nov-2025 14:31:43.862 INFO [main] org.apache.catalina.core.AprLifecycleListener.lifecycleEvent The Apache Tomcat Native library which allows using OpenSSL was not found on the java.library.path: [/Users/plushavey/Library/Java/Extensions:/Library/Java/Extensions:/Network/Library/Java/Extensions:/System/Library/Java/Extensions:/usr/lib/java:.]
13-Nov-2025 14:31:44.022 INFO [main] org.apache.coyote.AbstractProtocol.init Инициализация ProtocolHandler ["http-nio-8080"]
13-Nov-2025 14:31:44.036 INFO [main] org.apache.catalina.startup.Catalina.load Server initialization in [290] milliseconds
13-Nov-2025 14:31:44.054 INFO [main] org.apache.catalina.core.StandardService.startInternal Starting service [Catalina]
13-Nov-2025 14:31:44.054 INFO [main] org.apache.catalina.core.StandardEngine.startInternal Starting Servlet engine: [Apache Tomcat/9.0.112]
13-Nov-2025 14:31:44.061 INFO [main] org.apache.catalina.startup.HostConfig.deployWAR Deploying web application archive [/Users/plushavey/Desktop/TP_Projects/WebServletV2/tomcat/webapps/WebServletV2.war]
13-Nov-2025 14:31:44.068 INFO [main] org.apache.catalina.startup.ExpandWar.expand An expanded directory [/Users/plushavey/Desktop/TP_Projects/WebServletV2/tomcat/webapps/WebServletV2] was found with a last modified time that did not match the associated WAR. It will be deleted.
Пользователи загружены из: /Users/plushavey/Desktop/TP_Projects/WebServletV2/tomcat/webapps/WebServletV2/WEB-INF/users.txt
13-Nov-2025 14:31:44.229 INFO [main] org.apache.catalina.startup.HostConfig.deployWAR Deployment of web application archive [/Users/plushavey/Desktop/TP_Projects/WebServletV2/tomcat/webapps/WebServletV2.war] has finished in [167] ms
13-Nov-2025 14:31:44.229 INFO [main] org.apache.catalina.startup.HostConfig.deployDirectory Установка веб приложения в папку [/Users/plushavey/Desktop/TP_Projects/WebServletV2/tomcat/webapps/docs]
13-Nov-2025 14:31:44.241 INFO [main] org.apache.catalina.startup.HostConfig.deployDirectory Deployment of web application directory [/Users/plushavey/Desktop/TP_Projects/WebServletV2/tomcat/webapps/docs] has finished in [12] ms
13-Nov-2025 14:31:44.241 INFO [main] org.apache.catalina.startup.HostConfig.deployDirectory Установка веб приложения в папку [/Users/plushavey/Desktop/TP_Projects/WebServletV2/tomcat/webapps/manager]
13-Nov-2025 14:31:44.257 INFO [main] org.apache.catalina.startup.HostConfig.deployDirectory Deployment of web application directory [/Users/plushavey/Desktop/TP_Projects/WebServletV2/tomcat/webapps/manager] has finished in [16] ms
13-Nov-2025 14:31:44.257 INFO [main] org.apache.catalina.startup.HostConfig.deployDirectory Установка веб приложения в папку [/Users/plushavey/Desktop/TP_Projects/WebServletV2/tomcat/webapps/examples]
13-Nov-2025 14:31:44.355 INFO [main] org.apache.catalina.startup.HostConfig.deployDirectory Deployment of web application directory [/Users/plushavey/Desktop/TP_Projects/WebServletV2/tomcat/webapps/examples] has finished in [98] ms
13-Nov-2025 14:31:44.355 INFO [main] org.apache.catalina.startup.HostConfig.deployDirectory Установка веб приложения в папку [/Users/plushavey/Desktop/TP_Projects/WebServletV2/tomcat/webapps/ROOT]
13-Nov-2025 14:31:44.362 INFO [main] org.apache.catalina.startup.HostConfig.deployDirectory Deployment of web application directory [/Users/plushavey/Desktop/TP_Projects/WebServletV2/tomcat/webapps/ROOT] has finished in [7] ms
13-Nov-2025 14:31:44.362 INFO [main] org.apache.catalina.startup.HostConfig.deployDirectory Установка веб приложения в папку [/Users/plushavey/Desktop/TP_Projects/WebServletV2/tomcat/webapps/host-manager]
13-Nov-2025 14:31:44.371 INFO [main] org.apache.catalina.startup.HostConfig.deployDirectory Deployment of web application directory [/Users/plushavey/Desktop/TP_Projects/WebServletV2/tomcat/webapps/host-manager] has finished in [9] ms
13-Nov-2025 14:31:44.373 INFO [main] org.apache.coyote.AbstractProtocol.start Starting ProtocolHandler ["http-nio-8080"]
13-Nov-2025 14:31:44.377 INFO [main] org.apache.catalina.startup.Catalina.start Server startup in [340] milliseconds
13-Nov-2025 15:21:07.430 INFO [main] org.apache.catalina.core.StandardServer.await A valid shutdown command was received via the shutdown port. Stopping the Server instance.
13-Nov-2025 15:21:07.431 INFO [main] org.apache.coyote.AbstractProtocol.pause Pausing ProtocolHandler ["http-nio-8080"]
13-Nov-2025 15:21:07.434 INFO [main] org.apache.catalina.core.StandardService.stopInternal Stopping service [Catalina]
13-Nov-2025 15:21:07.450 INFO [main] org.apache.coyote.AbstractProtocol.stop Stopping ProtocolHandler ["http-nio-8080"]
13-Nov-2025 15:21:07.459 INFO [main] org.apache.coyote.AbstractProtocol.destroy Destroying ProtocolHandler ["http-nio-8080"]
NOTE: Picked up JDK_JAVA_OPTIONS:  --add-opens=java.base/java.lang=ALL-UNNAMED --add-opens=java.base/java.lang.invoke=ALL-UNNAMED --add-opens=java.base/java.lang.reflect=ALL-UNNAMED --add-opens=java.base/java.io=ALL-UNNAMED --add-opens=java.base/java.util=ALL-UNNAMED --add-opens=java.base/java.util.concurrent=ALL-UNNAMED --add-opens=java.rmi/sun.rmi.transport=ALL-UNNAMED
13-Nov-2025 15:21:17.678 INFO [main] org.apache.catalina.startup.VersionLoggerListener.log Имя версии сервера:    Apache Tomcat/9.0.112
13-Nov-2025 15:21:17.679 INFO [main] org.apache.catalina.startup.VersionLoggerListener.log Сервер собран:         Nov 6 2025 07:46:18 UTC
13-Nov-2025 15:21:17.680 INFO [main] org.apache.catalina.startup.VersionLoggerListener.log Номер версии сервера:  9.0.112.0
13-Nov-2025 15:21:17.680 INFO [main] org.apache.catalina.startup.VersionLoggerListener.log OS Name:               Mac OS X
13-Nov-2025 15:21:17.680 INFO [main] org.apache.catalina.startup.VersionLoggerListener.log Версия ОС:             15.6.1
13-Nov-2025 15:21:17.680 INFO [main] org.apache.catalina.startup.VersionLoggerListener.log Архитектура:           aarch64
13-Nov-2025 15:21:17.680 INFO [main] org.apache.catalina.startup.VersionLoggerListener.log Java Home:             /Users/plushavey/Library/Java/JavaVirtualMachines/corretto-23.0.2/Contents/Home
13-Nov-2025 15:21:17.680 INFO [main] org.apache.catalina.startup.VersionLoggerListener.log Версия JVM:            23.0.2+7-FR
13-Nov-2025 15:21:17.680 INFO [main] org.apache.catalina.startup.VersionLoggerListener.log Производитель JVM:     Amazon.com Inc.
13-Nov-2025 15:21:17.680 INFO [main] org.apache.catalina.startup.VersionLoggerListener.log CATALINA_BASE:         /Users/plushavey/Desktop/TP_Projects/WebServletV2/tomcat
13-Nov-2025 15:21:17.680 INFO [main] org.apache.catalina.startup.VersionLoggerListener.log CATALINA_HOME:         /Users/plushavey/Desktop/TP_Projects/WebServletV2/tomcat
13-Nov-2025 15:21:17.687 INFO [main] org.apache.catalina.startup.VersionLoggerListener.log Command line argument: --add-opens=java.base/java.lang=ALL-UNNAMED
13-Nov-2025 15:21:17.687 INFO [main] org.apache.catalina.startup.VersionLoggerListener.log Command line argument: --add-opens=java.base/java.lang.invoke=ALL-UNNAMED
13-Nov-2025 15:21:17.687 INFO [main] org.apache.catalina.startup.VersionLoggerListener.log Command line argument: --add-opens=java.base/java.lang.reflect=ALL-UNNAMED
13-Nov-2025 15:21:17.687 INFO [main] org.apache.catalina.startup.VersionLoggerListener.log Command line argument: --add-opens=java.base/java.io=ALL-UNNAMED
13-Nov-2025 15:21:17.687 INFO [main] org.apache.catalina.startup.VersionLoggerListener.log Command line argument: --add-opens=java.base/java.util=ALL-UNNAMED
13-Nov-2025 15:21:17.687 INFO [main] org.apache.catalina.startup.VersionLoggerListener.log Command line argument: --add-opens=java.base/java.util.concurrent=ALL-UNNAMED
13-Nov-2025 15:21:17.687 INFO [main] org.apache.catalina.startup.VersionLoggerListener.log Command line argument: --add-opens=java.rmi/sun.rmi.transport=ALL-UNNAMED
13-Nov-2025 15:21:17.687 INFO [main] org.apache.catalina.startup.VersionLoggerListener.log Command line argument: -Djava.util.logging.config.file=/Users/plushavey/Desktop/TP_Projects/WebServletV2/tomcat/conf/logging.properties
13-Nov-2025 15:21:17.687 INFO [main] org.apache.catalina.startup.VersionLoggerListener.log Command line argument: -Djava.util.logging.manager=org.apache.juli.ClassLoaderLogManager
13-Nov-2025 15:21:17.687 INFO [main] org.apache.catalina.startup.VersionLoggerListener.log Command line argument: -Djdk.tls.ephemeralDHKeySize=2048
13-Nov-2025 15:21:17.687 INFO [main] org.apache.catalina.startup.VersionLoggerListener.log Command line argument: -Djava.protocol.handler.pkgs=org.apache.catalina.webresources
13-Nov-2025 15:21:17.687 INFO [main] org.apache.catalina.startup.VersionLoggerListener.log Command line argument: -Dsun.io.useCanonCaches=false
13-Nov-2025 15:21:17.687 INFO [main] org.apache.catalina.startup.VersionLoggerListener.log Command line argument: -Dorg.apache.catalina.security.SecurityListener.UMASK=0027
13-Nov-2025 15:21:17.688 INFO [main] org.apache.catalina.startup.VersionLoggerListener.log Command line argument: -Dignore.endorsed.dirs=
13-Nov-2025 15:21:17.688 INFO [main] org.apache.catalina.startup.VersionLoggerListener.log Command line argument: -Dcatalina.base=/Users/plushavey/Desktop/TP_Projects/WebServletV2/tomcat
13-Nov-2025 15:21:17.688 INFO [main] org.apache.catalina.startup.VersionLoggerListener.log Command line argument: -Dcatalina.home=/Users/plushavey/Desktop/TP_Projects/WebServletV2/tomcat
13-Nov-2025 15:21:17.688 INFO [main] org.apache.catalina.startup.VersionLoggerListener.log Command line argument: -Djava.io.tmpdir=/Users/plushavey/Desktop/TP_Projects/WebServletV2/tomcat/temp
13-Nov-2025 15:21:17.693 INFO [main] org.apache.catalina.core.AprLifecycleListener.lifecycleEvent The Apache Tomcat Native library which allows using OpenSSL was not found on the java.library.path: [/Users/plushavey/Library/Java/Extensions:/Library/Java/Extensions:/Network/Library/Java/Extensions:/System/Library/Java/Extensions:/usr/lib/java:.]
13-Nov-2025 15:21:17.851 INFO [main] org.apache.coyote.AbstractProtocol.init Инициализация ProtocolHandler ["http-nio-8080"]
13-Nov-2025 15:21:17.864 INFO [main] org.apache.catalina.startup.Catalina.load Server initialization in [276] milliseconds
13-Nov-2025 15:21:17.882 INFO [main] org.apache.catalina.core.StandardService.startInternal Starting service [Catalina]
13-Nov-2025 15:21:17.882 INFO [main] org.apache.catalina.core.StandardEngine.startInternal Starting Servlet engine: [Apache Tomcat/9.0.112]
13-Nov-2025 15:21:17.888 INFO [main] org.apache.catalina.startup.HostConfig.deployWAR Deploying web application archive [/Users/plushavey/Desktop/TP_Projects/WebServletV2/tomcat/webapps/WebServletV2.war]
13-Nov-2025 15:21:17.895 INFO [main] org.apache.catalina.startup.ExpandWar.expand An expanded directory [/Users/plushavey/Desktop/TP_Projects/WebServletV2/tomcat/webapps/WebServletV2] was found with a last modified time that did not match the associated WAR. It will be deleted.
Пользователи загружены из: /Users/plushavey/Desktop/TP_Projects/WebServletV2/tomcat/webapps/WebServletV2/WEB-INF/users.txt
13-Nov-2025 15:21:18.036 INFO [main] org.apache.catalina.startup.HostConfig.deployWAR Deployment of web application archive [/Users/plushavey/Desktop/TP_Projects/WebServletV2/tomcat/webapps/WebServletV2.war] has finished in [147] ms
13-Nov-2025 15:21:18.037 INFO [main] org.apache.catalina.startup.HostConfig.deployDirectory Установка веб приложения в папку [/Users/plushavey/Desktop/TP_Projects/WebServletV2/tomcat/webapps/docs]
13-Nov-2025 15:21:18.049 INFO [main] org.apache.catalina.startup.HostConfig.deployDirectory Deployment of web application directory [/Users/plushavey/Desktop/TP_Projects/WebServletV2/tomcat/webapps/docs] has finished in [12] ms
13-Nov-2025 15:21:18.049 INFO [main] org.apache.catalina.startup.HostConfig.deployDirectory Установка веб приложения в папку [/Users/plushavey/Desktop/TP_Projects/WebServletV2/tomcat/webapps/manager]
13-Nov-2025 15:21:18.065 INFO [main] org.apache.catalina.startup.HostConfig.deployDirectory Deployment of web application directory [/Users/plushavey/Desktop/TP_Projects/WebServletV2/tomcat/webapps/manager] has finished in [16] ms
13-Nov-2025 15:21:18.065 INFO [main] org.apache.catalina.startup.HostConfig.deployDirectory Установка веб приложения в папку [/Users/plushavey/Desktop/TP_Projects/WebServletV2/tomcat/webapps/examples]
13-Nov-2025 15:21:18.166 INFO [main] org.apache.catalina.startup.HostConfig.deployDirectory Deployment of web application directory [/Users/plushavey/Desktop/TP_Projects/WebServletV2/tomcat/webapps/examples] has finished in [101] ms
13-Nov-2025 15:21:18.166 INFO [main] org.apache.catalina.startup.HostConfig.deployDirectory Установка веб приложения в папку [/Users/plushavey/Desktop/TP_Projects/WebServletV2/tomcat/webapps/ROOT]
13-Nov-2025 15:21:18.173 INFO [main] org.apache.catalina.startup.HostConfig.deployDirectory Deployment of web application directory [/Users/plushavey/Desktop/TP_Projects/WebServletV2/tomcat/webapps/ROOT] has finished in [7] ms
13-Nov-2025 15:21:18.173 INFO [main] org.apache.catalina.startup.HostConfig.deployDirectory Установка веб приложения в папку [/Users/plushavey/Desktop/TP_Projects/WebServletV2/tomcat/webapps/host-manager]
13-Nov-2025 15:21:18.182 INFO [main] org.apache.catalina.startup.HostConfig.deployDirectory Deployment of web application directory [/Users/plushavey/Desktop/TP_Projects/WebServletV2/tomcat/webapps/host-manager] has finished in [9] ms
13-Nov-2025 15:21:18.184 INFO [main] org.apache.coyote.AbstractProtocol.start Starting ProtocolHandler ["http-nio-8080"]
13-Nov-2025 15:21:18.188 INFO [main] org.apache.catalina.startup.Catalina.start Server startup in [323] milliseconds
13-Nov-2025 15:22:04.511 INFO [main] org.apache.catalina.core.StandardServer.await A valid shutdown command was received via the shutdown port. Stopping the Server instance.
13-Nov-2025 15:22:04.512 INFO [main] org.apache.coyote.AbstractProtocol.pause Pausing ProtocolHandler ["http-nio-8080"]
13-Nov-2025 15:22:04.514 INFO [main] org.apache.catalina.core.StandardService.stopInternal Stopping service [Catalina]
13-Nov-2025 15:22:04.526 INFO [main] org.apache.coyote.AbstractProtocol.stop Stopping ProtocolHandler ["http-nio-8080"]
13-Nov-2025 15:22:04.539 INFO [main] org.apache.coyote.AbstractProtocol.destroy Destroying ProtocolHandler ["http-nio-8080"]
NOTE: Picked up JDK_JAVA_OPTIONS:  --add-opens=java.base/java.lang=ALL-UNNAMED --add-opens=java.base/java.lang.invoke=ALL-UNNAMED --add-opens=java.base/java.lang.reflect=ALL-UNNAMED --add-opens=java.base/java.io=ALL-UNNAMED --add-opens=java.base/java.util=ALL-UNNAMED --add-opens=java.base/java.util.concurrent=ALL-UNNAMED --add-opens=java.rmi/sun.rmi.transport=ALL-UNNAMED
13-Nov-2025 15:22:10.903 INFO [main] org.apache.catalina.startup.VersionLoggerListener.log Имя версии сервера:    Apache Tomcat/9.0.112
13-Nov-2025 15:22:10.905 INFO [main] org.apache.catalina.startup.VersionLoggerListener.log Сервер собран:         Nov 6 2025 07:46:18 UTC
13-Nov-2025 15:22:10.905 INFO [main] org.apache.catalina.startup.VersionLoggerListener.log Номер версии сервера:  9.0.112.0
13-Nov-2025 15:22:10.905 INFO [main] org.apache.catalina.startup.VersionLoggerListener.log OS Name:               Mac OS X
13-Nov-2025 15:22:10.905 INFO [main] org.apache.catalina.startup.VersionLoggerListener.log Версия ОС:             15.6.1
13-Nov-2025 15:22:10.905 INFO [main] org.apache.catalina.startup.VersionLoggerListener.log Архитектура:           aarch64
13-Nov-2025 15:22:10.905 INFO [main] org.apache.catalina.startup.VersionLoggerListener.log Java Home:             /Users/plushavey/Library/Java/JavaVirtualMachines/corretto-23.0.2/Contents/Home
13-Nov-2025 15:22:10.905 INFO [main] org.apache.catalina.startup.VersionLoggerListener.log Версия JVM:            23.0.2+7-FR
13-Nov-2025 15:22:10.906 INFO [main] org.apache.catalina.startup.VersionLoggerListener.log Производитель JVM:     Amazon.com Inc.
13-Nov-2025 15:22:10.906 INFO [main] org.apache.catalina.startup.VersionLoggerListener.log CATALINA_BASE:         /Users/plushavey/Desktop/TP_Projects/WebServletV2/tomcat
13-Nov-2025 15:22:10.906 INFO [main] org.apache.catalina.startup.VersionLoggerListener.log CATALINA_HOME:         /Users/plushavey/Desktop/TP_Projects/WebServletV2/tomcat
13-Nov-2025 15:22:10.910 INFO [main] org.apache.catalina.startup.VersionLoggerListener.log Command line argument: --add-opens=java.base/java.lang=ALL-UNNAMED
13-Nov-2025 15:22:10.910 INFO [main] org.apache.catalina.startup.VersionLoggerListener.log Command line argument: --add-opens=java.base/java.lang.invoke=ALL-UNNAMED
13-Nov-2025 15:22:10.910 INFO [main] org.apache.catalina.startup.VersionLoggerListener.log Command line argument: --add-opens=java.base/java.lang.reflect=ALL-UNNAMED
13-Nov-2025 15:22:10.910 INFO [main] org.apache.catalina.startup.VersionLoggerListener.log Command line argument: --add-opens=java.base/java.io=ALL-UNNAMED
13-Nov-2025 15:22:10.910 INFO [main] org.apache.catalina.startup.VersionLoggerListener.log Command line argument: --add-opens=java.base/java.util=ALL-UNNAMED
13-Nov-2025 15:22:10.910 INFO [main] org.apache.catalina.startup.VersionLoggerListener.log Command line argument: --add-opens=java.base/java.util.concurrent=ALL-UNNAMED
13-Nov-2025 15:22:10.910 INFO [main] org.apache.catalina.startup.VersionLoggerListener.log Command line argument: --add-opens=java.rmi/sun.rmi.transport=ALL-UNNAMED
13-Nov-2025 15:22:10.910 INFO [main] org.apache.catalina.startup.VersionLoggerListener.log Command line argument: -Djava.util.logging.config.file=/Users/plushavey/Desktop/TP_Projects/WebServletV2/tomcat/conf/logging.properties
13-Nov-2025 15:22:10.910 INFO [main] org.apache.catalina.startup.VersionLoggerListener.log Command line argument: -Djava.util.logging.manager=org.apache.juli.ClassLoaderLogManager
13-Nov-2025 15:22:10.910 INFO [main] org.apache.catalina.startup.VersionLoggerListener.log Command line argument: -Djdk.tls.ephemeralDHKeySize=2048
13-Nov-2025 15:22:10.910 INFO [main] org.apache.catalina.startup.VersionLoggerListener.log Command line argument: -Djava.protocol.handler.pkgs=org.apache.catalina.webresources
13-Nov-2025 15:22:10.910 INFO [main] org.apache.catalina.startup.VersionLoggerListener.log Command line argument: -Dsun.io.useCanonCaches=false
13-Nov-2025 15:22:10.910 INFO [main] org.apache.catalina.startup.VersionLoggerListener.log Command line argument: -Dorg.apache.catalina.security.SecurityListener.UMASK=0027
13-Nov-2025 15:22:10.910 INFO [main] org.apache.catalina.startup.VersionLoggerListener.log Command line argument: -Dignore.endorsed.dirs=
13-Nov-2025 15:22:10.911 INFO [main] org.apache.catalina.startup.VersionLoggerListener.log Command line argument: -Dcatalina.base=/Users/plushavey/Desktop/TP_Projects/WebServletV2/tomcat
13-Nov-2025 15:22:10.911 INFO [main] org.apache.catalina.startup.VersionLoggerListener.log Command line argument: -Dcatalina.home=/Users/plushavey/Desktop/TP_Projects/WebServletV2/tomcat
13-Nov-2025 15:22:10.911 INFO [main] org.apache.catalina.startup.VersionLoggerListener.log Command line argument: -Djava.io.tmpdir=/Users/plushavey/Desktop/TP_Projects/WebServletV2/tomcat/temp
13-Nov-2025 15:22:10.916 INFO [main] org.apache.catalina.core.AprLifecycleListener.lifecycleEvent The Apache Tomcat Native library which allows using OpenSSL was not found on the java.library.path: [/Users/plushavey/Library/Java/Extensions:/Library/Java/Extensions:/Network/Library/Java/Extensions:/System/Library/Java/Extensions:/usr/lib/java:.]
13-Nov-2025 15:22:11.068 INFO [main] org.apache.coyote.AbstractProtocol.init Инициализация ProtocolHandler ["http-nio-8080"]
13-Nov-2025 15:22:11.079 INFO [main] org.apache.catalina.startup.Catalina.load Server initialization in [262] milliseconds
13-Nov-2025 15:22:11.094 INFO [main] org.apache.catalina.core.StandardService.startInternal Starting service [Catalina]
13-Nov-2025 15:22:11.094 INFO [main] org.apache.catalina.core.StandardEngine.startInternal Starting Servlet engine: [Apache Tomcat/9.0.112]
13-Nov-2025 15:22:11.100 INFO [main] org.apache.catalina.startup.HostConfig.deployWAR Deploying web application archive [/Users/plushavey/Desktop/TP_Projects/WebServletV2/tomcat/webapps/WebServletV2.war]
Пользователи загружены из: /Users/plushavey/Desktop/TP_Projects/WebServletV2/tomcat/webapps/WebServletV2/WEB-INF/users.txt
13-Nov-2025 15:22:11.240 INFO [main] org.apache.catalina.startup.HostConfig.deployWAR Deployment of web application archive [/Users/plushavey/Desktop/TP_Projects/WebServletV2/tomcat/webapps/WebServletV2.war] has finished in [139] ms
13-Nov-2025 15:22:11.241 INFO [main] org.apache.catalina.startup.HostConfig.deployDirectory Установка веб приложения в папку [/Users/plushavey/Desktop/TP_Projects/WebServletV2/tomcat/webapps/docs]
13-Nov-2025 15:22:11.252 INFO [main] org.apache.catalina.startup.HostConfig.deployDirectory Deployment of web application directory [/Users/plushavey/Desktop/TP_Projects/WebServletV2/tomcat/webapps/docs] has finished in [11] ms
13-Nov-2025 15:22:11.253 INFO [main] org.apache.catalina.startup.HostConfig.deployDirectory Установка веб приложения в папку [/Users/plushavey/Desktop/TP_Projects/WebServletV2/tomcat/webapps/manager]
13-Nov-2025 15:22:11.268 INFO [main] org.apache.catalina.startup.HostConfig.deployDirectory Deployment of web application directory [/Users/plushavey/Desktop/TP_Projects/WebServletV2/tomcat/webapps/manager] has finished in [15] ms
13-Nov-2025 15:22:11.268 INFO [main] org.apache.catalina.startup.HostConfig.deployDirectory Установка веб приложения в папку [/Users/plushavey/Desktop/TP_Projects/WebServletV2/tomcat/webapps/examples]
13-Nov-2025 15:22:11.366 INFO [main] org.apache.catalina.startup.HostConfig.deployDirectory Deployment of web application directory [/Users/plushavey/Desktop/TP_Projects/WebServletV2/tomcat/webapps/examples] has finished in [98] ms
13-Nov-2025 15:22:11.366 INFO [main] org.apache.catalina.startup.HostConfig.deployDirectory Установка веб приложения в папку [/Users/plushavey/Desktop/TP_Projects/WebServletV2/tomcat/webapps/ROOT]
13-Nov-2025 15:22:11.373 INFO [main] org.apache.catalina.startup.HostConfig.deployDirectory Deployment of web application directory [/Users/plushavey/Desktop/TP_Projects/WebServletV2/tomcat/webapps/ROOT] has finished in [7] ms
13-Nov-2025 15:22:11.373 INFO [main] org.apache.catalina.startup.HostConfig.deployDirectory Установка веб приложения в папку [/Users/plushavey/Desktop/TP_Projects/WebServletV2/tomcat/webapps/host-manager]
13-Nov-2025 15:22:11.382 INFO [main] org.apache.catalina.startup.HostConfig.deployDirectory Deployment of web application directory [/Users/plushavey/Desktop/TP_Projects/WebServletV2/tomcat/webapps/host-manager] has finished in [9] ms
13-Nov-2025 15:22:11.384 INFO [main] org.apache.coyote.AbstractProtocol.start Starting ProtocolHandler ["http-nio-8080"]
13-Nov-2025 15:22:11.387 INFO [main] org.apache.catalina.startup.Catalina.start Server startup in [307] milliseconds
13-Nov-2025 15:52:09.952 INFO [main] org.apache.catalina.core.StandardServer.await A valid shutdown command was received via the shutdown port. Stopping the Server instance.
13-Nov-2025 15:52:09.953 INFO [main] org.apache.coyote.AbstractProtocol.pause Pausing ProtocolHandler ["http-nio-8080"]
13-Nov-2025 15:52:09.959 INFO [main] org.apache.catalina.core.StandardService.stopInternal Stopping service [Catalina]
13-Nov-2025 15:52:09.979 INFO [main] org.apache.coyote.AbstractProtocol.stop Stopping ProtocolHandler ["http-nio-8080"]
13-Nov-2025 15:52:09.984 INFO [main] org.apache.coyote.AbstractProtocol.destroy Destroying ProtocolHandler ["http-nio-8080"]
NOTE: Picked up JDK_JAVA_OPTIONS:  --add-opens=java.base/java.lang=ALL-UNNAMED --add-opens=java.base/java.lang.invoke=ALL-UNNAMED --add-opens=java.base/java.lang.reflect=ALL-UNNAMED --add-opens=java.base/java.io=ALL-UNNAMED --add-opens=java.base/java.util=ALL-UNNAMED --add-opens=java.base/java.util.concurrent=ALL-UNNAMED --add-opens=java.rmi/sun.rmi.transport=ALL-UNNAMED
13-Nov-2025 15:52:25.862 INFO [main] org.apache.catalina.startup.VersionLoggerListener.log Имя версии сервера:    Apache Tomcat/9.0.112
13-Nov-2025 15:52:25.864 INFO [main] org.apache.catalina.startup.VersionLoggerListener.log Сервер собран:         Nov 6 2025 07:46:18 UTC
13-Nov-2025 15:52:25.864 INFO [main] org.apache.catalina.startup.VersionLoggerListener.log Номер версии сервера:  9.0.112.0
13-Nov-2025 15:52:25.864 INFO [main] org.apache.catalina.startup.VersionLoggerListener.log OS Name:               Mac OS X
13-Nov-2025 15:52:25.864 INFO [main] org.apache.catalina.startup.VersionLoggerListener.log Версия ОС:             15.6.1
13-Nov-2025 15:52:25.865 INFO [main] org.apache.catalina.startup.VersionLoggerListener.log Архитектура:           aarch64
13-Nov-2025 15:52:25.865 INFO [main] org.apache.catalina.startup.VersionLoggerListener.log Java Home:             /Users/plushavey/Library/Java/JavaVirtualMachines/corretto-23.0.2/Contents/Home
13-Nov-2025 15:52:25.865 INFO [main] org.apache.catalina.startup.VersionLoggerListener.log Версия JVM:            23.0.2+7-FR
13-Nov-2025 15:52:25.865 INFO [main] org.apache.catalina.startup.VersionLoggerListener.log Производитель JVM:     Amazon.com Inc.
13-Nov-2025 15:52:25.865 INFO [main] org.apache.catalina.startup.VersionLoggerListener.log CATALINA_BASE:         /Users/plushavey/Desktop/TP_Projects/WebServletV2/tomcat
13-Nov-2025 15:52:25.865 INFO [main] org.apache.catalina.startup.VersionLoggerListener.log CATALINA_HOME:         /Users/plushavey/Desktop/TP_Projects/WebServletV2/tomcat
13-Nov-2025 15:52:25.872 INFO [main] org.apache.catalina.startup.VersionLoggerListener.log Command line argument: --add-opens=java.base/java.lang=ALL-UNNAMED
13-Nov-2025 15:52:25.872 INFO [main] org.apache.catalina.startup.VersionLoggerListener.log Command line argument: --add-opens=java.base/java.lang.invoke=ALL-UNNAMED
13-Nov-2025 15:52:25.872 INFO [main] org.apache.catalina.startup.VersionLoggerListener.log Command line argument: --add-opens=java.base/java.lang.reflect=ALL-UNNAMED
13-Nov-2025 15:52:25.872 INFO [main] org.apache.catalina.startup.VersionLoggerListener.log Command line argument: --add-opens=java.base/java.io=ALL-UNNAMED
13-Nov-2025 15:52:25.872 INFO [main] org.apache.catalina.startup.VersionLoggerListener.log Command line argument: --add-opens=java.base/java.util=ALL-UNNAMED
13-Nov-2025 15:52:25.872 INFO [main] org.apache.catalina.startup.VersionLoggerListener.log Command line argument: --add-opens=java.base/java.util.concurrent=ALL-UNNAMED
13-Nov-2025 15:52:25.872 INFO [main] org.apache.catalina.startup.VersionLoggerListener.log Command line argument: --add-opens=java.rmi/sun.rmi.transport=ALL-UNNAMED
13-Nov-2025 15:52:25.872 INFO [main] org.apache.catalina.startup.VersionLoggerListener.log Command line argument: -Djava.util.logging.config.file=/Users/plushavey/Desktop/TP_Projects/WebServletV2/tomcat/conf/logging.properties
13-Nov-2025 15:52:25.872 INFO [main] org.apache.catalina.startup.VersionLoggerListener.log Command line argument: -Djava.util.logging.manager=org.apache.juli.ClassLoaderLogManager
13-Nov-2025 15:52:25.872 INFO [main] org.apache.catalina.startup.VersionLoggerListener.log Command line argument: -Djdk.tls.ephemeralDHKeySize=2048
13-Nov-2025 15:52:25.872 INFO [main] org.apache.catalina.startup.VersionLoggerListener.log Command line argument: -Djava.protocol.handler.pkgs=org.apache.catalina.webresources
13-Nov-2025 15:52:25.872 INFO [main] org.apache.catalina.startup.VersionLoggerListener.log Command line argument: -Dsun.io.useCanonCaches=false
13-Nov-2025 15:52:25.872 INFO [main] org.apache.catalina.startup.VersionLoggerListener.log Command line argument: -Dorg.apache.catalina.security.SecurityListener.UMASK=0027
13-Nov-2025 15:52:25.872 INFO [main] org.apache.catalina.startup.VersionLoggerListener.log Command line argument: -Dignore.endorsed.dirs=
13-Nov-2025 15:52:25.872 INFO [main] org.apache.catalina.startup.VersionLoggerListener.log Command line argument: -Dcatalina.base=/Users/plushavey/Desktop/TP_Projects/WebServletV2/tomcat
13-Nov-2025 15:52:25.872 INFO [main] org.apache.catalina.startup.VersionLoggerListener.log Command line argument: -Dcatalina.home=/Users/plushavey/Desktop/TP_Projects/WebServletV2/tomcat
13-Nov-2025 15:52:25.872 INFO [main] org.apache.catalina.startup.VersionLoggerListener.log Command line argument: -Djava.io.tmpdir=/Users/plushavey/Desktop/TP_Projects/WebServletV2/tomcat/temp
13-Nov-2025 15:52:25.880 INFO [main] org.apache.catalina.core.AprLifecycleListener.lifecycleEvent The Apache Tomcat Native library which allows using OpenSSL was not found on the java.library.path: [/Users/plushavey/Library/Java/Extensions:/Library/Java/Extensions:/Network/Library/Java/Extensions:/System/Library/Java/Extensions:/usr/lib/java:.]
13-Nov-2025 15:52:26.039 INFO [main] org.apache.coyote.AbstractProtocol.init Инициализация ProtocolHandler ["http-nio-8080"]
13-Nov-2025 15:52:26.052 INFO [main] org.apache.catalina.startup.Catalina.load Server initialization in [280] milliseconds
13-Nov-2025 15:52:26.070 INFO [main] org.apache.catalina.core.StandardService.startInternal Starting service [Catalina]
13-Nov-2025 15:52:26.070 INFO [main] org.apache.catalina.core.StandardEngine.startInternal Starting Servlet engine: [Apache Tomcat/9.0.112]
13-Nov-2025 15:52:26.076 INFO [main] org.apache.catalina.startup.HostConfig.deployWAR Deploying web application archive [/Users/plushavey/Desktop/TP_Projects/WebServletV2/tomcat/webapps/WebServletV2.war]
13-Nov-2025 15:52:26.083 INFO [main] org.apache.catalina.startup.ExpandWar.expand An expanded directory [/Users/plushavey/Desktop/TP_Projects/WebServletV2/tomcat/webapps/WebServletV2] was found with a last modified time that did not match the associated WAR. It will be deleted.
Пользователи загружены из: /Users/plushavey/Desktop/TP_Projects/WebServletV2/tomcat/webapps/WebServletV2/WEB-INF/users.txt
13-Nov-2025 15:52:26.235 INFO [main] org.apache.catalina.startup.HostConfig.deployWAR Deployment of web application archive [/Users/plushavey/Desktop/TP_Projects/WebServletV2/tomcat/webapps/WebServletV2.war] has finished in [157] ms
13-Nov-2025 15:52:26.235 INFO [main] org.apache.catalina.startup.HostConfig.deployDirectory Установка веб приложения в папку [/Users/plushavey/Desktop/TP_Projects/WebServletV2/tomcat/webapps/docs]
13-Nov-2025 15:52:26.247 INFO [main] org.apache.catalina.startup.HostConfig.deployDirectory Deployment of web application directory [/Users/plushavey/Desktop/TP_Projects/WebServletV2/tomcat/webapps/docs] has finished in [12] ms
13-Nov-2025 15:52:26.247 INFO [main] org.apache.catalina.startup.HostConfig.deployDirectory Установка веб приложения в папку [/Users/plushavey/Desktop/TP_Projects/WebServletV2/tomcat/webapps/manager]
13-Nov-2025 15:52:26.263 INFO [main] org.apache.catalina.startup.HostConfig.deployDirectory Deployment of web application directory [/Users/plushavey/Desktop/TP_Projects/WebServletV2/tomcat/webapps/manager] has finished in [16] ms
13-Nov-2025 15:52:26.263 INFO [main] org.apache.catalina.startup.HostConfig.deployDirectory Установка веб приложения в папку [/Users/plushavey/Desktop/TP_Projects/WebServletV2/tomcat/webapps/examples]
13-Nov-2025 15:52:26.360 INFO [main] org.apache.catalina.startup.HostConfig.deployDirectory Deployment of web application directory [/Users/plushavey/Desktop/TP_Projects/WebServletV2/tomcat/webapps/examples] has finished in [97] ms
13-Nov-2025 15:52:26.360 INFO [main] org.apache.catalina.startup.HostConfig.deployDirectory Установка веб приложения в папку [/Users/plushavey/Desktop/TP_Projects/WebServletV2/tomcat/webapps/ROOT]
13-Nov-2025 15:52:26.367 INFO [main] org.apache.catalina.startup.HostConfig.deployDirectory Deployment of web application directory [/Users/plushavey/Desktop/TP_Projects/WebServletV2/tomcat/webapps/ROOT] has finished in [7] ms
13-Nov-2025 15:52:26.367 INFO [main] org.apache.catalina.startup.HostConfig.deployDirectory Установка веб приложения в папку [/Users/plushavey/Desktop/TP_Projects/WebServletV2/tomcat/webapps/host-manager]
13-Nov-2025 15:52:26.376 INFO [main] org.apache.catalina.startup.HostConfig.deployDirectory Deployment of web application directory [/Users/plushavey/Desktop/TP_Projects/WebServletV2/tomcat/webapps/host-manager] has finished in [9] ms
13-Nov-2025 15:52:26.378 INFO [main] org.apache.coyote.AbstractProtocol.start Starting ProtocolHandler ["http-nio-8080"]
13-Nov-2025 15:52:26.382 INFO [main] org.apache.catalina.startup.Catalina.start Server startup in [329] milliseconds
13-Nov-2025 16:00:26.426 INFO [main] org.apache.catalina.core.StandardServer.await A valid shutdown command was received via the shutdown port. Stopping the Server instance.
13-Nov-2025 16:00:26.427 INFO [main] org.apache.coyote.AbstractProtocol.pause Pausing ProtocolHandler ["http-nio-8080"]
13-Nov-2025 16:00:26.429 INFO [main] org.apache.catalina.core.StandardService.stopInternal Stopping service [Catalina]
13-Nov-2025 16:00:26.446 INFO [main] org.apache.coyote.AbstractProtocol.stop Stopping ProtocolHandler ["http-nio-8080"]
13-Nov-2025 16:00:26.453 INFO [main] org.apache.coyote.AbstractProtocol.destroy Destroying ProtocolHandler ["http-nio-8080"]
NOTE: Picked up JDK_JAVA_OPTIONS:  --add-opens=java.base/java.lang=ALL-UNNAMED --add-opens=java.base/java.lang.invoke=ALL-UNNAMED --add-opens=java.base/java.lang.reflect=ALL-UNNAMED --add-opens=java.base/java.io=ALL-UNNAMED --add-opens=java.base/java.util=ALL-UNNAMED --add-opens=java.base/java.util.concurrent=ALL-UNNAMED --add-opens=java.rmi/sun.rmi.transport=ALL-UNNAMED
13-Nov-2025 16:00:36.718 INFO [main] org.apache.catalina.startup.VersionLoggerListener.log Имя версии сервера:    Apache Tomcat/9.0.112
13-Nov-2025 16:00:36.720 INFO [main] org.apache.catalina.startup.VersionLoggerListener.log Сервер собран:         Nov 6 2025 07:46:18 UTC
13-Nov-2025 16:00:36.721 INFO [main] org.apache.catalina.startup.VersionLoggerListener.log Номер версии сервера:  9.0.112.0
13-Nov-2025 16:00:36.721 INFO [main] org.apache.catalina.startup.VersionLoggerListener.log OS Name:               Mac OS X
13-Nov-2025 16:00:36.721 INFO [main] org.apache.catalina.startup.VersionLoggerListener.log Версия ОС:             15.6.1
13-Nov-2025 16:00:36.721 INFO [main] org.apache.catalina.startup.VersionLoggerListener.log Архитектура:           aarch64
13-Nov-2025 16:00:36.721 INFO [main] org.apache.catalina.startup.VersionLoggerListener.log Java Home:             /Users/plushavey/Library/Java/JavaVirtualMachines/corretto-23.0.2/Contents/Home
13-Nov-2025 16:00:36.721 INFO [main] org.apache.catalina.startup.VersionLoggerListener.log Версия JVM:            23.0.2+7-FR
13-Nov-2025 16:00:36.721 INFO [main] org.apache.catalina.startup.VersionLoggerListener.log Производитель JVM:     Amazon.com Inc.
13-Nov-2025 16:00:36.721 INFO [main] org.apache.catalina.startup.VersionLoggerListener.log CATALINA_BASE:         /Users/plushavey/Desktop/TP_Projects/WebServletV2/tomcat
13-Nov-2025 16:00:36.721 INFO [main] org.apache.catalina.startup.VersionLoggerListener.log CATALINA_HOME:         /Users/plushavey/Desktop/TP_Projects/WebServletV2/tomcat
13-Nov-2025 16:00:36.728 INFO [main] org.apache.catalina.startup.VersionLoggerListener.log Command line argument: --add-opens=java.base/java.lang=ALL-UNNAMED
13-Nov-2025 16:00:36.728 INFO [main] org.apache.catalina.startup.VersionLoggerListener.log Command line argument: --add-opens=java.base/java.lang.invoke=ALL-UNNAMED
13-Nov-2025 16:00:36.728 INFO [main] org.apache.catalina.startup.VersionLoggerListener.log Command line argument: --add-opens=java.base/java.lang.reflect=ALL-UNNAMED
13-Nov-2025 16:00:36.728 INFO [main] org.apache.catalina.startup.VersionLoggerListener.log Command line argument: --add-opens=java.base/java.io=ALL-UNNAMED
13-Nov-2025 16:00:36.728 INFO [main] org.apache.catalina.startup.VersionLoggerListener.log Command line argument: --add-opens=java.base/java.util=ALL-UNNAMED
13-Nov-2025 16:00:36.728 INFO [main] org.apache.catalina.startup.VersionLoggerListener.log Command line argument: --add-opens=java.base/java.util.concurrent=ALL-UNNAMED
13-Nov-2025 16:00:36.728 INFO [main] org.apache.catalina.startup.VersionLoggerListener.log Command line argument: --add-opens=java.rmi/sun.rmi.transport=ALL-UNNAMED
13-Nov-2025 16:00:36.729 INFO [main] org.apache.catalina.startup.VersionLoggerListener.log Command line argument: -Djava.util.logging.config.file=/Users/plushavey/Desktop/TP_Projects/WebServletV2/tomcat/conf/logging.properties
13-Nov-2025 16:00:36.729 INFO [main] org.apache.catalina.startup.VersionLoggerListener.log Command line argument: -Djava.util.logging.manager=org.apache.juli.ClassLoaderLogManager
13-Nov-2025 16:00:36.729 INFO [main] org.apache.catalina.startup.VersionLoggerListener.log Command line argument: -Djdk.tls.ephemeralDHKeySize=2048
13-Nov-2025 16:00:36.729 INFO [main] org.apache.catalina.startup.VersionLoggerListener.log Command line argument: -Djava.protocol.handler.pkgs=org.apache.catalina.webresources
13-Nov-2025 16:00:36.729 INFO [main] org.apache.catalina.startup.VersionLoggerListener.log Command line argument: -Dsun.io.useCanonCaches=false
13-Nov-2025 16:00:36.729 INFO [main] org.apache.catalina.startup.VersionLoggerListener.log Command line argument: -Dorg.apache.catalina.security.SecurityListener.UMASK=0027
13-Nov-2025 16:00:36.729 INFO [main] org.apache.catalina.startup.VersionLoggerListener.log Command line argument: -Dignore.endorsed.dirs=
13-Nov-2025 16:00:36.729 INFO [main] org.apache.catalina.startup.VersionLoggerListener.log Command line argument: -Dcatalina.base=/Users/plushavey/Desktop/TP_Projects/WebServletV2/tomcat
13-Nov-2025 16:00:36.729 INFO [main] org.apache.catalina.startup.VersionLoggerListener.log Command line argument: -Dcatalina.home=/Users/plushavey/Desktop/TP_Projects/WebServletV2/tomcat
13-Nov-2025 16:00:36.729 INFO [main] org.apache.catalina.startup.VersionLoggerListener.log Command line argument: -Djava.io.tmpdir=/Users/plushavey/Desktop/TP_Projects/WebServletV2/tomcat/temp
13-Nov-2025 16:00:36.735 INFO [main] org.apache.catalina.core.AprLifecycleListener.lifecycleEvent The Apache Tomcat Native library which allows using OpenSSL was not found on the java.library.path: [/Users/plushavey/Library/Java/Extensions:/Library/Java/Extensions:/Network/Library/Java/Extensions:/System/Library/Java/Extensions:/usr/lib/java:.]
13-Nov-2025 16:00:36.903 INFO [main] org.apache.coyote.AbstractProtocol.init Инициализация ProtocolHandler ["http-nio-8080"]
13-Nov-2025 16:00:36.916 INFO [main] org.apache.catalina.startup.Catalina.load Server initialization in [292] milliseconds
13-Nov-2025 16:00:36.934 INFO [main] org.apache.catalina.core.StandardService.startInternal Starting service [Catalina]
13-Nov-2025 16:00:36.934 INFO [main] org.apache.catalina.core.StandardEngine.startInternal Starting Servlet engine: [Apache Tomcat/9.0.112]
13-Nov-2025 16:00:36.941 INFO [main] org.apache.catalina.startup.HostConfig.deployWAR Deploying web application archive [/Users/plushavey/Desktop/TP_Projects/WebServletV2/tomcat/webapps/WebServletV2.war]
Пользователи загружены из: /Users/plushavey/Desktop/TP_Projects/WebServletV2/tomcat/webapps/WebServletV2/WEB-INF/users.txt
13-Nov-2025 16:00:37.095 INFO [main] org.apache.catalina.startup.HostConfig.deployWAR Deployment of web application archive [/Users/plushavey/Desktop/TP_Projects/WebServletV2/tomcat/webapps/WebServletV2.war] has finished in [152] ms
13-Nov-2025 16:00:37.095 INFO [main] org.apache.catalina.startup.HostConfig.deployDirectory Установка веб приложения в папку [/Users/plushavey/Desktop/TP_Projects/WebServletV2/tomcat/webapps/docs]
13-Nov-2025 16:00:37.107 INFO [main] org.apache.catalina.startup.HostConfig.deployDirectory Deployment of web application directory [/Users/plushavey/Desktop/TP_Projects/WebServletV2/tomcat/webapps/docs] has finished in [12] ms
13-Nov-2025 16:00:37.107 INFO [main] org.apache.catalina.startup.HostConfig.deployDirectory Установка веб приложения в папку [/Users/plushavey/Desktop/TP_Projects/WebServletV2/tomcat/webapps/manager]
13-Nov-2025 16:00:37.123 INFO [main] org.apache.catalina.startup.HostConfig.deployDirectory Deployment of web application directory [/Users/plushavey/Desktop/TP_Projects/WebServletV2/tomcat/webapps/manager] has finished in [16] ms
13-Nov-2025 16:00:37.123 INFO [main] org.apache.catalina.startup.HostConfig.deployDirectory Установка веб приложения в папку [/Users/plushavey/Desktop/TP_Projects/WebServletV2/tomcat/webapps/examples]
13-Nov-2025 16:00:37.233 INFO [main] org.apache.catalina.startup.HostConfig.deployDirectory Deployment of web application directory [/Users/plushavey/Desktop/TP_Projects/WebServletV2/tomcat/webapps/examples] has finished in [110] ms
13-Nov-2025 16:00:37.233 INFO [main] org.apache.catalina.startup.HostConfig.deployDirectory Установка веб приложения в папку [/Users/plushavey/Desktop/TP_Projects/WebServletV2/tomcat/webapps/ROOT]
13-Nov-2025 16:00:37.240 INFO [main] org.apache.catalina.startup.HostConfig.deployDirectory Deployment of web application directory [/Users/plushavey/Desktop/TP_Projects/WebServletV2/tomcat/webapps/ROOT] has finished in [7] ms
13-Nov-2025 16:00:37.240 INFO [main] org.apache.catalina.startup.HostConfig.deployDirectory Установка веб приложения в папку [/Users/plushavey/Desktop/TP_Projects/WebServletV2/tomcat/webapps/host-manager]
13-Nov-2025 16:00:37.249 INFO [main] org.apache.catalina.startup.HostConfig.deployDirectory Deployment of web application directory [/Users/plushavey/Desktop/TP_Projects/WebServletV2/tomcat/webapps/host-manager] has finished in [9] ms
13-Nov-2025 16:00:37.251 INFO [main] org.apache.coyote.AbstractProtocol.start Starting ProtocolHandler ["http-nio-8080"]
13-Nov-2025 16:00:37.255 INFO [main] org.apache.catalina.startup.Catalina.start Server startup in [338] milliseconds
13-Nov-2025 16:00:59.670 INFO [main] org.apache.catalina.core.StandardServer.await A valid shutdown command was received via the shutdown port. Stopping the Server instance.
13-Nov-2025 16:00:59.670 INFO [main] org.apache.coyote.AbstractProtocol.pause Pausing ProtocolHandler ["http-nio-8080"]
13-Nov-2025 16:00:59.672 INFO [main] org.apache.catalina.core.StandardService.stopInternal Stopping service [Catalina]
13-Nov-2025 16:00:59.683 INFO [main] org.apache.coyote.AbstractProtocol.stop Stopping ProtocolHandler ["http-nio-8080"]
13-Nov-2025 16:00:59.685 INFO [main] org.apache.coyote.AbstractProtocol.destroy Destroying ProtocolHandler ["http-nio-8080"]
NOTE: Picked up JDK_JAVA_OPTIONS:  --add-opens=java.base/java.lang=ALL-UNNAMED --add-opens=java.base/java.lang.invoke=ALL-UNNAMED --add-opens=java.base/java.lang.reflect=ALL-UNNAMED --add-opens=java.base/java.io=ALL-UNNAMED --add-opens=java.base/java.util=ALL-UNNAMED --add-opens=java.base/java.util.concurrent=ALL-UNNAMED --add-opens=java.rmi/sun.rmi.transport=ALL-UNNAMED
13-Nov-2025 16:01:06.405 INFO [main] org.apache.catalina.startup.VersionLoggerListener.log Имя версии сервера:    Apache Tomcat/9.0.112
13-Nov-2025 16:01:06.407 INFO [main] org.apache.catalina.startup.VersionLoggerListener.log Сервер собран:         Nov 6 2025 07:46:18 UTC
13-Nov-2025 16:01:06.407 INFO [main] org.apache.catalina.startup.VersionLoggerListener.log Номер версии сервера:  9.0.112.0
13-Nov-2025 16:01:06.407 INFO [main] org.apache.catalina.startup.VersionLoggerListener.log OS Name:               Mac OS X
13-Nov-2025 16:01:06.407 INFO [main] org.apache.catalina.startup.VersionLoggerListener.log Версия ОС:             15.6.1
13-Nov-2025 16:01:06.407 INFO [main] org.apache.catalina.startup.VersionLoggerListener.log Архитектура:           aarch64
13-Nov-2025 16:01:06.407 INFO [main] org.apache.catalina.startup.VersionLoggerListener.log Java Home:             /Users/plushavey/Library/Java/JavaVirtualMachines/corretto-23.0.2/Contents/Home
13-Nov-2025 16:01:06.407 INFO [main] org.apache.catalina.startup.VersionLoggerListener.log Версия JVM:            23.0.2+7-FR
13-Nov-2025 16:01:06.407 INFO [main] org.apache.catalina.startup.VersionLoggerListener.log Производитель JVM:     Amazon.com Inc.
13-Nov-2025 16:01:06.407 INFO [main] org.apache.catalina.startup.VersionLoggerListener.log CATALINA_BASE:         /Users/plushavey/Desktop/TP_Projects/WebServletV2/tomcat
13-Nov-2025 16:01:06.407 INFO [main] org.apache.catalina.startup.VersionLoggerListener.log CATALINA_HOME:         /Users/plushavey/Desktop/TP_Projects/WebServletV2/tomcat
13-Nov-2025 16:01:06.412 INFO [main] org.apache.catalina.startup.VersionLoggerListener.log Command line argument: --add-opens=java.base/java.lang=ALL-UNNAMED
13-Nov-2025 16:01:06.412 INFO [main] org.apache.catalina.startup.VersionLoggerListener.log Command line argument: --add-opens=java.base/java.lang.invoke=ALL-UNNAMED
13-Nov-2025 16:01:06.412 INFO [main] org.apache.catalina.startup.VersionLoggerListener.log Command line argument: --add-opens=java.base/java.lang.reflect=ALL-UNNAMED
13-Nov-2025 16:01:06.412 INFO [main] org.apache.catalina.startup.VersionLoggerListener.log Command line argument: --add-opens=java.base/java.io=ALL-UNNAMED
13-Nov-2025 16:01:06.412 INFO [main] org.apache.catalina.startup.VersionLoggerListener.log Command line argument: --add-opens=java.base/java.util=ALL-UNNAMED
13-Nov-2025 16:01:06.412 INFO [main] org.apache.catalina.startup.VersionLoggerListener.log Command line argument: --add-opens=java.base/java.util.concurrent=ALL-UNNAMED
13-Nov-2025 16:01:06.412 INFO [main] org.apache.catalina.startup.VersionLoggerListener.log Command line argument: --add-opens=java.rmi/sun.rmi.transport=ALL-UNNAMED
13-Nov-2025 16:01:06.412 INFO [main] org.apache.catalina.startup.VersionLoggerListener.log Command line argument: -Djava.util.logging.config.file=/Users/plushavey/Desktop/TP_Projects/WebServletV2/tomcat/conf/logging.properties
13-Nov-2025 16:01:06.412 INFO [main] org.apache.catalina.startup.VersionLoggerListener.log Command line argument: -Djava.util.logging.manager=org.apache.juli.ClassLoaderLogManager
13-Nov-2025 16:01:06.412 INFO [main] org.apache.catalina.startup.VersionLoggerListener.log Command line argument: -Djdk.tls.ephemeralDHKeySize=2048
13-Nov-2025 16:01:06.412 INFO [main] org.apache.catalina.startup.VersionLoggerListener.log Command line argument: -Djava.protocol.handler.pkgs=org.apache.catalina.webresources
13-Nov-2025 16:01:06.412 INFO [main] org.apache.catalina.startup.VersionLoggerListener.log Command line argument: -Dsun.io.useCanonCaches=false
13-Nov-2025 16:01:06.412 INFO [main] org.apache.catalina.startup.VersionLoggerListener.log Command line argument: -Dorg.apache.catalina.security.SecurityListener.UMASK=0027
13-Nov-2025 16:01:06.412 INFO [main] org.apache.catalina.startup.VersionLoggerListener.log Command line argument: -Dignore.endorsed.dirs=
13-Nov-2025 16:01:06.412 INFO [main] org.apache.catalina.startup.VersionLoggerListener.log Command line argument: -Dcatalina.base=/Users/plushavey/Desktop/TP_Projects/WebServletV2/tomcat
13-Nov-2025 16:01:06.412 INFO [main] org.apache.catalina.startup.VersionLoggerListener.log Command line argument: -Dcatalina.home=/Users/plushavey/Desktop/TP_Projects/WebServletV2/tomcat
13-Nov-2025 16:01:06.412 INFO [main] org.apache.catalina.startup.VersionLoggerListener.log Command line argument: -Djava.io.tmpdir=/Users/plushavey/Desktop/TP_Projects/WebServletV2/tomcat/temp
13-Nov-2025 16:01:06.418 INFO [main] org.apache.catalina.core.AprLifecycleListener.lifecycleEvent The Apache Tomcat Native library which allows using OpenSSL was not found on the java.library.path: [/Users/plushavey/Library/Java/Extensions:/Library/Java/Extensions:/Network/Library/Java/Extensions:/System/Library/Java/Extensions:/usr/lib/java:.]
13-Nov-2025 16:01:06.569 INFO [main] org.apache.coyote.AbstractProtocol.init Инициализация ProtocolHandler ["http-nio-8080"]
13-Nov-2025 16:01:06.581 INFO [main] org.apache.catalina.startup.Catalina.load Server initialization in [262] milliseconds
13-Nov-2025 16:01:06.596 INFO [main] org.apache.catalina.core.StandardService.startInternal Starting service [Catalina]
13-Nov-2025 16:01:06.596 INFO [main] org.apache.catalina.core.StandardEngine.startInternal Starting Servlet engine: [Apache Tomcat/9.0.112]
13-Nov-2025 16:01:06.603 INFO [main] org.apache.catalina.startup.HostConfig.deployWAR Deploying web application archive [/Users/plushavey/Desktop/TP_Projects/WebServletV2/tomcat/webapps/WebServletV2.war]
Пользователи загружены из: /Users/plushavey/Desktop/TP_Projects/WebServletV2/tomcat/webapps/WebServletV2/WEB-INF/users.txt
13-Nov-2025 16:01:06.740 INFO [main] org.apache.catalina.startup.HostConfig.deployWAR Deployment of web application archive [/Users/plushavey/Desktop/TP_Projects/WebServletV2/tomcat/webapps/WebServletV2.war] has finished in [136] ms
13-Nov-2025 16:01:06.740 INFO [main] org.apache.catalina.startup.HostConfig.deployDirectory Установка веб приложения в папку [/Users/plushavey/Desktop/TP_Projects/WebServletV2/tomcat/webapps/docs]
13-Nov-2025 16:01:06.752 INFO [main] org.apache.catalina.startup.HostConfig.deployDirectory Deployment of web application directory [/Users/plushavey/Desktop/TP_Projects/WebServletV2/tomcat/webapps/docs] has finished in [12] ms
13-Nov-2025 16:01:06.752 INFO [main] org.apache.catalina.startup.HostConfig.deployDirectory Установка веб приложения в папку [/Users/plushavey/Desktop/TP_Projects/WebServletV2/tomcat/webapps/manager]
13-Nov-2025 16:01:06.767 INFO [main] org.apache.catalina.startup.HostConfig.deployDirectory Deployment of web application directory [/Users/plushavey/Desktop/TP_Projects/WebServletV2/tomcat/webapps/manager] has finished in [15] ms
13-Nov-2025 16:01:06.768 INFO [main] org.apache.catalina.startup.HostConfig.deployDirectory Установка веб приложения в папку [/Users/plushavey/Desktop/TP_Projects/WebServletV2/tomcat/webapps/examples]
13-Nov-2025 16:01:06.863 INFO [main] org.apache.catalina.startup.HostConfig.deployDirectory Deployment of web application directory [/Users/plushavey/Desktop/TP_Projects/WebServletV2/tomcat/webapps/examples] has finished in [96] ms
13-Nov-2025 16:01:06.863 INFO [main] org.apache.catalina.startup.HostConfig.deployDirectory Установка веб приложения в папку [/Users/plushavey/Desktop/TP_Projects/WebServletV2/tomcat/webapps/ROOT]
13-Nov-2025 16:01:06.870 INFO [main] org.apache.catalina.startup.HostConfig.deployDirectory Deployment of web application directory [/Users/plushavey/Desktop/TP_Projects/WebServletV2/tomcat/webapps/ROOT] has finished in [7] ms
13-Nov-2025 16:01:06.871 INFO [main] org.apache.catalina.startup.HostConfig.deployDirectory Установка веб приложения в папку [/Users/plushavey/Desktop/TP_Projects/WebServletV2/tomcat/webapps/host-manager]
13-Nov-2025 16:01:06.879 INFO [main] org.apache.catalina.startup.HostConfig.deployDirectory Deployment of web application directory [/Users/plushavey/Desktop/TP_Projects/WebServletV2/tomcat/webapps/host-manager] has finished in [8] ms
13-Nov-2025 16:01:06.881 INFO [main] org.apache.coyote.AbstractProtocol.start Starting ProtocolHandler ["http-nio-8080"]
13-Nov-2025 16:01:06.885 INFO [main] org.apache.catalina.startup.Catalina.start Server startup in [303] milliseconds
13-Nov-2025 16:04:56.337 INFO [main] org.apache.catalina.core.StandardServer.await A valid shutdown command was received via the shutdown port. Stopping the Server instance.
13-Nov-2025 16:04:56.338 INFO [main] org.apache.coyote.AbstractProtocol.pause Pausing ProtocolHandler ["http-nio-8080"]
13-Nov-2025 16:04:56.340 INFO [main] org.apache.catalina.core.StandardService.stopInternal Stopping service [Catalina]
13-Nov-2025 16:04:56.354 INFO [main] org.apache.coyote.AbstractProtocol.stop Stopping ProtocolHandler ["http-nio-8080"]
13-Nov-2025 16:04:56.365 INFO [main] org.apache.coyote.AbstractProtocol.destroy Destroying ProtocolHandler ["http-nio-8080"]
NOTE: Picked up JDK_JAVA_OPTIONS:  --add-opens=java.base/java.lang=ALL-UNNAMED --add-opens=java.base/java.lang.invoke=ALL-UNNAMED --add-opens=java.base/java.lang.reflect=ALL-UNNAMED --add-opens=java.base/java.io=ALL-UNNAMED --add-opens=java.base/java.util=ALL-UNNAMED --add-opens=java.base/java.util.concurrent=ALL-UNNAMED --add-opens=java.rmi/sun.rmi.transport=ALL-UNNAMED
18-Nov-2025 11:04:13.007 INFO [main] org.apache.catalina.startup.VersionLoggerListener.log Имя версии сервера:    Apache Tomcat/9.0.112
18-Nov-2025 11:04:13.009 INFO [main] org.apache.catalina.startup.VersionLoggerListener.log Сервер собран:         Nov 6 2025 07:46:18 UTC
18-Nov-2025 11:04:13.009 INFO [main] org.apache.catalina.startup.VersionLoggerListener.log Номер версии сервера:  9.0.112.0
18-Nov-2025 11:04:13.009 INFO [main] org.apache.catalina.startup.VersionLoggerListener.log OS Name:               Mac OS X
18-Nov-2025 11:04:13.009 INFO [main] org.apache.catalina.startup.VersionLoggerListener.log Версия ОС:             15.6.1
18-Nov-2025 11:04:13.009 INFO [main] org.apache.catalina.startup.VersionLoggerListener.log Архитектура:           aarch64
18-Nov-2025 11:04:13.009 INFO [main] org.apache.catalina.startup.VersionLoggerListener.log Java Home:             /Users/plushavey/Library/Java/JavaVirtualMachines/corretto-23.0.2/Contents/Home
18-Nov-2025 11:04:13.010 INFO [main] org.apache.catalina.startup.VersionLoggerListener.log Версия JVM:            23.0.2+7-FR
18-Nov-2025 11:04:13.010 INFO [main] org.apache.catalina.startup.VersionLoggerListener.log Производитель JVM:     Amazon.com Inc.
18-Nov-2025 11:04:13.010 INFO [main] org.apache.catalina.startup.VersionLoggerListener.log CATALINA_BASE:         /Users/plushavey/Desktop/TP_Projects/WebServletV2/tomcat
18-Nov-2025 11:04:13.010 INFO [main] org.apache.catalina.startup.VersionLoggerListener.log CATALINA_HOME:         /Users/plushavey/Desktop/TP_Projects/WebServletV2/tomcat
18-Nov-2025 11:04:13.022 INFO [main] org.apache.catalina.startup.VersionLoggerListener.log Command line argument: --add-opens=java.base/java.lang=ALL-UNNAMED
18-Nov-2025 11:04:13.022 INFO [main] org.apache.catalina.startup.VersionLoggerListener.log Command line argument: --add-opens=java.base/java.lang.invoke=ALL-UNNAMED
18-Nov-2025 11:04:13.022 INFO [main] org.apache.catalina.startup.VersionLoggerListener.log Command line argument: --add-opens=java.base/java.lang.reflect=ALL-UNNAMED
18-Nov-2025 11:04:13.022 INFO [main] org.apache.catalina.startup.VersionLoggerListener.log Command line argument: --add-opens=java.base/java.io=ALL-UNNAMED
18-Nov-2025 11:04:13.022 INFO [main] org.apache.catalina.startup.VersionLoggerListener.log Command line argument: --add-opens=java.base/java.util=ALL-UNNAMED
18-Nov-2025 11:04:13.022 INFO [main] org.apache.catalina.startup.VersionLoggerListener.log Command line argument: --add-opens=java.base/java.util.concurrent=ALL-UNNAMED
18-Nov-2025 11:04:13.023 INFO [main] org.apache.catalina.startup.VersionLoggerListener.log Command line argument: --add-opens=java.rmi/sun.rmi.transport=ALL-UNNAMED
18-Nov-2025 11:04:13.023 INFO [main] org.apache.catalina.startup.VersionLoggerListener.log Command line argument: -Djava.util.logging.config.file=/Users/plushavey/Desktop/TP_Projects/WebServletV2/tomcat/conf/logging.properties
18-Nov-2025 11:04:13.023 INFO [main] org.apache.catalina.startup.VersionLoggerListener.log Command line argument: -Djava.util.logging.manager=org.apache.juli.ClassLoaderLogManager
18-Nov-2025 11:04:13.023 INFO [main] org.apache.catalina.startup.VersionLoggerListener.log Command line argument: -Djdk.tls.ephemeralDHKeySize=2048
18-Nov-2025 11:04:13.023 INFO [main] org.apache.catalina.startup.VersionLoggerListener.log Command line argument: -Djava.protocol.handler.pkgs=org.apache.catalina.webresources
18-Nov-2025 11:04:13.023 INFO [main] org.apache.catalina.startup.VersionLoggerListener.log Command line argument: -Dsun.io.useCanonCaches=false
18-Nov-2025 11:04:13.023 INFO [main] org.apache.catalina.startup.VersionLoggerListener.log Command line argument: -Dorg.apache.catalina.security.SecurityListener.UMASK=0027
18-Nov-2025 11:04:13.023 INFO [main] org.apache.catalina.startup.VersionLoggerListener.log Command line argument: -Dignore.endorsed.dirs=
18-Nov-2025 11:04:13.023 INFO [main] org.apache.catalina.startup.VersionLoggerListener.log Command line argument: -Dcatalina.base=/Users/plushavey/Desktop/TP_Projects/WebServletV2/tomcat
18-Nov-2025 11:04:13.023 INFO [main] org.apache.catalina.startup.VersionLoggerListener.log Command line argument: -Dcatalina.home=/Users/plushavey/Desktop/TP_Projects/WebServletV2/tomcat
18-Nov-2025 11:04:13.023 INFO [main] org.apache.catalina.startup.VersionLoggerListener.log Command line argument: -Djava.io.tmpdir=/Users/plushavey/Desktop/TP_Projects/WebServletV2/tomcat/temp
18-Nov-2025 11:04:13.029 INFO [main] org.apache.catalina.core.AprLifecycleListener.lifecycleEvent The Apache Tomcat Native library which allows using OpenSSL was not found on the java.library.path: [/Users/plushavey/Library/Java/Extensions:/Library/Java/Extensions:/Network/Library/Java/Extensions:/System/Library/Java/Extensions:/usr/lib/java:.]
18-Nov-2025 11:04:13.202 INFO [main] org.apache.coyote.AbstractProtocol.init Инициализация ProtocolHandler ["http-nio-8080"]
18-Nov-2025 11:04:13.221 INFO [main] org.apache.catalina.startup.Catalina.load Server initialization in [322] milliseconds
18-Nov-2025 11:04:13.240 INFO [main] org.apache.catalina.core.StandardService.startInternal Starting service [Catalina]
18-Nov-2025 11:04:13.240 INFO [main] org.apache.catalina.core.StandardEngine.startInternal Starting Servlet engine: [Apache Tomcat/9.0.112]
18-Nov-2025 11:04:13.248 INFO [main] org.apache.catalina.startup.HostConfig.deployWAR Deploying web application archive [/Users/plushavey/Desktop/TP_Projects/WebServletV2/tomcat/webapps/WebServletV2.war]
Пользователи загружены из: /Users/plushavey/Desktop/TP_Projects/WebServletV2/tomcat/webapps/WebServletV2/WEB-INF/users.txt
18-Nov-2025 11:04:13.404 INFO [main] org.apache.catalina.startup.HostConfig.deployWAR Deployment of web application archive [/Users/plushavey/Desktop/TP_Projects/WebServletV2/tomcat/webapps/WebServletV2.war] has finished in [154] ms
18-Nov-2025 11:04:13.405 INFO [main] org.apache.catalina.startup.HostConfig.deployDirectory Установка веб приложения в папку [/Users/plushavey/Desktop/TP_Projects/WebServletV2/tomcat/webapps/docs]
18-Nov-2025 11:04:13.417 INFO [main] org.apache.catalina.startup.HostConfig.deployDirectory Deployment of web application directory [/Users/plushavey/Desktop/TP_Projects/WebServletV2/tomcat/webapps/docs] has finished in [12] ms
18-Nov-2025 11:04:13.417 INFO [main] org.apache.catalina.startup.HostConfig.deployDirectory Установка веб приложения в папку [/Users/plushavey/Desktop/TP_Projects/WebServletV2/tomcat/webapps/manager]
18-Nov-2025 11:04:13.434 INFO [main] org.apache.catalina.startup.HostConfig.deployDirectory Deployment of web application directory [/Users/plushavey/Desktop/TP_Projects/WebServletV2/tomcat/webapps/manager] has finished in [17] ms
18-Nov-2025 11:04:13.434 INFO [main] org.apache.catalina.startup.HostConfig.deployDirectory Установка веб приложения в папку [/Users/plushavey/Desktop/TP_Projects/WebServletV2/tomcat/webapps/examples]
18-Nov-2025 11:04:13.536 INFO [main] org.apache.catalina.startup.HostConfig.deployDirectory Deployment of web application directory [/Users/plushavey/Desktop/TP_Projects/WebServletV2/tomcat/webapps/examples] has finished in [102] ms
18-Nov-2025 11:04:13.536 INFO [main] org.apache.catalina.startup.HostConfig.deployDirectory Установка веб приложения в папку [/Users/plushavey/Desktop/TP_Projects/WebServletV2/tomcat/webapps/ROOT]
18-Nov-2025 11:04:13.544 INFO [main] org.apache.catalina.startup.HostConfig.deployDirectory Deployment of web application directory [/Users/plushavey/Desktop/TP_Projects/WebServletV2/tomcat/webapps/ROOT] has finished in [8] ms
18-Nov-2025 11:04:13.544 INFO [main] org.apache.catalina.startup.HostConfig.deployDirectory Установка веб приложения в папку [/Users/plushavey/Desktop/TP_Projects/WebServletV2/tomcat/webapps/host-manager]
18-Nov-2025 11:04:13.553 INFO [main] org.apache.catalina.startup.HostConfig.deployDirectory Deployment of web application directory [/Users/plushavey/Desktop/TP_Projects/WebServletV2/tomcat/webapps/host-manager] has finished in [9] ms
18-Nov-2025 11:04:13.555 INFO [main] org.apache.coyote.AbstractProtocol.start Starting ProtocolHandler ["http-nio-8080"]
18-Nov-2025 11:04:13.559 INFO [main] org.apache.catalina.startup.Catalina.start Server startup in [337] milliseconds
18-Nov-2025 11:09:16.028 INFO [main] org.apache.catalina.core.StandardServer.await A valid shutdown command was received via the shutdown port. Stopping the Server instance.
18-Nov-2025 11:09:16.029 INFO [main] org.apache.coyote.AbstractProtocol.pause Pausing ProtocolHandler ["http-nio-8080"]
18-Nov-2025 11:09:16.033 INFO [main] org.apache.catalina.core.StandardService.stopInternal Stopping service [Catalina]
18-Nov-2025 11:09:16.052 INFO [main] org.apache.coyote.AbstractProtocol.stop Stopping ProtocolHandler ["http-nio-8080"]
18-Nov-2025 11:09:16.059 INFO [main] org.apache.coyote.AbstractProtocol.destroy Destroying ProtocolHandler ["http-nio-8080"]
NOTE: Picked up JDK_JAVA_OPTIONS:  --add-opens=java.base/java.lang=ALL-UNNAMED --add-opens=java.base/java.lang.invoke=ALL-UNNAMED --add-opens=java.base/java.lang.reflect=ALL-UNNAMED --add-opens=java.base/java.io=ALL-UNNAMED --add-opens=java.base/java.util=ALL-UNNAMED --add-opens=java.base/java.util.concurrent=ALL-UNNAMED --add-opens=java.rmi/sun.rmi.transport=ALL-UNNAMED
26-Nov-2025 16:58:42.074 INFO [main] org.apache.catalina.startup.VersionLoggerListener.log Имя версии сервера:    Apache Tomcat/9.0.112
26-Nov-2025 16:58:42.076 INFO [main] org.apache.catalina.startup.VersionLoggerListener.log Сервер собран:         Nov 6 2025 07:46:18 UTC
26-Nov-2025 16:58:42.076 INFO [main] org.apache.catalina.startup.VersionLoggerListener.log Номер версии сервера:  9.0.112.0
26-Nov-2025 16:58:42.076 INFO [main] org.apache.catalina.startup.VersionLoggerListener.log OS Name:               Mac OS X
26-Nov-2025 16:58:42.076 INFO [main] org.apache.catalina.startup.VersionLoggerListener.log Версия ОС:             15.6.1
26-Nov-2025 16:58:42.076 INFO [main] org.apache.catalina.startup.VersionLoggerListener.log Архитектура:           aarch64
26-Nov-2025 16:58:42.076 INFO [main] org.apache.catalina.startup.VersionLoggerListener.log Java Home:             /Users/plushavey/Library/Java/JavaVirtualMachines/corretto-23.0.2/Contents/Home
26-Nov-2025 16:58:42.076 INFO [main] org.apache.catalina.startup.VersionLoggerListener.log Версия JVM:            23.0.2+7-FR
26-Nov-2025 16:58:42.076 INFO [main] org.apache.catalina.startup.VersionLoggerListener.log Производитель JVM:     Amazon.com Inc.
26-Nov-2025 16:58:42.076 INFO [main] org.apache.catalina.startup.VersionLoggerListener.log CATALINA_BASE:         /Users/plushavey/Desktop/TP_Projects/WebServletV3/tomcat
26-Nov-2025 16:58:42.076 INFO [main] org.apache.catalina.startup.VersionLoggerListener.log CATALINA_HOME:         /Users/plushavey/Desktop/TP_Projects/WebServletV3/tomcat
26-Nov-2025 16:58:42.090 INFO [main] org.apache.catalina.startup.VersionLoggerListener.log Command line argument: --add-opens=java.base/java.lang=ALL-UNNAMED
26-Nov-2025 16:58:42.090 INFO [main] org.apache.catalina.startup.VersionLoggerListener.log Command line argument: --add-opens=java.base/java.lang.invoke=ALL-UNNAMED
26-Nov-2025 16:58:42.090 INFO [main] org.apache.catalina.startup.VersionLoggerListener.log Command line argument: --add-opens=java.base/java.lang.reflect=ALL-UNNAMED
26-Nov-2025 16:58:42.090 INFO [main] org.apache.catalina.startup.VersionLoggerListener.log Command line argument: --add-opens=java.base/java.io=ALL-UNNAMED
26-Nov-2025 16:58:42.090 INFO [main] org.apache.catalina.startup.VersionLoggerListener.log Command line argument: --add-opens=java.base/java.util=ALL-UNNAMED
26-Nov-2025 16:58:42.090 INFO [main] org.apache.catalina.startup.VersionLoggerListener.log Command line argument: --add-opens=java.base/java.util.concurrent=ALL-UNNAMED
26-Nov-2025 16:58:42.090 INFO [main] org.apache.catalina.startup.VersionLoggerListener.log Command line argument: --add-opens=java.rmi/sun.rmi.transport=ALL-UNNAMED
26-Nov-2025 16:58:42.090 INFO [main] org.apache.catalina.startup.VersionLoggerListener.log Command line argument: -Djava.util.logging.config.file=/Users/plushavey/Desktop/TP_Projects/WebServletV3/tomcat/conf/logging.properties
26-Nov-2025 16:58:42.090 INFO [main] org.apache.catalina.startup.VersionLoggerListener.log Command line argument: -Djava.util.logging.manager=org.apache.juli.ClassLoaderLogManager
26-Nov-2025 16:58:42.090 INFO [main] org.apache.catalina.startup.VersionLoggerListener.log Command line argument: -Djdk.tls.ephemeralDHKeySize=2048
26-Nov-2025 16:58:42.090 INFO [main] org.apache.catalina.startup.VersionLoggerListener.log Command line argument: -Djava.protocol.handler.pkgs=org.apache.catalina.webresources
26-Nov-2025 16:58:42.090 INFO [main] org.apache.catalina.startup.VersionLoggerListener.log Command line argument: -Dsun.io.useCanonCaches=false
26-Nov-2025 16:58:42.091 INFO [main] org.apache.catalina.startup.VersionLoggerListener.log Command line argument: -Dorg.apache.catalina.security.SecurityListener.UMASK=0027
26-Nov-2025 16:58:42.091 INFO [main] org.apache.catalina.startup.VersionLoggerListener.log Command line argument: -Dignore.endorsed.dirs=
26-Nov-2025 16:58:42.091 INFO [main] org.apache.catalina.startup.VersionLoggerListener.log Command line argument: -Dcatalina.base=/Users/plushavey/Desktop/TP_Projects/WebServletV3/tomcat
26-Nov-2025 16:58:42.091 INFO [main] org.apache.catalina.startup.VersionLoggerListener.log Command line argument: -Dcatalina.home=/Users/plushavey/Desktop/TP_Projects/WebServletV3/tomcat
26-Nov-2025 16:58:42.091 INFO [main] org.apache.catalina.startup.VersionLoggerListener.log Command line argument: -Djava.io.tmpdir=/Users/plushavey/Desktop/TP_Projects/WebServletV3/tomcat/temp
26-Nov-2025 16:58:42.098 INFO [main] org.apache.catalina.core.AprLifecycleListener.lifecycleEvent The Apache Tomcat Native library which allows using OpenSSL was not found on the java.library.path: [/Users/plushavey/Library/Java/Extensions:/Library/Java/Extensions:/Network/Library/Java/Extensions:/System/Library/Java/Extensions:/usr/lib/java:.]
26-Nov-2025 16:58:42.269 INFO [main] org.apache.coyote.AbstractProtocol.init Инициализация ProtocolHandler ["http-nio-8080"]
26-Nov-2025 16:58:42.282 INFO [main] org.apache.catalina.startup.Catalina.load Server initialization in [298] milliseconds
26-Nov-2025 16:58:42.300 INFO [main] org.apache.catalina.core.StandardService.startInternal Starting service [Catalina]
26-Nov-2025 16:58:42.300 INFO [main] org.apache.catalina.core.StandardEngine.startInternal Starting Servlet engine: [Apache Tomcat/9.0.112]
26-Nov-2025 16:58:42.307 INFO [main] org.apache.catalina.startup.HostConfig.deployWAR Deploying web application archive [/Users/plushavey/Desktop/TP_Projects/WebServletV3/tomcat/webapps/WebServletV3.war]
26-Nov-2025 16:58:42.363 SEVERE [main] org.apache.tomcat.util.digester.Digester.fatalError Parse fatal error at line [2] column [6]
	org.xml.sax.SAXParseException; systemId: file:/Users/plushavey/Desktop/TP_Projects/WebServletV3/tomcat/webapps/WebServletV3/WEB-INF/web.xml; lineNumber: 2; columnNumber: 6; The processing instruction target matching "[xX][mM][lL]" is not allowed.
		at java.xml/com.sun.org.apache.xerces.internal.util.ErrorHandlerWrapper.createSAXParseException(ErrorHandlerWrapper.java:204)
		at java.xml/com.sun.org.apache.xerces.internal.util.ErrorHandlerWrapper.fatalError(ErrorHandlerWrapper.java:178)
		at java.xml/com.sun.org.apache.xerces.internal.impl.XMLErrorReporter.reportError(XMLErrorReporter.java:400)
		at java.xml/com.sun.org.apache.xerces.internal.impl.XMLErrorReporter.reportError(XMLErrorReporter.java:327)
		at java.xml/com.sun.org.apache.xerces.internal.impl.XMLScanner.reportFatalError(XMLScanner.java:1465)
		at java.xml/com.sun.org.apache.xerces.internal.impl.XMLScanner.scanPIData(XMLScanner.java:745)
		at java.xml/com.sun.org.apache.xerces.internal.impl.XMLDocumentFragmentScannerImpl.scanPIData(XMLDocumentFragmentScannerImpl.java:1068)
		at java.xml/com.sun.org.apache.xerces.internal.impl.XMLScanner.scanPI(XMLScanner.java:713)
		at java.xml/com.sun.org.apache.xerces.internal.impl.XMLDocumentScannerImpl$PrologDriver.next(XMLDocumentScannerImpl.java:921)
		at java.xml/com.sun.org.apache.xerces.internal.impl.XMLDocumentScannerImpl.next(XMLDocumentScannerImpl.java:635)
		at java.xml/com.sun.org.apache.xerces.internal.impl.XMLDocumentFragmentScannerImpl.scanDocument(XMLDocumentFragmentScannerImpl.java:551)
		at java.xml/com.sun.org.apache.xerces.internal.parsers.XML11Configuration.parse(XML11Configuration.java:890)
		at java.xml/com.sun.org.apache.xerces.internal.parsers.XML11Configuration.parse(XML11Configuration.java:826)
		at java.xml/com.sun.org.apache.xerces.internal.parsers.XMLParser.parse(XMLParser.java:134)
		at java.xml/com.sun.org.apache.xerces.internal.parsers.AbstractSAXParser.parse(AbstractSAXParser.java:1225)
		at java.xml/com.sun.org.apache.xerces.internal.jaxp.SAXParserImpl$JAXPSAXParser.parse(SAXParserImpl.java:643)
		at org.apache.tomcat.util.digester.Digester.parse(Digester.java:1518)
		at org.apache.tomcat.util.descriptor.web.WebXmlParser.parseWebXml(WebXmlParser.java:114)
		at org.apache.catalina.startup.ContextConfig.webConfig(ContextConfig.java:1246)
		at org.apache.catalina.startup.ContextConfig.configureStart(ContextConfig.java:971)
		at org.apache.catalina.startup.ContextConfig.lifecycleEvent(ContextConfig.java:288)
		at org.apache.catalina.util.LifecycleBase.fireLifecycleEvent(LifecycleBase.java:109)
		at org.apache.catalina.core.StandardContext.startInternal(StandardContext.java:4395)
		at org.apache.catalina.util.LifecycleBase.start(LifecycleBase.java:164)
		at org.apache.catalina.core.ContainerBase.addChildInternal(ContainerBase.java:597)
		at org.apache.catalina.core.ContainerBase.addChild(ContainerBase.java:569)
		at org.apache.catalina.core.StandardHost.addChild(StandardHost.java:601)
		at org.apache.catalina.startup.HostConfig.deployWAR(HostConfig.java:1010)
		at org.apache.catalina.startup.HostConfig$DeployWar.run(HostConfig.java:1858)
		at java.base/java.util.concurrent.Executors$RunnableAdapter.call(Executors.java:572)
		at java.base/java.util.concurrent.FutureTask.run(FutureTask.java:317)
		at org.apache.tomcat.util.threads.InlineExecutorService.execute(InlineExecutorService.java:82)
		at java.base/java.util.concurrent.AbstractExecutorService.submit(AbstractExecutorService.java:124)
		at org.apache.catalina.startup.HostConfig.deployWARs(HostConfig.java:814)
		at org.apache.catalina.startup.HostConfig.deployApps(HostConfig.java:465)
		at org.apache.catalina.startup.HostConfig.start(HostConfig.java:1576)
		at org.apache.catalina.startup.HostConfig.lifecycleEvent(HostConfig.java:309)
		at org.apache.catalina.util.LifecycleBase.fireLifecycleEvent(LifecycleBase.java:109)
		at org.apache.catalina.util.LifecycleBase.setStateInternal(LifecycleBase.java:389)
		at org.apache.catalina.util.LifecycleBase.setState(LifecycleBase.java:336)
		at org.apache.catalina.core.ContainerBase.startInternal(ContainerBase.java:774)
		at org.apache.catalina.core.StandardHost.startInternal(StandardHost.java:719)
		at org.apache.catalina.util.LifecycleBase.start(LifecycleBase.java:164)
		at org.apache.catalina.core.ContainerBase$StartChild.call(ContainerBase.java:1201)
		at org.apache.catalina.core.ContainerBase$StartChild.call(ContainerBase.java:1191)
		at java.base/java.util.concurrent.FutureTask.run(FutureTask.java:317)
		at org.apache.tomcat.util.threads.InlineExecutorService.execute(InlineExecutorService.java:82)
		at java.base/java.util.concurrent.AbstractExecutorService.submit(AbstractExecutorService.java:148)
		at org.apache.catalina.core.ContainerBase.startInternal(ContainerBase.java:747)
		at org.apache.catalina.core.StandardEngine.startInternal(StandardEngine.java:209)
		at org.apache.catalina.util.LifecycleBase.start(LifecycleBase.java:164)
		at org.apache.catalina.core.StandardService.startInternal(StandardService.java:410)
		at org.apache.catalina.util.LifecycleBase.start(LifecycleBase.java:164)
		at org.apache.catalina.core.StandardServer.startInternal(StandardServer.java:872)
		at org.apache.catalina.util.LifecycleBase.start(LifecycleBase.java:164)
		at org.apache.catalina.startup.Catalina.start(Catalina.java:736)
		at java.base/jdk.internal.reflect.DirectMethodHandleAccessor.invoke(DirectMethodHandleAccessor.java:103)
		at java.base/java.lang.reflect.Method.invoke(Method.java:580)
		at org.apache.catalina.startup.Bootstrap.start(Bootstrap.java:342)
		at org.apache.catalina.startup.Bootstrap.main(Bootstrap.java:473)
26-Nov-2025 16:58:42.364 SEVERE [main] org.apache.tomcat.util.descriptor.web.WebXmlParser.parseWebXml Parse error in application web.xml file at [file:/Users/plushavey/Desktop/TP_Projects/WebServletV3/tomcat/webapps/WebServletV3/WEB-INF/web.xml]
	org.xml.sax.SAXParseException; systemId: file:/Users/plushavey/Desktop/TP_Projects/WebServletV3/tomcat/webapps/WebServletV3/WEB-INF/web.xml; lineNumber: 2; columnNumber: 6; The processing instruction target matching "[xX][mM][lL]" is not allowed.
		at java.xml/com.sun.org.apache.xerces.internal.util.ErrorHandlerWrapper.createSAXParseException(ErrorHandlerWrapper.java:204)
		at java.xml/com.sun.org.apache.xerces.internal.util.ErrorHandlerWrapper.fatalError(ErrorHandlerWrapper.java:178)
		at java.xml/com.sun.org.apache.xerces.internal.impl.XMLErrorReporter.reportError(XMLErrorReporter.java:400)
		at java.xml/com.sun.org.apache.xerces.internal.impl.XMLErrorReporter.reportError(XMLErrorReporter.java:327)
		at java.xml/com.sun.org.apache.xerces.internal.impl.XMLScanner.reportFatalError(XMLScanner.java:1465)
		at java.xml/com.sun.org.apache.xerces.internal.impl.XMLScanner.scanPIData(XMLScanner.java:745)
		at java.xml/com.sun.org.apache.xerces.internal.impl.XMLDocumentFragmentScannerImpl.scanPIData(XMLDocumentFragmentScannerImpl.java:1068)
		at java.xml/com.sun.org.apache.xerces.internal.impl.XMLScanner.scanPI(XMLScanner.java:713)
		at java.xml/com.sun.org.apache.xerces.internal.impl.XMLDocumentScannerImpl$PrologDriver.next(XMLDocumentScannerImpl.java:921)
		at java.xml/com.sun.org.apache.xerces.internal.impl.XMLDocumentScannerImpl.next(XMLDocumentScannerImpl.java:635)
		at java.xml/com.sun.org.apache.xerces.internal.impl.XMLDocumentFragmentScannerImpl.scanDocument(XMLDocumentFragmentScannerImpl.java:551)
		at java.xml/com.sun.org.apache.xerces.internal.parsers.XML11Configuration.parse(XML11Configuration.java:890)
		at java.xml/com.sun.org.apache.xerces.internal.parsers.XML11Configuration.parse(XML11Configuration.java:826)
		at java.xml/com.sun.org.apache.xerces.internal.parsers.XMLParser.parse(XMLParser.java:134)
		at java.xml/com.sun.org.apache.xerces.internal.parsers.AbstractSAXParser.parse(AbstractSAXParser.java:1225)
		at java.xml/com.sun.org.apache.xerces.internal.jaxp.SAXParserImpl$JAXPSAXParser.parse(SAXParserImpl.java:643)
		at org.apache.tomcat.util.digester.Digester.parse(Digester.java:1518)
		at org.apache.tomcat.util.descriptor.web.WebXmlParser.parseWebXml(WebXmlParser.java:114)
		at org.apache.catalina.startup.ContextConfig.webConfig(ContextConfig.java:1246)
		at org.apache.catalina.startup.ContextConfig.configureStart(ContextConfig.java:971)
		at org.apache.catalina.startup.ContextConfig.lifecycleEvent(ContextConfig.java:288)
		at org.apache.catalina.util.LifecycleBase.fireLifecycleEvent(LifecycleBase.java:109)
		at org.apache.catalina.core.StandardContext.startInternal(StandardContext.java:4395)
		at org.apache.catalina.util.LifecycleBase.start(LifecycleBase.java:164)
		at org.apache.catalina.core.ContainerBase.addChildInternal(ContainerBase.java:597)
		at org.apache.catalina.core.ContainerBase.addChild(ContainerBase.java:569)
		at org.apache.catalina.core.StandardHost.addChild(StandardHost.java:601)
		at org.apache.catalina.startup.HostConfig.deployWAR(HostConfig.java:1010)
		at org.apache.catalina.startup.HostConfig$DeployWar.run(HostConfig.java:1858)
		at java.base/java.util.concurrent.Executors$RunnableAdapter.call(Executors.java:572)
		at java.base/java.util.concurrent.FutureTask.run(FutureTask.java:317)
		at org.apache.tomcat.util.threads.InlineExecutorService.execute(InlineExecutorService.java:82)
		at java.base/java.util.concurrent.AbstractExecutorService.submit(AbstractExecutorService.java:124)
		at org.apache.catalina.startup.HostConfig.deployWARs(HostConfig.java:814)
		at org.apache.catalina.startup.HostConfig.deployApps(HostConfig.java:465)
		at org.apache.catalina.startup.HostConfig.start(HostConfig.java:1576)
		at org.apache.catalina.startup.HostConfig.lifecycleEvent(HostConfig.java:309)
		at org.apache.catalina.util.LifecycleBase.fireLifecycleEvent(LifecycleBase.java:109)
		at org.apache.catalina.util.LifecycleBase.setStateInternal(LifecycleBase.java:389)
		at org.apache.catalina.util.LifecycleBase.setState(LifecycleBase.java:336)
		at org.apache.catalina.core.ContainerBase.startInternal(ContainerBase.java:774)
		at org.apache.catalina.core.StandardHost.startInternal(StandardHost.java:719)
		at org.apache.catalina.util.LifecycleBase.start(LifecycleBase.java:164)
		at org.apache.catalina.core.ContainerBase$StartChild.call(ContainerBase.java:1201)
		at org.apache.catalina.core.ContainerBase$StartChild.call(ContainerBase.java:1191)
		at java.base/java.util.concurrent.FutureTask.run(FutureTask.java:317)
		at org.apache.tomcat.util.threads.InlineExecutorService.execute(InlineExecutorService.java:82)
		at java.base/java.util.concurrent.AbstractExecutorService.submit(AbstractExecutorService.java:148)
		at org.apache.catalina.core.ContainerBase.startInternal(ContainerBase.java:747)
		at org.apache.catalina.core.StandardEngine.startInternal(StandardEngine.java:209)
		at org.apache.catalina.util.LifecycleBase.start(LifecycleBase.java:164)
		at org.apache.catalina.core.StandardService.startInternal(StandardService.java:410)
		at org.apache.catalina.util.LifecycleBase.start(LifecycleBase.java:164)
		at org.apache.catalina.core.StandardServer.startInternal(StandardServer.java:872)
		at org.apache.catalina.util.LifecycleBase.start(LifecycleBase.java:164)
		at org.apache.catalina.startup.Catalina.start(Catalina.java:736)
		at java.base/jdk.internal.reflect.DirectMethodHandleAccessor.invoke(DirectMethodHandleAccessor.java:103)
		at java.base/java.lang.reflect.Method.invoke(Method.java:580)
		at org.apache.catalina.startup.Bootstrap.start(Bootstrap.java:342)
		at org.apache.catalina.startup.Bootstrap.main(Bootstrap.java:473)
26-Nov-2025 16:58:42.365 SEVERE [main] org.apache.tomcat.util.descriptor.web.WebXmlParser.parseWebXml Occurred at line [2] column [6]
26-Nov-2025 16:58:42.370 SEVERE [main] org.apache.catalina.startup.ContextConfig.configureStart Marking this application unavailable due to previous error(s)
26-Nov-2025 16:58:42.402 SEVERE [main] org.apache.catalina.core.StandardContext.startInternal One or more components marked the context as not correctly configured
26-Nov-2025 16:58:42.409 SEVERE [main] org.apache.catalina.core.StandardContext.startInternal Context [/WebServletV3] startup failed due to previous errors
26-Nov-2025 16:58:42.414 INFO [main] org.apache.catalina.startup.HostConfig.deployWAR Deployment of web application archive [/Users/plushavey/Desktop/TP_Projects/WebServletV3/tomcat/webapps/WebServletV3.war] has finished in [107] ms
26-Nov-2025 16:58:42.415 INFO [main] org.apache.catalina.startup.HostConfig.deployDirectory Установка веб приложения в папку [/Users/plushavey/Desktop/TP_Projects/WebServletV3/tomcat/webapps/docs]
26-Nov-2025 16:58:42.462 INFO [main] org.apache.catalina.startup.HostConfig.deployDirectory Deployment of web application directory [/Users/plushavey/Desktop/TP_Projects/WebServletV3/tomcat/webapps/docs] has finished in [47] ms
26-Nov-2025 16:58:42.463 INFO [main] org.apache.catalina.startup.HostConfig.deployDirectory Установка веб приложения в папку [/Users/plushavey/Desktop/TP_Projects/WebServletV3/tomcat/webapps/manager]
26-Nov-2025 16:58:42.480 INFO [main] org.apache.catalina.startup.HostConfig.deployDirectory Deployment of web application directory [/Users/plushavey/Desktop/TP_Projects/WebServletV3/tomcat/webapps/manager] has finished in [17] ms
26-Nov-2025 16:58:42.480 INFO [main] org.apache.catalina.startup.HostConfig.deployDirectory Установка веб приложения в папку [/Users/plushavey/Desktop/TP_Projects/WebServletV3/tomcat/webapps/examples]
26-Nov-2025 16:58:42.588 INFO [main] org.apache.catalina.startup.HostConfig.deployDirectory Deployment of web application directory [/Users/plushavey/Desktop/TP_Projects/WebServletV3/tomcat/webapps/examples] has finished in [108] ms
26-Nov-2025 16:58:42.588 INFO [main] org.apache.catalina.startup.HostConfig.deployDirectory Установка веб приложения в папку [/Users/plushavey/Desktop/TP_Projects/WebServletV3/tomcat/webapps/ROOT]
26-Nov-2025 16:58:42.595 INFO [main] org.apache.catalina.startup.HostConfig.deployDirectory Deployment of web application directory [/Users/plushavey/Desktop/TP_Projects/WebServletV3/tomcat/webapps/ROOT] has finished in [7] ms
26-Nov-2025 16:58:42.595 INFO [main] org.apache.catalina.startup.HostConfig.deployDirectory Установка веб приложения в папку [/Users/plushavey/Desktop/TP_Projects/WebServletV3/tomcat/webapps/host-manager]
26-Nov-2025 16:58:42.605 INFO [main] org.apache.catalina.startup.HostConfig.deployDirectory Deployment of web application directory [/Users/plushavey/Desktop/TP_Projects/WebServletV3/tomcat/webapps/host-manager] has finished in [10] ms
26-Nov-2025 16:58:42.607 INFO [main] org.apache.coyote.AbstractProtocol.start Starting ProtocolHandler ["http-nio-8080"]
26-Nov-2025 16:58:42.611 INFO [main] org.apache.catalina.startup.Catalina.start Server startup in [329] milliseconds
26-Nov-2025 17:04:23.940 INFO [main] org.apache.catalina.core.StandardServer.await A valid shutdown command was received via the shutdown port. Stopping the Server instance.
26-Nov-2025 17:04:23.941 INFO [main] org.apache.coyote.AbstractProtocol.pause Pausing ProtocolHandler ["http-nio-8080"]
26-Nov-2025 17:04:23.944 INFO [main] org.apache.catalina.core.StandardService.stopInternal Stopping service [Catalina]
26-Nov-2025 17:04:23.953 INFO [main] org.apache.coyote.AbstractProtocol.stop Stopping ProtocolHandler ["http-nio-8080"]
26-Nov-2025 17:04:23.955 INFO [main] org.apache.coyote.AbstractProtocol.destroy Destroying ProtocolHandler ["http-nio-8080"]
NOTE: Picked up JDK_JAVA_OPTIONS:  --add-opens=java.base/java.lang=ALL-UNNAMED --add-opens=java.base/java.lang.invoke=ALL-UNNAMED --add-opens=java.base/java.lang.reflect=ALL-UNNAMED --add-opens=java.base/java.io=ALL-UNNAMED --add-opens=java.base/java.util=ALL-UNNAMED --add-opens=java.base/java.util.concurrent=ALL-UNNAMED --add-opens=java.rmi/sun.rmi.transport=ALL-UNNAMED
26-Nov-2025 17:04:26.206 INFO [main] org.apache.catalina.startup.VersionLoggerListener.log Имя версии сервера:    Apache Tomcat/9.0.112
26-Nov-2025 17:04:26.207 INFO [main] org.apache.catalina.startup.VersionLoggerListener.log Сервер собран:         Nov 6 2025 07:46:18 UTC
26-Nov-2025 17:04:26.207 INFO [main] org.apache.catalina.startup.VersionLoggerListener.log Номер версии сервера:  9.0.112.0
26-Nov-2025 17:04:26.208 INFO [main] org.apache.catalina.startup.VersionLoggerListener.log OS Name:               Mac OS X
26-Nov-2025 17:04:26.208 INFO [main] org.apache.catalina.startup.VersionLoggerListener.log Версия ОС:             15.6.1
26-Nov-2025 17:04:26.208 INFO [main] org.apache.catalina.startup.VersionLoggerListener.log Архитектура:           aarch64
26-Nov-2025 17:04:26.208 INFO [main] org.apache.catalina.startup.VersionLoggerListener.log Java Home:             /Users/plushavey/Library/Java/JavaVirtualMachines/corretto-23.0.2/Contents/Home
26-Nov-2025 17:04:26.208 INFO [main] org.apache.catalina.startup.VersionLoggerListener.log Версия JVM:            23.0.2+7-FR
26-Nov-2025 17:04:26.208 INFO [main] org.apache.catalina.startup.VersionLoggerListener.log Производитель JVM:     Amazon.com Inc.
26-Nov-2025 17:04:26.208 INFO [main] org.apache.catalina.startup.VersionLoggerListener.log CATALINA_BASE:         /Users/plushavey/Desktop/TP_Projects/WebServletV3/tomcat
26-Nov-2025 17:04:26.208 INFO [main] org.apache.catalina.startup.VersionLoggerListener.log CATALINA_HOME:         /Users/plushavey/Desktop/TP_Projects/WebServletV3/tomcat
26-Nov-2025 17:04:26.212 INFO [main] org.apache.catalina.startup.VersionLoggerListener.log Command line argument: --add-opens=java.base/java.lang=ALL-UNNAMED
26-Nov-2025 17:04:26.212 INFO [main] org.apache.catalina.startup.VersionLoggerListener.log Command line argument: --add-opens=java.base/java.lang.invoke=ALL-UNNAMED
26-Nov-2025 17:04:26.212 INFO [main] org.apache.catalina.startup.VersionLoggerListener.log Command line argument: --add-opens=java.base/java.lang.reflect=ALL-UNNAMED
26-Nov-2025 17:04:26.212 INFO [main] org.apache.catalina.startup.VersionLoggerListener.log Command line argument: --add-opens=java.base/java.io=ALL-UNNAMED
26-Nov-2025 17:04:26.212 INFO [main] org.apache.catalina.startup.VersionLoggerListener.log Command line argument: --add-opens=java.base/java.util=ALL-UNNAMED
26-Nov-2025 17:04:26.212 INFO [main] org.apache.catalina.startup.VersionLoggerListener.log Command line argument: --add-opens=java.base/java.util.concurrent=ALL-UNNAMED
26-Nov-2025 17:04:26.213 INFO [main] org.apache.catalina.startup.VersionLoggerListener.log Command line argument: --add-opens=java.rmi/sun.rmi.transport=ALL-UNNAMED
26-Nov-2025 17:04:26.213 INFO [main] org.apache.catalina.startup.VersionLoggerListener.log Command line argument: -Djava.util.logging.config.file=/Users/plushavey/Desktop/TP_Projects/WebServletV3/tomcat/conf/logging.properties
26-Nov-2025 17:04:26.213 INFO [main] org.apache.catalina.startup.VersionLoggerListener.log Command line argument: -Djava.util.logging.manager=org.apache.juli.ClassLoaderLogManager
26-Nov-2025 17:04:26.213 INFO [main] org.apache.catalina.startup.VersionLoggerListener.log Command line argument: -Djdk.tls.ephemeralDHKeySize=2048
26-Nov-2025 17:04:26.213 INFO [main] org.apache.catalina.startup.VersionLoggerListener.log Command line argument: -Djava.protocol.handler.pkgs=org.apache.catalina.webresources
26-Nov-2025 17:04:26.213 INFO [main] org.apache.catalina.startup.VersionLoggerListener.log Command line argument: -Dsun.io.useCanonCaches=false
26-Nov-2025 17:04:26.213 INFO [main] org.apache.catalina.startup.VersionLoggerListener.log Command line argument: -Dorg.apache.catalina.security.SecurityListener.UMASK=0027
26-Nov-2025 17:04:26.213 INFO [main] org.apache.catalina.startup.VersionLoggerListener.log Command line argument: -Dignore.endorsed.dirs=
26-Nov-2025 17:04:26.213 INFO [main] org.apache.catalina.startup.VersionLoggerListener.log Command line argument: -Dcatalina.base=/Users/plushavey/Desktop/TP_Projects/WebServletV3/tomcat
26-Nov-2025 17:04:26.213 INFO [main] org.apache.catalina.startup.VersionLoggerListener.log Command line argument: -Dcatalina.home=/Users/plushavey/Desktop/TP_Projects/WebServletV3/tomcat
26-Nov-2025 17:04:26.213 INFO [main] org.apache.catalina.startup.VersionLoggerListener.log Command line argument: -Djava.io.tmpdir=/Users/plushavey/Desktop/TP_Projects/WebServletV3/tomcat/temp
26-Nov-2025 17:04:26.219 INFO [main] org.apache.catalina.core.AprLifecycleListener.lifecycleEvent The Apache Tomcat Native library which allows using OpenSSL was not found on the java.library.path: [/Users/plushavey/Library/Java/Extensions:/Library/Java/Extensions:/Network/Library/Java/Extensions:/System/Library/Java/Extensions:/usr/lib/java:.]
26-Nov-2025 17:04:26.368 INFO [main] org.apache.coyote.AbstractProtocol.init Инициализация ProtocolHandler ["http-nio-8080"]
26-Nov-2025 17:04:26.380 INFO [main] org.apache.catalina.startup.Catalina.load Server initialization in [258] milliseconds
26-Nov-2025 17:04:26.395 INFO [main] org.apache.catalina.core.StandardService.startInternal Starting service [Catalina]
26-Nov-2025 17:04:26.396 INFO [main] org.apache.catalina.core.StandardEngine.startInternal Starting Servlet engine: [Apache Tomcat/9.0.112]
26-Nov-2025 17:04:26.402 INFO [main] org.apache.catalina.startup.HostConfig.deployWAR Deploying web application archive [/Users/plushavey/Desktop/TP_Projects/WebServletV3/tomcat/webapps/WebServletV3.war]
26-Nov-2025 17:04:26.409 INFO [main] org.apache.catalina.startup.ExpandWar.expand An expanded directory [/Users/plushavey/Desktop/TP_Projects/WebServletV3/tomcat/webapps/WebServletV3] was found with a last modified time that did not match the associated WAR. It will be deleted.
26-Nov-2025 17:04:26.537 INFO [main] org.apache.catalina.startup.HostConfig.deployWAR Deployment of web application archive [/Users/plushavey/Desktop/TP_Projects/WebServletV3/tomcat/webapps/WebServletV3.war] has finished in [134] ms
26-Nov-2025 17:04:26.537 INFO [main] org.apache.catalina.startup.HostConfig.deployDirectory Установка веб приложения в папку [/Users/plushavey/Desktop/TP_Projects/WebServletV3/tomcat/webapps/docs]
26-Nov-2025 17:04:26.549 INFO [main] org.apache.catalina.startup.HostConfig.deployDirectory Deployment of web application directory [/Users/plushavey/Desktop/TP_Projects/WebServletV3/tomcat/webapps/docs] has finished in [12] ms
26-Nov-2025 17:04:26.550 INFO [main] org.apache.catalina.startup.HostConfig.deployDirectory Установка веб приложения в папку [/Users/plushavey/Desktop/TP_Projects/WebServletV3/tomcat/webapps/manager]
26-Nov-2025 17:04:26.566 INFO [main] org.apache.catalina.startup.HostConfig.deployDirectory Deployment of web application directory [/Users/plushavey/Desktop/TP_Projects/WebServletV3/tomcat/webapps/manager] has finished in [16] ms
26-Nov-2025 17:04:26.566 INFO [main] org.apache.catalina.startup.HostConfig.deployDirectory Установка веб приложения в папку [/Users/plushavey/Desktop/TP_Projects/WebServletV3/tomcat/webapps/examples]
26-Nov-2025 17:04:26.671 INFO [main] org.apache.catalina.startup.HostConfig.deployDirectory Deployment of web application directory [/Users/plushavey/Desktop/TP_Projects/WebServletV3/tomcat/webapps/examples] has finished in [105] ms
26-Nov-2025 17:04:26.671 INFO [main] org.apache.catalina.startup.HostConfig.deployDirectory Установка веб приложения в папку [/Users/plushavey/Desktop/TP_Projects/WebServletV3/tomcat/webapps/ROOT]
26-Nov-2025 17:04:26.678 INFO [main] org.apache.catalina.startup.HostConfig.deployDirectory Deployment of web application directory [/Users/plushavey/Desktop/TP_Projects/WebServletV3/tomcat/webapps/ROOT] has finished in [7] ms
26-Nov-2025 17:04:26.678 INFO [main] org.apache.catalina.startup.HostConfig.deployDirectory Установка веб приложения в папку [/Users/plushavey/Desktop/TP_Projects/WebServletV3/tomcat/webapps/host-manager]
26-Nov-2025 17:04:26.687 INFO [main] org.apache.catalina.startup.HostConfig.deployDirectory Deployment of web application directory [/Users/plushavey/Desktop/TP_Projects/WebServletV3/tomcat/webapps/host-manager] has finished in [9] ms
26-Nov-2025 17:04:26.689 INFO [main] org.apache.coyote.AbstractProtocol.start Starting ProtocolHandler ["http-nio-8080"]
26-Nov-2025 17:04:26.693 INFO [main] org.apache.catalina.startup.Catalina.start Server startup in [312] milliseconds
26-Nov-2025 17:08:27.143 INFO [main] org.apache.catalina.core.StandardServer.await A valid shutdown command was received via the shutdown port. Stopping the Server instance.
26-Nov-2025 17:08:27.144 INFO [main] org.apache.coyote.AbstractProtocol.pause Pausing ProtocolHandler ["http-nio-8080"]
26-Nov-2025 17:08:27.147 INFO [main] org.apache.catalina.core.StandardService.stopInternal Stopping service [Catalina]
26-Nov-2025 17:08:27.160 INFO [main] org.apache.coyote.AbstractProtocol.stop Stopping ProtocolHandler ["http-nio-8080"]
26-Nov-2025 17:08:27.171 INFO [main] org.apache.coyote.AbstractProtocol.destroy Destroying ProtocolHandler ["http-nio-8080"]
NOTE: Picked up JDK_JAVA_OPTIONS:  --add-opens=java.base/java.lang=ALL-UNNAMED --add-opens=java.base/java.lang.invoke=ALL-UNNAMED --add-opens=java.base/java.lang.reflect=ALL-UNNAMED --add-opens=java.base/java.io=ALL-UNNAMED --add-opens=java.base/java.util=ALL-UNNAMED --add-opens=java.base/java.util.concurrent=ALL-UNNAMED --add-opens=java.rmi/sun.rmi.transport=ALL-UNNAMED
26-Nov-2025 17:08:29.407 INFO [main] org.apache.catalina.startup.VersionLoggerListener.log Имя версии сервера:    Apache Tomcat/9.0.112
26-Nov-2025 17:08:29.409 INFO [main] org.apache.catalina.startup.VersionLoggerListener.log Сервер собран:         Nov 6 2025 07:46:18 UTC
26-Nov-2025 17:08:29.409 INFO [main] org.apache.catalina.startup.VersionLoggerListener.log Номер версии сервера:  9.0.112.0
26-Nov-2025 17:08:29.409 INFO [main] org.apache.catalina.startup.VersionLoggerListener.log OS Name:               Mac OS X
26-Nov-2025 17:08:29.409 INFO [main] org.apache.catalina.startup.VersionLoggerListener.log Версия ОС:             15.6.1
26-Nov-2025 17:08:29.409 INFO [main] org.apache.catalina.startup.VersionLoggerListener.log Архитектура:           aarch64
26-Nov-2025 17:08:29.409 INFO [main] org.apache.catalina.startup.VersionLoggerListener.log Java Home:             /Users/plushavey/Library/Java/JavaVirtualMachines/corretto-23.0.2/Contents/Home
26-Nov-2025 17:08:29.409 INFO [main] org.apache.catalina.startup.VersionLoggerListener.log Версия JVM:            23.0.2+7-FR
26-Nov-2025 17:08:29.409 INFO [main] org.apache.catalina.startup.VersionLoggerListener.log Производитель JVM:     Amazon.com Inc.
26-Nov-2025 17:08:29.409 INFO [main] org.apache.catalina.startup.VersionLoggerListener.log CATALINA_BASE:         /Users/plushavey/Desktop/TP_Projects/WebServletV3/tomcat
26-Nov-2025 17:08:29.409 INFO [main] org.apache.catalina.startup.VersionLoggerListener.log CATALINA_HOME:         /Users/plushavey/Desktop/TP_Projects/WebServletV3/tomcat
26-Nov-2025 17:08:29.413 INFO [main] org.apache.catalina.startup.VersionLoggerListener.log Command line argument: --add-opens=java.base/java.lang=ALL-UNNAMED
26-Nov-2025 17:08:29.413 INFO [main] org.apache.catalina.startup.VersionLoggerListener.log Command line argument: --add-opens=java.base/java.lang.invoke=ALL-UNNAMED
26-Nov-2025 17:08:29.414 INFO [main] org.apache.catalina.startup.VersionLoggerListener.log Command line argument: --add-opens=java.base/java.lang.reflect=ALL-UNNAMED
26-Nov-2025 17:08:29.414 INFO [main] org.apache.catalina.startup.VersionLoggerListener.log Command line argument: --add-opens=java.base/java.io=ALL-UNNAMED
26-Nov-2025 17:08:29.414 INFO [main] org.apache.catalina.startup.VersionLoggerListener.log Command line argument: --add-opens=java.base/java.util=ALL-UNNAMED
26-Nov-2025 17:08:29.414 INFO [main] org.apache.catalina.startup.VersionLoggerListener.log Command line argument: --add-opens=java.base/java.util.concurrent=ALL-UNNAMED
26-Nov-2025 17:08:29.414 INFO [main] org.apache.catalina.startup.VersionLoggerListener.log Command line argument: --add-opens=java.rmi/sun.rmi.transport=ALL-UNNAMED
26-Nov-2025 17:08:29.414 INFO [main] org.apache.catalina.startup.VersionLoggerListener.log Command line argument: -Djava.util.logging.config.file=/Users/plushavey/Desktop/TP_Projects/WebServletV3/tomcat/conf/logging.properties
26-Nov-2025 17:08:29.414 INFO [main] org.apache.catalina.startup.VersionLoggerListener.log Command line argument: -Djava.util.logging.manager=org.apache.juli.ClassLoaderLogManager
26-Nov-2025 17:08:29.414 INFO [main] org.apache.catalina.startup.VersionLoggerListener.log Command line argument: -Djdk.tls.ephemeralDHKeySize=2048
26-Nov-2025 17:08:29.414 INFO [main] org.apache.catalina.startup.VersionLoggerListener.log Command line argument: -Djava.protocol.handler.pkgs=org.apache.catalina.webresources
26-Nov-2025 17:08:29.414 INFO [main] org.apache.catalina.startup.VersionLoggerListener.log Command line argument: -Dsun.io.useCanonCaches=false
26-Nov-2025 17:08:29.414 INFO [main] org.apache.catalina.startup.VersionLoggerListener.log Command line argument: -Dorg.apache.catalina.security.SecurityListener.UMASK=0027
26-Nov-2025 17:08:29.414 INFO [main] org.apache.catalina.startup.VersionLoggerListener.log Command line argument: -Dignore.endorsed.dirs=
26-Nov-2025 17:08:29.414 INFO [main] org.apache.catalina.startup.VersionLoggerListener.log Command line argument: -Dcatalina.base=/Users/plushavey/Desktop/TP_Projects/WebServletV3/tomcat
26-Nov-2025 17:08:29.414 INFO [main] org.apache.catalina.startup.VersionLoggerListener.log Command line argument: -Dcatalina.home=/Users/plushavey/Desktop/TP_Projects/WebServletV3/tomcat
26-Nov-2025 17:08:29.414 INFO [main] org.apache.catalina.startup.VersionLoggerListener.log Command line argument: -Djava.io.tmpdir=/Users/plushavey/Desktop/TP_Projects/WebServletV3/tomcat/temp
26-Nov-2025 17:08:29.420 INFO [main] org.apache.catalina.core.AprLifecycleListener.lifecycleEvent The Apache Tomcat Native library which allows using OpenSSL was not found on the java.library.path: [/Users/plushavey/Library/Java/Extensions:/Library/Java/Extensions:/Network/Library/Java/Extensions:/System/Library/Java/Extensions:/usr/lib/java:.]
26-Nov-2025 17:08:29.570 INFO [main] org.apache.coyote.AbstractProtocol.init Инициализация ProtocolHandler ["http-nio-8080"]
26-Nov-2025 17:08:29.581 INFO [main] org.apache.catalina.startup.Catalina.load Server initialization in [258] milliseconds
26-Nov-2025 17:08:29.596 INFO [main] org.apache.catalina.core.StandardService.startInternal Starting service [Catalina]
26-Nov-2025 17:08:29.596 INFO [main] org.apache.catalina.core.StandardEngine.startInternal Starting Servlet engine: [Apache Tomcat/9.0.112]
26-Nov-2025 17:08:29.602 INFO [main] org.apache.catalina.startup.HostConfig.deployWAR Deploying web application archive [/Users/plushavey/Desktop/TP_Projects/WebServletV3/tomcat/webapps/WebServletV3.war]
26-Nov-2025 17:08:29.609 INFO [main] org.apache.catalina.startup.ExpandWar.expand An expanded directory [/Users/plushavey/Desktop/TP_Projects/WebServletV3/tomcat/webapps/WebServletV3] was found with a last modified time that did not match the associated WAR. It will be deleted.
26-Nov-2025 17:08:29.735 INFO [main] org.apache.catalina.startup.HostConfig.deployWAR Deployment of web application archive [/Users/plushavey/Desktop/TP_Projects/WebServletV3/tomcat/webapps/WebServletV3.war] has finished in [132] ms
26-Nov-2025 17:08:29.735 INFO [main] org.apache.catalina.startup.HostConfig.deployDirectory Установка веб приложения в папку [/Users/plushavey/Desktop/TP_Projects/WebServletV3/tomcat/webapps/docs]
26-Nov-2025 17:08:29.748 INFO [main] org.apache.catalina.startup.HostConfig.deployDirectory Deployment of web application directory [/Users/plushavey/Desktop/TP_Projects/WebServletV3/tomcat/webapps/docs] has finished in [13] ms
26-Nov-2025 17:08:29.748 INFO [main] org.apache.catalina.startup.HostConfig.deployDirectory Установка веб приложения в папку [/Users/plushavey/Desktop/TP_Projects/WebServletV3/tomcat/webapps/manager]
26-Nov-2025 17:08:29.764 INFO [main] org.apache.catalina.startup.HostConfig.deployDirectory Deployment of web application directory [/Users/plushavey/Desktop/TP_Projects/WebServletV3/tomcat/webapps/manager] has finished in [16] ms
26-Nov-2025 17:08:29.764 INFO [main] org.apache.catalina.startup.HostConfig.deployDirectory Установка веб приложения в папку [/Users/plushavey/Desktop/TP_Projects/WebServletV3/tomcat/webapps/examples]
26-Nov-2025 17:08:29.866 INFO [main] org.apache.catalina.startup.HostConfig.deployDirectory Deployment of web application directory [/Users/plushavey/Desktop/TP_Projects/WebServletV3/tomcat/webapps/examples] has finished in [102] ms
26-Nov-2025 17:08:29.866 INFO [main] org.apache.catalina.startup.HostConfig.deployDirectory Установка веб приложения в папку [/Users/plushavey/Desktop/TP_Projects/WebServletV3/tomcat/webapps/ROOT]
26-Nov-2025 17:08:29.873 INFO [main] org.apache.catalina.startup.HostConfig.deployDirectory Deployment of web application directory [/Users/plushavey/Desktop/TP_Projects/WebServletV3/tomcat/webapps/ROOT] has finished in [7] ms
26-Nov-2025 17:08:29.873 INFO [main] org.apache.catalina.startup.HostConfig.deployDirectory Установка веб приложения в папку [/Users/plushavey/Desktop/TP_Projects/WebServletV3/tomcat/webapps/host-manager]
26-Nov-2025 17:08:29.882 INFO [main] org.apache.catalina.startup.HostConfig.deployDirectory Deployment of web application directory [/Users/plushavey/Desktop/TP_Projects/WebServletV3/tomcat/webapps/host-manager] has finished in [9] ms
26-Nov-2025 17:08:29.884 INFO [main] org.apache.coyote.AbstractProtocol.start Starting ProtocolHandler ["http-nio-8080"]
26-Nov-2025 17:08:29.888 INFO [main] org.apache.catalina.startup.Catalina.start Server startup in [306] milliseconds
26-Nov-2025 17:12:43.212 INFO [main] org.apache.catalina.core.StandardServer.await A valid shutdown command was received via the shutdown port. Stopping the Server instance.
26-Nov-2025 17:12:43.213 INFO [main] org.apache.coyote.AbstractProtocol.pause Pausing ProtocolHandler ["http-nio-8080"]
26-Nov-2025 17:12:43.216 INFO [main] org.apache.catalina.core.StandardService.stopInternal Stopping service [Catalina]
26-Nov-2025 17:12:43.229 INFO [main] org.apache.coyote.AbstractProtocol.stop Stopping ProtocolHandler ["http-nio-8080"]
26-Nov-2025 17:12:43.239 INFO [main] org.apache.coyote.AbstractProtocol.destroy Destroying ProtocolHandler ["http-nio-8080"]
NOTE: Picked up JDK_JAVA_OPTIONS:  --add-opens=java.base/java.lang=ALL-UNNAMED --add-opens=java.base/java.lang.invoke=ALL-UNNAMED --add-opens=java.base/java.lang.reflect=ALL-UNNAMED --add-opens=java.base/java.io=ALL-UNNAMED --add-opens=java.base/java.util=ALL-UNNAMED --add-opens=java.base/java.util.concurrent=ALL-UNNAMED --add-opens=java.rmi/sun.rmi.transport=ALL-UNNAMED
26-Nov-2025 17:12:45.474 INFO [main] org.apache.catalina.startup.VersionLoggerListener.log Имя версии сервера:    Apache Tomcat/9.0.112
26-Nov-2025 17:12:45.476 INFO [main] org.apache.catalina.startup.VersionLoggerListener.log Сервер собран:         Nov 6 2025 07:46:18 UTC
26-Nov-2025 17:12:45.476 INFO [main] org.apache.catalina.startup.VersionLoggerListener.log Номер версии сервера:  9.0.112.0
26-Nov-2025 17:12:45.476 INFO [main] org.apache.catalina.startup.VersionLoggerListener.log OS Name:               Mac OS X
26-Nov-2025 17:12:45.476 INFO [main] org.apache.catalina.startup.VersionLoggerListener.log Версия ОС:             15.6.1
26-Nov-2025 17:12:45.476 INFO [main] org.apache.catalina.startup.VersionLoggerListener.log Архитектура:           aarch64
26-Nov-2025 17:12:45.476 INFO [main] org.apache.catalina.startup.VersionLoggerListener.log Java Home:             /Users/plushavey/Library/Java/JavaVirtualMachines/corretto-23.0.2/Contents/Home
26-Nov-2025 17:12:45.476 INFO [main] org.apache.catalina.startup.VersionLoggerListener.log Версия JVM:            23.0.2+7-FR
26-Nov-2025 17:12:45.476 INFO [main] org.apache.catalina.startup.VersionLoggerListener.log Производитель JVM:     Amazon.com Inc.
26-Nov-2025 17:12:45.476 INFO [main] org.apache.catalina.startup.VersionLoggerListener.log CATALINA_BASE:         /Users/plushavey/Desktop/TP_Projects/WebServletV3/tomcat
26-Nov-2025 17:12:45.476 INFO [main] org.apache.catalina.startup.VersionLoggerListener.log CATALINA_HOME:         /Users/plushavey/Desktop/TP_Projects/WebServletV3/tomcat
26-Nov-2025 17:12:45.480 INFO [main] org.apache.catalina.startup.VersionLoggerListener.log Command line argument: --add-opens=java.base/java.lang=ALL-UNNAMED
26-Nov-2025 17:12:45.480 INFO [main] org.apache.catalina.startup.VersionLoggerListener.log Command line argument: --add-opens=java.base/java.lang.invoke=ALL-UNNAMED
26-Nov-2025 17:12:45.480 INFO [main] org.apache.catalina.startup.VersionLoggerListener.log Command line argument: --add-opens=java.base/java.lang.reflect=ALL-UNNAMED
26-Nov-2025 17:12:45.481 INFO [main] org.apache.catalina.startup.VersionLoggerListener.log Command line argument: --add-opens=java.base/java.io=ALL-UNNAMED
26-Nov-2025 17:12:45.481 INFO [main] org.apache.catalina.startup.VersionLoggerListener.log Command line argument: --add-opens=java.base/java.util=ALL-UNNAMED
26-Nov-2025 17:12:45.481 INFO [main] org.apache.catalina.startup.VersionLoggerListener.log Command line argument: --add-opens=java.base/java.util.concurrent=ALL-UNNAMED
26-Nov-2025 17:12:45.481 INFO [main] org.apache.catalina.startup.VersionLoggerListener.log Command line argument: --add-opens=java.rmi/sun.rmi.transport=ALL-UNNAMED
26-Nov-2025 17:12:45.481 INFO [main] org.apache.catalina.startup.VersionLoggerListener.log Command line argument: -Djava.util.logging.config.file=/Users/plushavey/Desktop/TP_Projects/WebServletV3/tomcat/conf/logging.properties
26-Nov-2025 17:12:45.481 INFO [main] org.apache.catalina.startup.VersionLoggerListener.log Command line argument: -Djava.util.logging.manager=org.apache.juli.ClassLoaderLogManager
26-Nov-2025 17:12:45.481 INFO [main] org.apache.catalina.startup.VersionLoggerListener.log Command line argument: -Djdk.tls.ephemeralDHKeySize=2048
26-Nov-2025 17:12:45.481 INFO [main] org.apache.catalina.startup.VersionLoggerListener.log Command line argument: -Djava.protocol.handler.pkgs=org.apache.catalina.webresources
26-Nov-2025 17:12:45.481 INFO [main] org.apache.catalina.startup.VersionLoggerListener.log Command line argument: -Dsun.io.useCanonCaches=false
26-Nov-2025 17:12:45.481 INFO [main] org.apache.catalina.startup.VersionLoggerListener.log Command line argument: -Dorg.apache.catalina.security.SecurityListener.UMASK=0027
26-Nov-2025 17:12:45.481 INFO [main] org.apache.catalina.startup.VersionLoggerListener.log Command line argument: -Dignore.endorsed.dirs=
26-Nov-2025 17:12:45.481 INFO [main] org.apache.catalina.startup.VersionLoggerListener.log Command line argument: -Dcatalina.base=/Users/plushavey/Desktop/TP_Projects/WebServletV3/tomcat
26-Nov-2025 17:12:45.481 INFO [main] org.apache.catalina.startup.VersionLoggerListener.log Command line argument: -Dcatalina.home=/Users/plushavey/Desktop/TP_Projects/WebServletV3/tomcat
26-Nov-2025 17:12:45.481 INFO [main] org.apache.catalina.startup.VersionLoggerListener.log Command line argument: -Djava.io.tmpdir=/Users/plushavey/Desktop/TP_Projects/WebServletV3/tomcat/temp
26-Nov-2025 17:12:45.487 INFO [main] org.apache.catalina.core.AprLifecycleListener.lifecycleEvent The Apache Tomcat Native library which allows using OpenSSL was not found on the java.library.path: [/Users/plushavey/Library/Java/Extensions:/Library/Java/Extensions:/Network/Library/Java/Extensions:/System/Library/Java/Extensions:/usr/lib/java:.]
26-Nov-2025 17:12:45.635 INFO [main] org.apache.coyote.AbstractProtocol.init Инициализация ProtocolHandler ["http-nio-8080"]
26-Nov-2025 17:12:45.647 INFO [main] org.apache.catalina.startup.Catalina.load Server initialization in [256] milliseconds
26-Nov-2025 17:12:45.662 INFO [main] org.apache.catalina.core.StandardService.startInternal Starting service [Catalina]
26-Nov-2025 17:12:45.662 INFO [main] org.apache.catalina.core.StandardEngine.startInternal Starting Servlet engine: [Apache Tomcat/9.0.112]
26-Nov-2025 17:12:45.668 INFO [main] org.apache.catalina.startup.HostConfig.deployWAR Deploying web application archive [/Users/plushavey/Desktop/TP_Projects/WebServletV3/tomcat/webapps/WebServletV3.war]
26-Nov-2025 17:12:45.675 INFO [main] org.apache.catalina.startup.ExpandWar.expand An expanded directory [/Users/plushavey/Desktop/TP_Projects/WebServletV3/tomcat/webapps/WebServletV3] was found with a last modified time that did not match the associated WAR. It will be deleted.
26-Nov-2025 17:12:45.804 INFO [main] org.apache.catalina.startup.HostConfig.deployWAR Deployment of web application archive [/Users/plushavey/Desktop/TP_Projects/WebServletV3/tomcat/webapps/WebServletV3.war] has finished in [135] ms
26-Nov-2025 17:12:45.805 INFO [main] org.apache.catalina.startup.HostConfig.deployDirectory Установка веб приложения в папку [/Users/plushavey/Desktop/TP_Projects/WebServletV3/tomcat/webapps/docs]
26-Nov-2025 17:12:45.817 INFO [main] org.apache.catalina.startup.HostConfig.deployDirectory Deployment of web application directory [/Users/plushavey/Desktop/TP_Projects/WebServletV3/tomcat/webapps/docs] has finished in [12] ms
26-Nov-2025 17:12:45.817 INFO [main] org.apache.catalina.startup.HostConfig.deployDirectory Установка веб приложения в папку [/Users/plushavey/Desktop/TP_Projects/WebServletV3/tomcat/webapps/manager]
26-Nov-2025 17:12:45.834 INFO [main] org.apache.catalina.startup.HostConfig.deployDirectory Deployment of web application directory [/Users/plushavey/Desktop/TP_Projects/WebServletV3/tomcat/webapps/manager] has finished in [17] ms
26-Nov-2025 17:12:45.834 INFO [main] org.apache.catalina.startup.HostConfig.deployDirectory Установка веб приложения в папку [/Users/plushavey/Desktop/TP_Projects/WebServletV3/tomcat/webapps/examples]
26-Nov-2025 17:12:45.935 INFO [main] org.apache.catalina.startup.HostConfig.deployDirectory Deployment of web application directory [/Users/plushavey/Desktop/TP_Projects/WebServletV3/tomcat/webapps/examples] has finished in [101] ms
26-Nov-2025 17:12:45.936 INFO [main] org.apache.catalina.startup.HostConfig.deployDirectory Установка веб приложения в папку [/Users/plushavey/Desktop/TP_Projects/WebServletV3/tomcat/webapps/ROOT]
26-Nov-2025 17:12:45.943 INFO [main] org.apache.catalina.startup.HostConfig.deployDirectory Deployment of web application directory [/Users/plushavey/Desktop/TP_Projects/WebServletV3/tomcat/webapps/ROOT] has finished in [7] ms
26-Nov-2025 17:12:45.943 INFO [main] org.apache.catalina.startup.HostConfig.deployDirectory Установка веб приложения в папку [/Users/plushavey/Desktop/TP_Projects/WebServletV3/tomcat/webapps/host-manager]
26-Nov-2025 17:12:45.952 INFO [main] org.apache.catalina.startup.HostConfig.deployDirectory Deployment of web application directory [/Users/plushavey/Desktop/TP_Projects/WebServletV3/tomcat/webapps/host-manager] has finished in [9] ms
26-Nov-2025 17:12:45.954 INFO [main] org.apache.coyote.AbstractProtocol.start Starting ProtocolHandler ["http-nio-8080"]
26-Nov-2025 17:12:45.958 INFO [main] org.apache.catalina.startup.Catalina.start Server startup in [310] milliseconds
26-Nov-2025 17:14:56.689 INFO [main] org.apache.catalina.core.StandardServer.await A valid shutdown command was received via the shutdown port. Stopping the Server instance.
26-Nov-2025 17:14:56.690 INFO [main] org.apache.coyote.AbstractProtocol.pause Pausing ProtocolHandler ["http-nio-8080"]
26-Nov-2025 17:14:56.692 INFO [main] org.apache.catalina.core.StandardService.stopInternal Stopping service [Catalina]
26-Nov-2025 17:14:56.704 INFO [main] org.apache.coyote.AbstractProtocol.stop Stopping ProtocolHandler ["http-nio-8080"]
26-Nov-2025 17:14:56.716 INFO [main] org.apache.coyote.AbstractProtocol.destroy Destroying ProtocolHandler ["http-nio-8080"]
NOTE: Picked up JDK_JAVA_OPTIONS:  --add-opens=java.base/java.lang=ALL-UNNAMED --add-opens=java.base/java.lang.invoke=ALL-UNNAMED --add-opens=java.base/java.lang.reflect=ALL-UNNAMED --add-opens=java.base/java.io=ALL-UNNAMED --add-opens=java.base/java.util=ALL-UNNAMED --add-opens=java.base/java.util.concurrent=ALL-UNNAMED --add-opens=java.rmi/sun.rmi.transport=ALL-UNNAMED
27-Nov-2025 11:09:02.005 INFO [main] org.apache.catalina.startup.VersionLoggerListener.log Имя версии сервера:    Apache Tomcat/9.0.112
27-Nov-2025 11:09:02.006 INFO [main] org.apache.catalina.startup.VersionLoggerListener.log Сервер собран:         Nov 6 2025 07:46:18 UTC
27-Nov-2025 11:09:02.006 INFO [main] org.apache.catalina.startup.VersionLoggerListener.log Номер версии сервера:  9.0.112.0
27-Nov-2025 11:09:02.007 INFO [main] org.apache.catalina.startup.VersionLoggerListener.log OS Name:               Mac OS X
27-Nov-2025 11:09:02.007 INFO [main] org.apache.catalina.startup.VersionLoggerListener.log Версия ОС:             15.6.1
27-Nov-2025 11:09:02.007 INFO [main] org.apache.catalina.startup.VersionLoggerListener.log Архитектура:           aarch64
27-Nov-2025 11:09:02.007 INFO [main] org.apache.catalina.startup.VersionLoggerListener.log Java Home:             /Users/plushavey/Library/Java/JavaVirtualMachines/corretto-23.0.2/Contents/Home
27-Nov-2025 11:09:02.007 INFO [main] org.apache.catalina.startup.VersionLoggerListener.log Версия JVM:            23.0.2+7-FR
27-Nov-2025 11:09:02.007 INFO [main] org.apache.catalina.startup.VersionLoggerListener.log Производитель JVM:     Amazon.com Inc.
27-Nov-2025 11:09:02.007 INFO [main] org.apache.catalina.startup.VersionLoggerListener.log CATALINA_BASE:         /Users/plushavey/Desktop/TP_Projects/WebServletV3/tomcat
27-Nov-2025 11:09:02.007 INFO [main] org.apache.catalina.startup.VersionLoggerListener.log CATALINA_HOME:         /Users/plushavey/Desktop/TP_Projects/WebServletV3/tomcat
27-Nov-2025 11:09:02.014 INFO [main] org.apache.catalina.startup.VersionLoggerListener.log Command line argument: --add-opens=java.base/java.lang=ALL-UNNAMED
27-Nov-2025 11:09:02.014 INFO [main] org.apache.catalina.startup.VersionLoggerListener.log Command line argument: --add-opens=java.base/java.lang.invoke=ALL-UNNAMED
27-Nov-2025 11:09:02.014 INFO [main] org.apache.catalina.startup.VersionLoggerListener.log Command line argument: --add-opens=java.base/java.lang.reflect=ALL-UNNAMED
27-Nov-2025 11:09:02.014 INFO [main] org.apache.catalina.startup.VersionLoggerListener.log Command line argument: --add-opens=java.base/java.io=ALL-UNNAMED
27-Nov-2025 11:09:02.015 INFO [main] org.apache.catalina.startup.VersionLoggerListener.log Command line argument: --add-opens=java.base/java.util=ALL-UNNAMED
27-Nov-2025 11:09:02.015 INFO [main] org.apache.catalina.startup.VersionLoggerListener.log Command line argument: --add-opens=java.base/java.util.concurrent=ALL-UNNAMED
27-Nov-2025 11:09:02.015 INFO [main] org.apache.catalina.startup.VersionLoggerListener.log Command line argument: --add-opens=java.rmi/sun.rmi.transport=ALL-UNNAMED
27-Nov-2025 11:09:02.015 INFO [main] org.apache.catalina.startup.VersionLoggerListener.log Command line argument: -Djava.util.logging.config.file=/Users/plushavey/Desktop/TP_Projects/WebServletV3/tomcat/conf/logging.properties
27-Nov-2025 11:09:02.015 INFO [main] org.apache.catalina.startup.VersionLoggerListener.log Command line argument: -Djava.util.logging.manager=org.apache.juli.ClassLoaderLogManager
27-Nov-2025 11:09:02.015 INFO [main] org.apache.catalina.startup.VersionLoggerListener.log Command line argument: -Djdk.tls.ephemeralDHKeySize=2048
27-Nov-2025 11:09:02.015 INFO [main] org.apache.catalina.startup.VersionLoggerListener.log Command line argument: -Djava.protocol.handler.pkgs=org.apache.catalina.webresources
27-Nov-2025 11:09:02.015 INFO [main] org.apache.catalina.startup.VersionLoggerListener.log Command line argument: -Dsun.io.useCanonCaches=false
27-Nov-2025 11:09:02.015 INFO [main] org.apache.catalina.startup.VersionLoggerListener.log Command line argument: -Dorg.apache.catalina.security.SecurityListener.UMASK=0027
27-Nov-2025 11:09:02.015 INFO [main] org.apache.catalina.startup.VersionLoggerListener.log Command line argument: -Dignore.endorsed.dirs=
27-Nov-2025 11:09:02.015 INFO [main] org.apache.catalina.startup.VersionLoggerListener.log Command line argument: -Dcatalina.base=/Users/plushavey/Desktop/TP_Projects/WebServletV3/tomcat
27-Nov-2025 11:09:02.015 INFO [main] org.apache.catalina.startup.VersionLoggerListener.log Command line argument: -Dcatalina.home=/Users/plushavey/Desktop/TP_Projects/WebServletV3/tomcat
27-Nov-2025 11:09:02.015 INFO [main] org.apache.catalina.startup.VersionLoggerListener.log Command line argument: -Djava.io.tmpdir=/Users/plushavey/Desktop/TP_Projects/WebServletV3/tomcat/temp
27-Nov-2025 11:09:02.021 INFO [main] org.apache.catalina.core.AprLifecycleListener.lifecycleEvent The Apache Tomcat Native library which allows using OpenSSL was not found on the java.library.path: [/Users/plushavey/Library/Java/Extensions:/Library/Java/Extensions:/Network/Library/Java/Extensions:/System/Library/Java/Extensions:/usr/lib/java:.]
27-Nov-2025 11:09:02.189 INFO [main] org.apache.coyote.AbstractProtocol.init Инициализация ProtocolHandler ["http-nio-8080"]
27-Nov-2025 11:09:02.202 INFO [main] org.apache.catalina.startup.Catalina.load Server initialization in [288] milliseconds
27-Nov-2025 11:09:02.220 INFO [main] org.apache.catalina.core.StandardService.startInternal Starting service [Catalina]
27-Nov-2025 11:09:02.220 INFO [main] org.apache.catalina.core.StandardEngine.startInternal Starting Servlet engine: [Apache Tomcat/9.0.112]
27-Nov-2025 11:09:02.228 INFO [main] org.apache.catalina.startup.HostConfig.deployWAR Deploying web application archive [/Users/plushavey/Desktop/TP_Projects/WebServletV3/tomcat/webapps/WebServletV3.war]
27-Nov-2025 11:09:02.374 INFO [main] org.apache.catalina.startup.HostConfig.deployWAR Deployment of web application archive [/Users/plushavey/Desktop/TP_Projects/WebServletV3/tomcat/webapps/WebServletV3.war] has finished in [145] ms
27-Nov-2025 11:09:02.375 INFO [main] org.apache.catalina.startup.HostConfig.deployDirectory Установка веб приложения в папку [/Users/plushavey/Desktop/TP_Projects/WebServletV3/tomcat/webapps/docs]
27-Nov-2025 11:09:02.387 INFO [main] org.apache.catalina.startup.HostConfig.deployDirectory Deployment of web application directory [/Users/plushavey/Desktop/TP_Projects/WebServletV3/tomcat/webapps/docs] has finished in [12] ms
27-Nov-2025 11:09:02.388 INFO [main] org.apache.catalina.startup.HostConfig.deployDirectory Установка веб приложения в папку [/Users/plushavey/Desktop/TP_Projects/WebServletV3/tomcat/webapps/manager]
27-Nov-2025 11:09:02.404 INFO [main] org.apache.catalina.startup.HostConfig.deployDirectory Deployment of web application directory [/Users/plushavey/Desktop/TP_Projects/WebServletV3/tomcat/webapps/manager] has finished in [16] ms
27-Nov-2025 11:09:02.404 INFO [main] org.apache.catalina.startup.HostConfig.deployDirectory Установка веб приложения в папку [/Users/plushavey/Desktop/TP_Projects/WebServletV3/tomcat/webapps/examples]
27-Nov-2025 11:09:02.509 INFO [main] org.apache.catalina.startup.HostConfig.deployDirectory Deployment of web application directory [/Users/plushavey/Desktop/TP_Projects/WebServletV3/tomcat/webapps/examples] has finished in [105] ms
27-Nov-2025 11:09:02.509 INFO [main] org.apache.catalina.startup.HostConfig.deployDirectory Установка веб приложения в папку [/Users/plushavey/Desktop/TP_Projects/WebServletV3/tomcat/webapps/ROOT]
27-Nov-2025 11:09:02.517 INFO [main] org.apache.catalina.startup.HostConfig.deployDirectory Deployment of web application directory [/Users/plushavey/Desktop/TP_Projects/WebServletV3/tomcat/webapps/ROOT] has finished in [8] ms
27-Nov-2025 11:09:02.517 INFO [main] org.apache.catalina.startup.HostConfig.deployDirectory Установка веб приложения в папку [/Users/plushavey/Desktop/TP_Projects/WebServletV3/tomcat/webapps/host-manager]
27-Nov-2025 11:09:02.526 INFO [main] org.apache.catalina.startup.HostConfig.deployDirectory Deployment of web application directory [/Users/plushavey/Desktop/TP_Projects/WebServletV3/tomcat/webapps/host-manager] has finished in [9] ms
27-Nov-2025 11:09:02.527 INFO [main] org.apache.coyote.AbstractProtocol.start Starting ProtocolHandler ["http-nio-8080"]
27-Nov-2025 11:09:02.531 INFO [main] org.apache.catalina.startup.Catalina.start Server startup in [329] milliseconds
28-Nov-2025 14:35:04.757 INFO [main] org.apache.catalina.core.StandardServer.await A valid shutdown command was received via the shutdown port. Stopping the Server instance.
28-Nov-2025 14:35:04.758 INFO [main] org.apache.coyote.AbstractProtocol.pause Pausing ProtocolHandler ["http-nio-8080"]
28-Nov-2025 14:35:04.760 INFO [main] org.apache.catalina.core.StandardService.stopInternal Stopping service [Catalina]
28-Nov-2025 14:35:04.775 INFO [main] org.apache.coyote.AbstractProtocol.stop Stopping ProtocolHandler ["http-nio-8080"]
28-Nov-2025 14:35:04.785 INFO [main] org.apache.coyote.AbstractProtocol.destroy Destroying ProtocolHandler ["http-nio-8080"]
NOTE: Picked up JDK_JAVA_OPTIONS:  --add-opens=java.base/java.lang=ALL-UNNAMED --add-opens=java.base/java.lang.invoke=ALL-UNNAMED --add-opens=java.base/java.lang.reflect=ALL-UNNAMED --add-opens=java.base/java.io=ALL-UNNAMED --add-opens=java.base/java.util=ALL-UNNAMED --add-opens=java.base/java.util.concurrent=ALL-UNNAMED --add-opens=java.rmi/sun.rmi.transport=ALL-UNNAMED
11-Dec-2025 10:39:01.708 INFO [main] org.apache.catalina.startup.VersionLoggerListener.log Имя версии сервера:    Apache Tomcat/9.0.112
11-Dec-2025 10:39:01.710 INFO [main] org.apache.catalina.startup.VersionLoggerListener.log Сервер собран:         Nov 6 2025 07:46:18 UTC
11-Dec-2025 10:39:01.710 INFO [main] org.apache.catalina.startup.VersionLoggerListener.log Номер версии сервера:  9.0.112.0
11-Dec-2025 10:39:01.710 INFO [main] org.apache.catalina.startup.VersionLoggerListener.log OS Name:               Mac OS X
11-Dec-2025 10:39:01.710 INFO [main] org.apache.catalina.startup.VersionLoggerListener.log Версия ОС:             15.6.1
11-Dec-2025 10:39:01.710 INFO [main] org.apache.catalina.startup.VersionLoggerListener.log Архитектура:           aarch64
11-Dec-2025 10:39:01.711 INFO [main] org.apache.catalina.startup.VersionLoggerListener.log Java Home:             /Users/plushavey/Library/Java/JavaVirtualMachines/corretto-23.0.2/Contents/Home
11-Dec-2025 10:39:01.711 INFO [main] org.apache.catalina.startup.VersionLoggerListener.log Версия JVM:            23.0.2+7-FR
11-Dec-2025 10:39:01.711 INFO [main] org.apache.catalina.startup.VersionLoggerListener.log Производитель JVM:     Amazon.com Inc.
11-Dec-2025 10:39:01.711 INFO [main] org.apache.catalina.startup.VersionLoggerListener.log CATALINA_BASE:         /Users/plushavey/Desktop/TP_Projects/WebServletV3/tomcat
11-Dec-2025 10:39:01.711 INFO [main] org.apache.catalina.startup.VersionLoggerListener.log CATALINA_HOME:         /Users/plushavey/Desktop/TP_Projects/WebServletV3/tomcat
11-Dec-2025 10:39:01.724 INFO [main] org.apache.catalina.startup.VersionLoggerListener.log Command line argument: --add-opens=java.base/java.lang=ALL-UNNAMED
11-Dec-2025 10:39:01.724 INFO [main] org.apache.catalina.startup.VersionLoggerListener.log Command line argument: --add-opens=java.base/java.lang.invoke=ALL-UNNAMED
11-Dec-2025 10:39:01.724 INFO [main] org.apache.catalina.startup.VersionLoggerListener.log Command line argument: --add-opens=java.base/java.lang.reflect=ALL-UNNAMED
11-Dec-2025 10:39:01.724 INFO [main] org.apache.catalina.startup.VersionLoggerListener.log Command line argument: --add-opens=java.base/java.io=ALL-UNNAMED
11-Dec-2025 10:39:01.724 INFO [main] org.apache.catalina.startup.VersionLoggerListener.log Command line argument: --add-opens=java.base/java.util=ALL-UNNAMED
11-Dec-2025 10:39:01.724 INFO [main] org.apache.catalina.startup.VersionLoggerListener.log Command line argument: --add-opens=java.base/java.util.concurrent=ALL-UNNAMED
11-Dec-2025 10:39:01.724 INFO [main] org.apache.catalina.startup.VersionLoggerListener.log Command line argument: --add-opens=java.rmi/sun.rmi.transport=ALL-UNNAMED
11-Dec-2025 10:39:01.724 INFO [main] org.apache.catalina.startup.VersionLoggerListener.log Command line argument: -Djava.util.logging.config.file=/Users/plushavey/Desktop/TP_Projects/WebServletV3/tomcat/conf/logging.properties
11-Dec-2025 10:39:01.724 INFO [main] org.apache.catalina.startup.VersionLoggerListener.log Command line argument: -Djava.util.logging.manager=org.apache.juli.ClassLoaderLogManager
11-Dec-2025 10:39:01.724 INFO [main] org.apache.catalina.startup.VersionLoggerListener.log Command line argument: -Djdk.tls.ephemeralDHKeySize=2048
11-Dec-2025 10:39:01.724 INFO [main] org.apache.catalina.startup.VersionLoggerListener.log Command line argument: -Djava.protocol.handler.pkgs=org.apache.catalina.webresources
11-Dec-2025 10:39:01.724 INFO [main] org.apache.catalina.startup.VersionLoggerListener.log Command line argument: -Dsun.io.useCanonCaches=false
11-Dec-2025 10:39:01.724 INFO [main] org.apache.catalina.startup.VersionLoggerListener.log Command line argument: -Dorg.apache.catalina.security.SecurityListener.UMASK=0027
11-Dec-2025 10:39:01.724 INFO [main] org.apache.catalina.startup.VersionLoggerListener.log Command line argument: -Dignore.endorsed.dirs=
11-Dec-2025 10:39:01.724 INFO [main] org.apache.catalina.startup.VersionLoggerListener.log Command line argument: -Dcatalina.base=/Users/plushavey/Desktop/TP_Projects/WebServletV3/tomcat
11-Dec-2025 10:39:01.725 INFO [main] org.apache.catalina.startup.VersionLoggerListener.log Command line argument: -Dcatalina.home=/Users/plushavey/Desktop/TP_Projects/WebServletV3/tomcat
11-Dec-2025 10:39:01.725 INFO [main] org.apache.catalina.startup.VersionLoggerListener.log Command line argument: -Djava.io.tmpdir=/Users/plushavey/Desktop/TP_Projects/WebServletV3/tomcat/temp
11-Dec-2025 10:39:01.731 INFO [main] org.apache.catalina.core.AprLifecycleListener.lifecycleEvent The Apache Tomcat Native library which allows using OpenSSL was not found on the java.library.path: [/Users/plushavey/Library/Java/Extensions:/Library/Java/Extensions:/Network/Library/Java/Extensions:/System/Library/Java/Extensions:/usr/lib/java:.]
11-Dec-2025 10:39:01.900 INFO [main] org.apache.coyote.AbstractProtocol.init Инициализация ProtocolHandler ["http-nio-8080"]
11-Dec-2025 10:39:01.911 INFO [main] org.apache.catalina.startup.Catalina.load Server initialization in [294] milliseconds
11-Dec-2025 10:39:01.929 INFO [main] org.apache.catalina.core.StandardService.startInternal Starting service [Catalina]
11-Dec-2025 10:39:01.930 INFO [main] org.apache.catalina.core.StandardEngine.startInternal Starting Servlet engine: [Apache Tomcat/9.0.112]
11-Dec-2025 10:39:01.937 INFO [main] org.apache.catalina.startup.HostConfig.deployWAR Deploying web application archive [/Users/plushavey/Desktop/TP_Projects/WebServletV3/tomcat/webapps/WebServletV3.war]
11-Dec-2025 10:39:02.083 INFO [main] org.apache.catalina.startup.HostConfig.deployWAR Deployment of web application archive [/Users/plushavey/Desktop/TP_Projects/WebServletV3/tomcat/webapps/WebServletV3.war] has finished in [145] ms
11-Dec-2025 10:39:02.084 INFO [main] org.apache.catalina.startup.HostConfig.deployDirectory Установка веб приложения в папку [/Users/plushavey/Desktop/TP_Projects/WebServletV3/tomcat/webapps/docs]
11-Dec-2025 10:39:02.096 INFO [main] org.apache.catalina.startup.HostConfig.deployDirectory Deployment of web application directory [/Users/plushavey/Desktop/TP_Projects/WebServletV3/tomcat/webapps/docs] has finished in [12] ms
11-Dec-2025 10:39:02.096 INFO [main] org.apache.catalina.startup.HostConfig.deployDirectory Установка веб приложения в папку [/Users/plushavey/Desktop/TP_Projects/WebServletV3/tomcat/webapps/manager]
11-Dec-2025 10:39:02.113 INFO [main] org.apache.catalina.startup.HostConfig.deployDirectory Deployment of web application directory [/Users/plushavey/Desktop/TP_Projects/WebServletV3/tomcat/webapps/manager] has finished in [17] ms
11-Dec-2025 10:39:02.113 INFO [main] org.apache.catalina.startup.HostConfig.deployDirectory Установка веб приложения в папку [/Users/plushavey/Desktop/TP_Projects/WebServletV3/tomcat/webapps/examples]
11-Dec-2025 10:39:02.219 INFO [main] org.apache.catalina.startup.HostConfig.deployDirectory Deployment of web application directory [/Users/plushavey/Desktop/TP_Projects/WebServletV3/tomcat/webapps/examples] has finished in [106] ms
11-Dec-2025 10:39:02.219 INFO [main] org.apache.catalina.startup.HostConfig.deployDirectory Установка веб приложения в папку [/Users/plushavey/Desktop/TP_Projects/WebServletV3/tomcat/webapps/ROOT]
11-Dec-2025 10:39:02.226 INFO [main] org.apache.catalina.startup.HostConfig.deployDirectory Deployment of web application directory [/Users/plushavey/Desktop/TP_Projects/WebServletV3/tomcat/webapps/ROOT] has finished in [7] ms
11-Dec-2025 10:39:02.227 INFO [main] org.apache.catalina.startup.HostConfig.deployDirectory Установка веб приложения в папку [/Users/plushavey/Desktop/TP_Projects/WebServletV3/tomcat/webapps/host-manager]
11-Dec-2025 10:39:02.235 INFO [main] org.apache.catalina.startup.HostConfig.deployDirectory Deployment of web application directory [/Users/plushavey/Desktop/TP_Projects/WebServletV3/tomcat/webapps/host-manager] has finished in [8] ms
11-Dec-2025 10:39:02.237 INFO [main] org.apache.coyote.AbstractProtocol.start Starting ProtocolHandler ["http-nio-8080"]
11-Dec-2025 10:39:02.241 INFO [main] org.apache.catalina.startup.Catalina.start Server startup in [329] milliseconds
11-Dec-2025 14:11:59.397 INFO [main] org.apache.catalina.core.StandardServer.await A valid shutdown command was received via the shutdown port. Stopping the Server instance.
11-Dec-2025 14:11:59.400 INFO [main] org.apache.coyote.AbstractProtocol.pause Pausing ProtocolHandler ["http-nio-8080"]
11-Dec-2025 14:11:59.406 INFO [main] org.apache.catalina.core.StandardService.stopInternal Stopping service [Catalina]
11-Dec-2025 14:11:59.421 INFO [main] org.apache.coyote.AbstractProtocol.stop Stopping ProtocolHandler ["http-nio-8080"]
11-Dec-2025 14:11:59.430 INFO [main] org.apache.coyote.AbstractProtocol.destroy Destroying ProtocolHandler ["http-nio-8080"]
NOTE: Picked up JDK_JAVA_OPTIONS:  --add-opens=java.base/java.lang=ALL-UNNAMED --add-opens=java.base/java.lang.invoke=ALL-UNNAMED --add-opens=java.base/java.lang.reflect=ALL-UNNAMED --add-opens=java.base/java.io=ALL-UNNAMED --add-opens=java.base/java.util=ALL-UNNAMED --add-opens=java.base/java.util.concurrent=ALL-UNNAMED --add-opens=java.rmi/sun.rmi.transport=ALL-UNNAMED
11-Dec-2025 14:19:56.947 INFO [main] org.apache.catalina.startup.VersionLoggerListener.log Имя версии сервера:    Apache Tomcat/9.0.112
11-Dec-2025 14:19:56.949 INFO [main] org.apache.catalina.startup.VersionLoggerListener.log Сервер собран:         Nov 6 2025 07:46:18 UTC
11-Dec-2025 14:19:56.949 INFO [main] org.apache.catalina.startup.VersionLoggerListener.log Номер версии сервера:  9.0.112.0
11-Dec-2025 14:19:56.950 INFO [main] org.apache.catalina.startup.VersionLoggerListener.log OS Name:               Mac OS X
11-Dec-2025 14:19:56.950 INFO [main] org.apache.catalina.startup.VersionLoggerListener.log Версия ОС:             15.6.1
11-Dec-2025 14:19:56.950 INFO [main] org.apache.catalina.startup.VersionLoggerListener.log Архитектура:           aarch64
11-Dec-2025 14:19:56.950 INFO [main] org.apache.catalina.startup.VersionLoggerListener.log Java Home:             /Users/plushavey/Library/Java/JavaVirtualMachines/corretto-23.0.2/Contents/Home
11-Dec-2025 14:19:56.950 INFO [main] org.apache.catalina.startup.VersionLoggerListener.log Версия JVM:            23.0.2+7-FR
11-Dec-2025 14:19:56.950 INFO [main] org.apache.catalina.startup.VersionLoggerListener.log Производитель JVM:     Amazon.com Inc.
11-Dec-2025 14:19:56.950 INFO [main] org.apache.catalina.startup.VersionLoggerListener.log CATALINA_BASE:         /Users/plushavey/Desktop/TP_Projects/WebServletV3/tomcat
11-Dec-2025 14:19:56.950 INFO [main] org.apache.catalina.startup.VersionLoggerListener.log CATALINA_HOME:         /Users/plushavey/Desktop/TP_Projects/WebServletV3/tomcat
11-Dec-2025 14:19:56.957 INFO [main] org.apache.catalina.startup.VersionLoggerListener.log Command line argument: --add-opens=java.base/java.lang=ALL-UNNAMED
11-Dec-2025 14:19:56.957 INFO [main] org.apache.catalina.startup.VersionLoggerListener.log Command line argument: --add-opens=java.base/java.lang.invoke=ALL-UNNAMED
11-Dec-2025 14:19:56.957 INFO [main] org.apache.catalina.startup.VersionLoggerListener.log Command line argument: --add-opens=java.base/java.lang.reflect=ALL-UNNAMED
11-Dec-2025 14:19:56.957 INFO [main] org.apache.catalina.startup.VersionLoggerListener.log Command line argument: --add-opens=java.base/java.io=ALL-UNNAMED
11-Dec-2025 14:19:56.957 INFO [main] org.apache.catalina.startup.VersionLoggerListener.log Command line argument: --add-opens=java.base/java.util=ALL-UNNAMED
11-Dec-2025 14:19:56.957 INFO [main] org.apache.catalina.startup.VersionLoggerListener.log Command line argument: --add-opens=java.base/java.util.concurrent=ALL-UNNAMED
11-Dec-2025 14:19:56.957 INFO [main] org.apache.catalina.startup.VersionLoggerListener.log Command line argument: --add-opens=java.rmi/sun.rmi.transport=ALL-UNNAMED
11-Dec-2025 14:19:56.958 INFO [main] org.apache.catalina.startup.VersionLoggerListener.log Command line argument: -Djava.util.logging.config.file=/Users/plushavey/Desktop/TP_Projects/WebServletV3/tomcat/conf/logging.properties
11-Dec-2025 14:19:56.958 INFO [main] org.apache.catalina.startup.VersionLoggerListener.log Command line argument: -Djava.util.logging.manager=org.apache.juli.ClassLoaderLogManager
11-Dec-2025 14:19:56.958 INFO [main] org.apache.catalina.startup.VersionLoggerListener.log Command line argument: -Djdk.tls.ephemeralDHKeySize=2048
11-Dec-2025 14:19:56.958 INFO [main] org.apache.catalina.startup.VersionLoggerListener.log Command line argument: -Djava.protocol.handler.pkgs=org.apache.catalina.webresources
11-Dec-2025 14:19:56.958 INFO [main] org.apache.catalina.startup.VersionLoggerListener.log Command line argument: -Dsun.io.useCanonCaches=false
11-Dec-2025 14:19:56.958 INFO [main] org.apache.catalina.startup.VersionLoggerListener.log Command line argument: -Dorg.apache.catalina.security.SecurityListener.UMASK=0027
11-Dec-2025 14:19:56.958 INFO [main] org.apache.catalina.startup.VersionLoggerListener.log Command line argument: -Dignore.endorsed.dirs=
11-Dec-2025 14:19:56.958 INFO [main] org.apache.catalina.startup.VersionLoggerListener.log Command line argument: -Dcatalina.base=/Users/plushavey/Desktop/TP_Projects/WebServletV3/tomcat
11-Dec-2025 14:19:56.958 INFO [main] org.apache.catalina.startup.VersionLoggerListener.log Command line argument: -Dcatalina.home=/Users/plushavey/Desktop/TP_Projects/WebServletV3/tomcat
11-Dec-2025 14:19:56.958 INFO [main] org.apache.catalina.startup.VersionLoggerListener.log Command line argument: -Djava.io.tmpdir=/Users/plushavey/Desktop/TP_Projects/WebServletV3/tomcat/temp
11-Dec-2025 14:19:56.964 INFO [main] org.apache.catalina.core.AprLifecycleListener.lifecycleEvent The Apache Tomcat Native library which allows using OpenSSL was not found on the java.library.path: [/Users/plushavey/Library/Java/Extensions:/Library/Java/Extensions:/Network/Library/Java/Extensions:/System/Library/Java/Extensions:/usr/lib/java:.]
11-Dec-2025 14:19:57.132 INFO [main] org.apache.coyote.AbstractProtocol.init Инициализация ProtocolHandler ["http-nio-8080"]
11-Dec-2025 14:19:57.145 INFO [main] org.apache.catalina.startup.Catalina.load Server initialization in [291] milliseconds
11-Dec-2025 14:19:57.163 INFO [main] org.apache.catalina.core.StandardService.startInternal Starting service [Catalina]
11-Dec-2025 14:19:57.164 INFO [main] org.apache.catalina.core.StandardEngine.startInternal Starting Servlet engine: [Apache Tomcat/9.0.112]
11-Dec-2025 14:19:57.171 INFO [main] org.apache.catalina.startup.HostConfig.deployWAR Deploying web application archive [/Users/plushavey/Desktop/TP_Projects/WebServletV3/tomcat/webapps/WebServletV3.war]
11-Dec-2025 14:19:57.315 INFO [main] org.apache.catalina.startup.HostConfig.deployWAR Deployment of web application archive [/Users/plushavey/Desktop/TP_Projects/WebServletV3/tomcat/webapps/WebServletV3.war] has finished in [144] ms
11-Dec-2025 14:19:57.316 INFO [main] org.apache.catalina.startup.HostConfig.deployDirectory Установка веб приложения в папку [/Users/plushavey/Desktop/TP_Projects/WebServletV3/tomcat/webapps/docs]
11-Dec-2025 14:19:57.327 INFO [main] org.apache.catalina.startup.HostConfig.deployDirectory Deployment of web application directory [/Users/plushavey/Desktop/TP_Projects/WebServletV3/tomcat/webapps/docs] has finished in [11] ms
11-Dec-2025 14:19:57.328 INFO [main] org.apache.catalina.startup.HostConfig.deployDirectory Установка веб приложения в папку [/Users/plushavey/Desktop/TP_Projects/WebServletV3/tomcat/webapps/manager]
11-Dec-2025 14:19:57.344 INFO [main] org.apache.catalina.startup.HostConfig.deployDirectory Deployment of web application directory [/Users/plushavey/Desktop/TP_Projects/WebServletV3/tomcat/webapps/manager] has finished in [16] ms
11-Dec-2025 14:19:57.344 INFO [main] org.apache.catalina.startup.HostConfig.deployDirectory Установка веб приложения в папку [/Users/plushavey/Desktop/TP_Projects/WebServletV3/tomcat/webapps/examples]
11-Dec-2025 14:19:57.452 INFO [main] org.apache.catalina.startup.HostConfig.deployDirectory Deployment of web application directory [/Users/plushavey/Desktop/TP_Projects/WebServletV3/tomcat/webapps/examples] has finished in [108] ms
11-Dec-2025 14:19:57.452 INFO [main] org.apache.catalina.startup.HostConfig.deployDirectory Установка веб приложения в папку [/Users/plushavey/Desktop/TP_Projects/WebServletV3/tomcat/webapps/ROOT]
11-Dec-2025 14:19:57.459 INFO [main] org.apache.catalina.startup.HostConfig.deployDirectory Deployment of web application directory [/Users/plushavey/Desktop/TP_Projects/WebServletV3/tomcat/webapps/ROOT] has finished in [7] ms
11-Dec-2025 14:19:57.460 INFO [main] org.apache.catalina.startup.HostConfig.deployDirectory Установка веб приложения в папку [/Users/plushavey/Desktop/TP_Projects/WebServletV3/tomcat/webapps/host-manager]
11-Dec-2025 14:19:57.468 INFO [main] org.apache.catalina.startup.HostConfig.deployDirectory Deployment of web application directory [/Users/plushavey/Desktop/TP_Projects/WebServletV3/tomcat/webapps/host-manager] has finished in [9] ms
11-Dec-2025 14:19:57.470 INFO [main] org.apache.coyote.AbstractProtocol.start Starting ProtocolHandler ["http-nio-8080"]
11-Dec-2025 14:19:57.474 INFO [main] org.apache.catalina.startup.Catalina.start Server startup in [328] milliseconds
11-Dec-2025 14:20:33.559 INFO [main] org.apache.catalina.core.StandardServer.await A valid shutdown command was received via the shutdown port. Stopping the Server instance.
11-Dec-2025 14:20:33.560 INFO [main] org.apache.coyote.AbstractProtocol.pause Pausing ProtocolHandler ["http-nio-8080"]
11-Dec-2025 14:20:33.562 INFO [main] org.apache.catalina.core.StandardService.stopInternal Stopping service [Catalina]
11-Dec-2025 14:20:33.573 INFO [main] org.apache.coyote.AbstractProtocol.stop Stopping ProtocolHandler ["http-nio-8080"]
11-Dec-2025 14:20:33.585 INFO [main] org.apache.coyote.AbstractProtocol.destroy Destroying ProtocolHandler ["http-nio-8080"]
NOTE: Picked up JDK_JAVA_OPTIONS:  --add-opens=java.base/java.lang=ALL-UNNAMED --add-opens=java.base/java.lang.invoke=ALL-UNNAMED --add-opens=java.base/java.lang.reflect=ALL-UNNAMED --add-opens=java.base/java.io=ALL-UNNAMED --add-opens=java.base/java.util=ALL-UNNAMED --add-opens=java.base/java.util.concurrent=ALL-UNNAMED --add-opens=java.rmi/sun.rmi.transport=ALL-UNNAMED
11-Dec-2025 14:20:35.825 INFO [main] org.apache.catalina.startup.VersionLoggerListener.log Имя версии сервера:    Apache Tomcat/9.0.112
11-Dec-2025 14:20:35.826 INFO [main] org.apache.catalina.startup.VersionLoggerListener.log Сервер собран:         Nov 6 2025 07:46:18 UTC
11-Dec-2025 14:20:35.826 INFO [main] org.apache.catalina.startup.VersionLoggerListener.log Номер версии сервера:  9.0.112.0
11-Dec-2025 14:20:35.827 INFO [main] org.apache.catalina.startup.VersionLoggerListener.log OS Name:               Mac OS X
11-Dec-2025 14:20:35.827 INFO [main] org.apache.catalina.startup.VersionLoggerListener.log Версия ОС:             15.6.1
11-Dec-2025 14:20:35.827 INFO [main] org.apache.catalina.startup.VersionLoggerListener.log Архитектура:           aarch64
11-Dec-2025 14:20:35.827 INFO [main] org.apache.catalina.startup.VersionLoggerListener.log Java Home:             /Users/plushavey/Library/Java/JavaVirtualMachines/corretto-23.0.2/Contents/Home
11-Dec-2025 14:20:35.827 INFO [main] org.apache.catalina.startup.VersionLoggerListener.log Версия JVM:            23.0.2+7-FR
11-Dec-2025 14:20:35.827 INFO [main] org.apache.catalina.startup.VersionLoggerListener.log Производитель JVM:     Amazon.com Inc.
11-Dec-2025 14:20:35.827 INFO [main] org.apache.catalina.startup.VersionLoggerListener.log CATALINA_BASE:         /Users/plushavey/Desktop/TP_Projects/WebServletV3/tomcat
11-Dec-2025 14:20:35.827 INFO [main] org.apache.catalina.startup.VersionLoggerListener.log CATALINA_HOME:         /Users/plushavey/Desktop/TP_Projects/WebServletV3/tomcat
11-Dec-2025 14:20:35.831 INFO [main] org.apache.catalina.startup.VersionLoggerListener.log Command line argument: --add-opens=java.base/java.lang=ALL-UNNAMED
11-Dec-2025 14:20:35.831 INFO [main] org.apache.catalina.startup.VersionLoggerListener.log Command line argument: --add-opens=java.base/java.lang.invoke=ALL-UNNAMED
11-Dec-2025 14:20:35.831 INFO [main] org.apache.catalina.startup.VersionLoggerListener.log Command line argument: --add-opens=java.base/java.lang.reflect=ALL-UNNAMED
11-Dec-2025 14:20:35.831 INFO [main] org.apache.catalina.startup.VersionLoggerListener.log Command line argument: --add-opens=java.base/java.io=ALL-UNNAMED
11-Dec-2025 14:20:35.831 INFO [main] org.apache.catalina.startup.VersionLoggerListener.log Command line argument: --add-opens=java.base/java.util=ALL-UNNAMED
11-Dec-2025 14:20:35.831 INFO [main] org.apache.catalina.startup.VersionLoggerListener.log Command line argument: --add-opens=java.base/java.util.concurrent=ALL-UNNAMED
11-Dec-2025 14:20:35.832 INFO [main] org.apache.catalina.startup.VersionLoggerListener.log Command line argument: --add-opens=java.rmi/sun.rmi.transport=ALL-UNNAMED
11-Dec-2025 14:20:35.832 INFO [main] org.apache.catalina.startup.VersionLoggerListener.log Command line argument: -Djava.util.logging.config.file=/Users/plushavey/Desktop/TP_Projects/WebServletV3/tomcat/conf/logging.properties
11-Dec-2025 14:20:35.832 INFO [main] org.apache.catalina.startup.VersionLoggerListener.log Command line argument: -Djava.util.logging.manager=org.apache.juli.ClassLoaderLogManager
11-Dec-2025 14:20:35.832 INFO [main] org.apache.catalina.startup.VersionLoggerListener.log Command line argument: -Djdk.tls.ephemeralDHKeySize=2048
11-Dec-2025 14:20:35.832 INFO [main] org.apache.catalina.startup.VersionLoggerListener.log Command line argument: -Djava.protocol.handler.pkgs=org.apache.catalina.webresources
11-Dec-2025 14:20:35.832 INFO [main] org.apache.catalina.startup.VersionLoggerListener.log Command line argument: -Dsun.io.useCanonCaches=false
11-Dec-2025 14:20:35.832 INFO [main] org.apache.catalina.startup.VersionLoggerListener.log Command line argument: -Dorg.apache.catalina.security.SecurityListener.UMASK=0027
11-Dec-2025 14:20:35.832 INFO [main] org.apache.catalina.startup.VersionLoggerListener.log Command line argument: -Dignore.endorsed.dirs=
11-Dec-2025 14:20:35.832 INFO [main] org.apache.catalina.startup.VersionLoggerListener.log Command line argument: -Dcatalina.base=/Users/plushavey/Desktop/TP_Projects/WebServletV3/tomcat
11-Dec-2025 14:20:35.832 INFO [main] org.apache.catalina.startup.VersionLoggerListener.log Command line argument: -Dcatalina.home=/Users/plushavey/Desktop/TP_Projects/WebServletV3/tomcat
11-Dec-2025 14:20:35.832 INFO [main] org.apache.catalina.startup.VersionLoggerListener.log Command line argument: -Djava.io.tmpdir=/Users/plushavey/Desktop/TP_Projects/WebServletV3/tomcat/temp
11-Dec-2025 14:20:35.838 INFO [main] org.apache.catalina.core.AprLifecycleListener.lifecycleEvent The Apache Tomcat Native library which allows using OpenSSL was not found on the java.library.path: [/Users/plushavey/Library/Java/Extensions:/Library/Java/Extensions:/Network/Library/Java/Extensions:/System/Library/Java/Extensions:/usr/lib/java:.]
11-Dec-2025 14:20:35.987 INFO [main] org.apache.coyote.AbstractProtocol.init Инициализация ProtocolHandler ["http-nio-8080"]
11-Dec-2025 14:20:35.998 INFO [main] org.apache.catalina.startup.Catalina.load Server initialization in [258] milliseconds
11-Dec-2025 14:20:36.013 INFO [main] org.apache.catalina.core.StandardService.startInternal Starting service [Catalina]
11-Dec-2025 14:20:36.013 INFO [main] org.apache.catalina.core.StandardEngine.startInternal Starting Servlet engine: [Apache Tomcat/9.0.112]
11-Dec-2025 14:20:36.019 INFO [main] org.apache.catalina.startup.HostConfig.deployWAR Deploying web application archive [/Users/plushavey/Desktop/TP_Projects/WebServletV3/tomcat/webapps/WebServletV3.war]
11-Dec-2025 14:20:36.149 INFO [main] org.apache.catalina.startup.HostConfig.deployWAR Deployment of web application archive [/Users/plushavey/Desktop/TP_Projects/WebServletV3/tomcat/webapps/WebServletV3.war] has finished in [128] ms
11-Dec-2025 14:20:36.149 INFO [main] org.apache.catalina.startup.HostConfig.deployDirectory Установка веб приложения в папку [/Users/plushavey/Desktop/TP_Projects/WebServletV3/tomcat/webapps/docs]
11-Dec-2025 14:20:36.160 INFO [main] org.apache.catalina.startup.HostConfig.deployDirectory Deployment of web application directory [/Users/plushavey/Desktop/TP_Projects/WebServletV3/tomcat/webapps/docs] has finished in [11] ms
11-Dec-2025 14:20:36.160 INFO [main] org.apache.catalina.startup.HostConfig.deployDirectory Установка веб приложения в папку [/Users/plushavey/Desktop/TP_Projects/WebServletV3/tomcat/webapps/manager]
11-Dec-2025 14:20:36.176 INFO [main] org.apache.catalina.startup.HostConfig.deployDirectory Deployment of web application directory [/Users/plushavey/Desktop/TP_Projects/WebServletV3/tomcat/webapps/manager] has finished in [16] ms
11-Dec-2025 14:20:36.176 INFO [main] org.apache.catalina.startup.HostConfig.deployDirectory Установка веб приложения в папку [/Users/plushavey/Desktop/TP_Projects/WebServletV3/tomcat/webapps/examples]
11-Dec-2025 14:20:36.272 INFO [main] org.apache.catalina.startup.HostConfig.deployDirectory Deployment of web application directory [/Users/plushavey/Desktop/TP_Projects/WebServletV3/tomcat/webapps/examples] has finished in [96] ms
11-Dec-2025 14:20:36.272 INFO [main] org.apache.catalina.startup.HostConfig.deployDirectory Установка веб приложения в папку [/Users/plushavey/Desktop/TP_Projects/WebServletV3/tomcat/webapps/ROOT]
11-Dec-2025 14:20:36.279 INFO [main] org.apache.catalina.startup.HostConfig.deployDirectory Deployment of web application directory [/Users/plushavey/Desktop/TP_Projects/WebServletV3/tomcat/webapps/ROOT] has finished in [7] ms
11-Dec-2025 14:20:36.280 INFO [main] org.apache.catalina.startup.HostConfig.deployDirectory Установка веб приложения в папку [/Users/plushavey/Desktop/TP_Projects/WebServletV3/tomcat/webapps/host-manager]
11-Dec-2025 14:20:36.288 INFO [main] org.apache.catalina.startup.HostConfig.deployDirectory Deployment of web application directory [/Users/plushavey/Desktop/TP_Projects/WebServletV3/tomcat/webapps/host-manager] has finished in [8] ms
11-Dec-2025 14:20:36.290 INFO [main] org.apache.coyote.AbstractProtocol.start Starting ProtocolHandler ["http-nio-8080"]
11-Dec-2025 14:20:36.294 INFO [main] org.apache.catalina.startup.Catalina.start Server startup in [295] milliseconds
11-Dec-2025 14:21:11.819 INFO [main] org.apache.catalina.core.StandardServer.await A valid shutdown command was received via the shutdown port. Stopping the Server instance.
11-Dec-2025 14:21:11.820 INFO [main] org.apache.coyote.AbstractProtocol.pause Pausing ProtocolHandler ["http-nio-8080"]
11-Dec-2025 14:21:11.821 INFO [main] org.apache.catalina.core.StandardService.stopInternal Stopping service [Catalina]
11-Dec-2025 14:21:11.832 INFO [main] org.apache.coyote.AbstractProtocol.stop Stopping ProtocolHandler ["http-nio-8080"]
11-Dec-2025 14:21:11.833 INFO [main] org.apache.coyote.AbstractProtocol.destroy Destroying ProtocolHandler ["http-nio-8080"]
NOTE: Picked up JDK_JAVA_OPTIONS:  --add-opens=java.base/java.lang=ALL-UNNAMED --add-opens=java.base/java.lang.invoke=ALL-UNNAMED --add-opens=java.base/java.lang.reflect=ALL-UNNAMED --add-opens=java.base/java.io=ALL-UNNAMED --add-opens=java.base/java.util=ALL-UNNAMED --add-opens=java.base/java.util.concurrent=ALL-UNNAMED --add-opens=java.rmi/sun.rmi.transport=ALL-UNNAMED
11-Dec-2025 14:21:14.083 INFO [main] org.apache.catalina.startup.VersionLoggerListener.log Имя версии сервера:    Apache Tomcat/9.0.112
11-Dec-2025 14:21:14.085 INFO [main] org.apache.catalina.startup.VersionLoggerListener.log Сервер собран:         Nov 6 2025 07:46:18 UTC
11-Dec-2025 14:21:14.085 INFO [main] org.apache.catalina.startup.VersionLoggerListener.log Номер версии сервера:  9.0.112.0
11-Dec-2025 14:21:14.085 INFO [main] org.apache.catalina.startup.VersionLoggerListener.log OS Name:               Mac OS X
11-Dec-2025 14:21:14.085 INFO [main] org.apache.catalina.startup.VersionLoggerListener.log Версия ОС:             15.6.1
11-Dec-2025 14:21:14.086 INFO [main] org.apache.catalina.startup.VersionLoggerListener.log Архитектура:           aarch64
11-Dec-2025 14:21:14.086 INFO [main] org.apache.catalina.startup.VersionLoggerListener.log Java Home:             /Users/plushavey/Library/Java/JavaVirtualMachines/corretto-23.0.2/Contents/Home
11-Dec-2025 14:21:14.086 INFO [main] org.apache.catalina.startup.VersionLoggerListener.log Версия JVM:            23.0.2+7-FR
11-Dec-2025 14:21:14.086 INFO [main] org.apache.catalina.startup.VersionLoggerListener.log Производитель JVM:     Amazon.com Inc.
11-Dec-2025 14:21:14.086 INFO [main] org.apache.catalina.startup.VersionLoggerListener.log CATALINA_BASE:         /Users/plushavey/Desktop/TP_Projects/WebServletV3/tomcat
11-Dec-2025 14:21:14.086 INFO [main] org.apache.catalina.startup.VersionLoggerListener.log CATALINA_HOME:         /Users/plushavey/Desktop/TP_Projects/WebServletV3/tomcat
11-Dec-2025 14:21:14.090 INFO [main] org.apache.catalina.startup.VersionLoggerListener.log Command line argument: --add-opens=java.base/java.lang=ALL-UNNAMED
11-Dec-2025 14:21:14.090 INFO [main] org.apache.catalina.startup.VersionLoggerListener.log Command line argument: --add-opens=java.base/java.lang.invoke=ALL-UNNAMED
11-Dec-2025 14:21:14.090 INFO [main] org.apache.catalina.startup.VersionLoggerListener.log Command line argument: --add-opens=java.base/java.lang.reflect=ALL-UNNAMED
11-Dec-2025 14:21:14.090 INFO [main] org.apache.catalina.startup.VersionLoggerListener.log Command line argument: --add-opens=java.base/java.io=ALL-UNNAMED
11-Dec-2025 14:21:14.090 INFO [main] org.apache.catalina.startup.VersionLoggerListener.log Command line argument: --add-opens=java.base/java.util=ALL-UNNAMED
11-Dec-2025 14:21:14.090 INFO [main] org.apache.catalina.startup.VersionLoggerListener.log Command line argument: --add-opens=java.base/java.util.concurrent=ALL-UNNAMED
11-Dec-2025 14:21:14.090 INFO [main] org.apache.catalina.startup.VersionLoggerListener.log Command line argument: --add-opens=java.rmi/sun.rmi.transport=ALL-UNNAMED
11-Dec-2025 14:21:14.090 INFO [main] org.apache.catalina.startup.VersionLoggerListener.log Command line argument: -Djava.util.logging.config.file=/Users/plushavey/Desktop/TP_Projects/WebServletV3/tomcat/conf/logging.properties
11-Dec-2025 14:21:14.090 INFO [main] org.apache.catalina.startup.VersionLoggerListener.log Command line argument: -Djava.util.logging.manager=org.apache.juli.ClassLoaderLogManager
11-Dec-2025 14:21:14.091 INFO [main] org.apache.catalina.startup.VersionLoggerListener.log Command line argument: -Djdk.tls.ephemeralDHKeySize=2048
11-Dec-2025 14:21:14.091 INFO [main] org.apache.catalina.startup.VersionLoggerListener.log Command line argument: -Djava.protocol.handler.pkgs=org.apache.catalina.webresources
11-Dec-2025 14:21:14.091 INFO [main] org.apache.catalina.startup.VersionLoggerListener.log Command line argument: -Dsun.io.useCanonCaches=false
11-Dec-2025 14:21:14.091 INFO [main] org.apache.catalina.startup.VersionLoggerListener.log Command line argument: -Dorg.apache.catalina.security.SecurityListener.UMASK=0027
11-Dec-2025 14:21:14.091 INFO [main] org.apache.catalina.startup.VersionLoggerListener.log Command line argument: -Dignore.endorsed.dirs=
11-Dec-2025 14:21:14.091 INFO [main] org.apache.catalina.startup.VersionLoggerListener.log Command line argument: -Dcatalina.base=/Users/plushavey/Desktop/TP_Projects/WebServletV3/tomcat
11-Dec-2025 14:21:14.091 INFO [main] org.apache.catalina.startup.VersionLoggerListener.log Command line argument: -Dcatalina.home=/Users/plushavey/Desktop/TP_Projects/WebServletV3/tomcat
11-Dec-2025 14:21:14.091 INFO [main] org.apache.catalina.startup.VersionLoggerListener.log Command line argument: -Djava.io.tmpdir=/Users/plushavey/Desktop/TP_Projects/WebServletV3/tomcat/temp
11-Dec-2025 14:21:14.097 INFO [main] org.apache.catalina.core.AprLifecycleListener.lifecycleEvent The Apache Tomcat Native library which allows using OpenSSL was not found on the java.library.path: [/Users/plushavey/Library/Java/Extensions:/Library/Java/Extensions:/Network/Library/Java/Extensions:/System/Library/Java/Extensions:/usr/lib/java:.]
11-Dec-2025 14:21:14.246 INFO [main] org.apache.coyote.AbstractProtocol.init Инициализация ProtocolHandler ["http-nio-8080"]
11-Dec-2025 14:21:14.257 INFO [main] org.apache.catalina.startup.Catalina.load Server initialization in [257] milliseconds
11-Dec-2025 14:21:14.272 INFO [main] org.apache.catalina.core.StandardService.startInternal Starting service [Catalina]
11-Dec-2025 14:21:14.272 INFO [main] org.apache.catalina.core.StandardEngine.startInternal Starting Servlet engine: [Apache Tomcat/9.0.112]
11-Dec-2025 14:21:14.279 INFO [main] org.apache.catalina.startup.HostConfig.deployWAR Deploying web application archive [/Users/plushavey/Desktop/TP_Projects/WebServletV3/tomcat/webapps/WebServletV3.war]
11-Dec-2025 14:21:14.410 INFO [main] org.apache.catalina.startup.HostConfig.deployWAR Deployment of web application archive [/Users/plushavey/Desktop/TP_Projects/WebServletV3/tomcat/webapps/WebServletV3.war] has finished in [130] ms
11-Dec-2025 14:21:14.410 INFO [main] org.apache.catalina.startup.HostConfig.deployDirectory Установка веб приложения в папку [/Users/plushavey/Desktop/TP_Projects/WebServletV3/tomcat/webapps/docs]
11-Dec-2025 14:21:14.422 INFO [main] org.apache.catalina.startup.HostConfig.deployDirectory Deployment of web application directory [/Users/plushavey/Desktop/TP_Projects/WebServletV3/tomcat/webapps/docs] has finished in [12] ms
11-Dec-2025 14:21:14.422 INFO [main] org.apache.catalina.startup.HostConfig.deployDirectory Установка веб приложения в папку [/Users/plushavey/Desktop/TP_Projects/WebServletV3/tomcat/webapps/manager]
11-Dec-2025 14:21:14.438 INFO [main] org.apache.catalina.startup.HostConfig.deployDirectory Deployment of web application directory [/Users/plushavey/Desktop/TP_Projects/WebServletV3/tomcat/webapps/manager] has finished in [16] ms
11-Dec-2025 14:21:14.438 INFO [main] org.apache.catalina.startup.HostConfig.deployDirectory Установка веб приложения в папку [/Users/plushavey/Desktop/TP_Projects/WebServletV3/tomcat/webapps/examples]
11-Dec-2025 14:21:14.534 INFO [main] org.apache.catalina.startup.HostConfig.deployDirectory Deployment of web application directory [/Users/plushavey/Desktop/TP_Projects/WebServletV3/tomcat/webapps/examples] has finished in [96] ms
11-Dec-2025 14:21:14.535 INFO [main] org.apache.catalina.startup.HostConfig.deployDirectory Установка веб приложения в папку [/Users/plushavey/Desktop/TP_Projects/WebServletV3/tomcat/webapps/ROOT]
11-Dec-2025 14:21:14.542 INFO [main] org.apache.catalina.startup.HostConfig.deployDirectory Deployment of web application directory [/Users/plushavey/Desktop/TP_Projects/WebServletV3/tomcat/webapps/ROOT] has finished in [8] ms
11-Dec-2025 14:21:14.542 INFO [main] org.apache.catalina.startup.HostConfig.deployDirectory Установка веб приложения в папку [/Users/plushavey/Desktop/TP_Projects/WebServletV3/tomcat/webapps/host-manager]
11-Dec-2025 14:21:14.551 INFO [main] org.apache.catalina.startup.HostConfig.deployDirectory Deployment of web application directory [/Users/plushavey/Desktop/TP_Projects/WebServletV3/tomcat/webapps/host-manager] has finished in [8] ms
11-Dec-2025 14:21:14.552 INFO [main] org.apache.coyote.AbstractProtocol.start Starting ProtocolHandler ["http-nio-8080"]
11-Dec-2025 14:21:14.556 INFO [main] org.apache.catalina.startup.Catalina.start Server startup in [298] milliseconds
11-Dec-2025 14:23:54.038 INFO [main] org.apache.catalina.core.StandardServer.await A valid shutdown command was received via the shutdown port. Stopping the Server instance.
11-Dec-2025 14:23:54.039 INFO [main] org.apache.coyote.AbstractProtocol.pause Pausing ProtocolHandler ["http-nio-8080"]
11-Dec-2025 14:23:54.042 INFO [main] org.apache.catalina.core.StandardService.stopInternal Stopping service [Catalina]
11-Dec-2025 14:23:54.058 INFO [main] org.apache.coyote.AbstractProtocol.stop Stopping ProtocolHandler ["http-nio-8080"]
11-Dec-2025 14:23:54.067 INFO [main] org.apache.coyote.AbstractProtocol.destroy Destroying ProtocolHandler ["http-nio-8080"]
NOTE: Picked up JDK_JAVA_OPTIONS:  --add-opens=java.base/java.lang=ALL-UNNAMED --add-opens=java.base/java.lang.invoke=ALL-UNNAMED --add-opens=java.base/java.lang.reflect=ALL-UNNAMED --add-opens=java.base/java.io=ALL-UNNAMED --add-opens=java.base/java.util=ALL-UNNAMED --add-opens=java.base/java.util.concurrent=ALL-UNNAMED --add-opens=java.rmi/sun.rmi.transport=ALL-UNNAMED
11-Dec-2025 14:23:56.311 INFO [main] org.apache.catalina.startup.VersionLoggerListener.log Имя версии сервера:    Apache Tomcat/9.0.112
11-Dec-2025 14:23:56.313 INFO [main] org.apache.catalina.startup.VersionLoggerListener.log Сервер собран:         Nov 6 2025 07:46:18 UTC
11-Dec-2025 14:23:56.313 INFO [main] org.apache.catalina.startup.VersionLoggerListener.log Номер версии сервера:  9.0.112.0
11-Dec-2025 14:23:56.313 INFO [main] org.apache.catalina.startup.VersionLoggerListener.log OS Name:               Mac OS X
11-Dec-2025 14:23:56.313 INFO [main] org.apache.catalina.startup.VersionLoggerListener.log Версия ОС:             15.6.1
11-Dec-2025 14:23:56.314 INFO [main] org.apache.catalina.startup.VersionLoggerListener.log Архитектура:           aarch64
11-Dec-2025 14:23:56.314 INFO [main] org.apache.catalina.startup.VersionLoggerListener.log Java Home:             /Users/plushavey/Library/Java/JavaVirtualMachines/corretto-23.0.2/Contents/Home
11-Dec-2025 14:23:56.314 INFO [main] org.apache.catalina.startup.VersionLoggerListener.log Версия JVM:            23.0.2+7-FR
11-Dec-2025 14:23:56.314 INFO [main] org.apache.catalina.startup.VersionLoggerListener.log Производитель JVM:     Amazon.com Inc.
11-Dec-2025 14:23:56.314 INFO [main] org.apache.catalina.startup.VersionLoggerListener.log CATALINA_BASE:         /Users/plushavey/Desktop/TP_Projects/WebServletV3/tomcat
11-Dec-2025 14:23:56.314 INFO [main] org.apache.catalina.startup.VersionLoggerListener.log CATALINA_HOME:         /Users/plushavey/Desktop/TP_Projects/WebServletV3/tomcat
11-Dec-2025 14:23:56.321 INFO [main] org.apache.catalina.startup.VersionLoggerListener.log Command line argument: --add-opens=java.base/java.lang=ALL-UNNAMED
11-Dec-2025 14:23:56.321 INFO [main] org.apache.catalina.startup.VersionLoggerListener.log Command line argument: --add-opens=java.base/java.lang.invoke=ALL-UNNAMED
11-Dec-2025 14:23:56.321 INFO [main] org.apache.catalina.startup.VersionLoggerListener.log Command line argument: --add-opens=java.base/java.lang.reflect=ALL-UNNAMED
11-Dec-2025 14:23:56.321 INFO [main] org.apache.catalina.startup.VersionLoggerListener.log Command line argument: --add-opens=java.base/java.io=ALL-UNNAMED
11-Dec-2025 14:23:56.321 INFO [main] org.apache.catalina.startup.VersionLoggerListener.log Command line argument: --add-opens=java.base/java.util=ALL-UNNAMED
11-Dec-2025 14:23:56.322 INFO [main] org.apache.catalina.startup.VersionLoggerListener.log Command line argument: --add-opens=java.base/java.util.concurrent=ALL-UNNAMED
11-Dec-2025 14:23:56.322 INFO [main] org.apache.catalina.startup.VersionLoggerListener.log Command line argument: --add-opens=java.rmi/sun.rmi.transport=ALL-UNNAMED
11-Dec-2025 14:23:56.322 INFO [main] org.apache.catalina.startup.VersionLoggerListener.log Command line argument: -Djava.util.logging.config.file=/Users/plushavey/Desktop/TP_Projects/WebServletV3/tomcat/conf/logging.properties
11-Dec-2025 14:23:56.322 INFO [main] org.apache.catalina.startup.VersionLoggerListener.log Command line argument: -Djava.util.logging.manager=org.apache.juli.ClassLoaderLogManager
11-Dec-2025 14:23:56.322 INFO [main] org.apache.catalina.startup.VersionLoggerListener.log Command line argument: -Djdk.tls.ephemeralDHKeySize=2048
11-Dec-2025 14:23:56.322 INFO [main] org.apache.catalina.startup.VersionLoggerListener.log Command line argument: -Djava.protocol.handler.pkgs=org.apache.catalina.webresources
11-Dec-2025 14:23:56.322 INFO [main] org.apache.catalina.startup.VersionLoggerListener.log Command line argument: -Dsun.io.useCanonCaches=false
11-Dec-2025 14:23:56.322 INFO [main] org.apache.catalina.startup.VersionLoggerListener.log Command line argument: -Dorg.apache.catalina.security.SecurityListener.UMASK=0027
11-Dec-2025 14:23:56.322 INFO [main] org.apache.catalina.startup.VersionLoggerListener.log Command line argument: -Dignore.endorsed.dirs=
11-Dec-2025 14:23:56.322 INFO [main] org.apache.catalina.startup.VersionLoggerListener.log Command line argument: -Dcatalina.base=/Users/plushavey/Desktop/TP_Projects/WebServletV3/tomcat
11-Dec-2025 14:23:56.322 INFO [main] org.apache.catalina.startup.VersionLoggerListener.log Command line argument: -Dcatalina.home=/Users/plushavey/Desktop/TP_Projects/WebServletV3/tomcat
11-Dec-2025 14:23:56.322 INFO [main] org.apache.catalina.startup.VersionLoggerListener.log Command line argument: -Djava.io.tmpdir=/Users/plushavey/Desktop/TP_Projects/WebServletV3/tomcat/temp
11-Dec-2025 14:23:56.328 INFO [main] org.apache.catalina.core.AprLifecycleListener.lifecycleEvent The Apache Tomcat Native library which allows using OpenSSL was not found on the java.library.path: [/Users/plushavey/Library/Java/Extensions:/Library/Java/Extensions:/Network/Library/Java/Extensions:/System/Library/Java/Extensions:/usr/lib/java:.]
11-Dec-2025 14:23:56.492 INFO [main] org.apache.coyote.AbstractProtocol.init Инициализация ProtocolHandler ["http-nio-8080"]
11-Dec-2025 14:23:56.504 INFO [main] org.apache.catalina.startup.Catalina.load Server initialization in [284] milliseconds
11-Dec-2025 14:23:56.522 INFO [main] org.apache.catalina.core.StandardService.startInternal Starting service [Catalina]
11-Dec-2025 14:23:56.522 INFO [main] org.apache.catalina.core.StandardEngine.startInternal Starting Servlet engine: [Apache Tomcat/9.0.112]
11-Dec-2025 14:23:56.529 INFO [main] org.apache.catalina.startup.HostConfig.deployWAR Deploying web application archive [/Users/plushavey/Desktop/TP_Projects/WebServletV3/tomcat/webapps/WebServletV3.war]
11-Dec-2025 14:23:56.536 INFO [main] org.apache.catalina.startup.ExpandWar.expand An expanded directory [/Users/plushavey/Desktop/TP_Projects/WebServletV3/tomcat/webapps/WebServletV3] was found with a last modified time that did not match the associated WAR. It will be deleted.
11-Dec-2025 14:23:56.680 INFO [main] org.apache.catalina.startup.HostConfig.deployWAR Deployment of web application archive [/Users/plushavey/Desktop/TP_Projects/WebServletV3/tomcat/webapps/WebServletV3.war] has finished in [149] ms
11-Dec-2025 14:23:56.680 INFO [main] org.apache.catalina.startup.HostConfig.deployDirectory Установка веб приложения в папку [/Users/plushavey/Desktop/TP_Projects/WebServletV3/tomcat/webapps/docs]
11-Dec-2025 14:23:56.692 INFO [main] org.apache.catalina.startup.HostConfig.deployDirectory Deployment of web application directory [/Users/plushavey/Desktop/TP_Projects/WebServletV3/tomcat/webapps/docs] has finished in [12] ms
11-Dec-2025 14:23:56.692 INFO [main] org.apache.catalina.startup.HostConfig.deployDirectory Установка веб приложения в папку [/Users/plushavey/Desktop/TP_Projects/WebServletV3/tomcat/webapps/manager]
11-Dec-2025 14:23:56.708 INFO [main] org.apache.catalina.startup.HostConfig.deployDirectory Deployment of web application directory [/Users/plushavey/Desktop/TP_Projects/WebServletV3/tomcat/webapps/manager] has finished in [16] ms
11-Dec-2025 14:23:56.708 INFO [main] org.apache.catalina.startup.HostConfig.deployDirectory Установка веб приложения в папку [/Users/plushavey/Desktop/TP_Projects/WebServletV3/tomcat/webapps/examples]
11-Dec-2025 14:23:56.812 INFO [main] org.apache.catalina.startup.HostConfig.deployDirectory Deployment of web application directory [/Users/plushavey/Desktop/TP_Projects/WebServletV3/tomcat/webapps/examples] has finished in [104] ms
11-Dec-2025 14:23:56.812 INFO [main] org.apache.catalina.startup.HostConfig.deployDirectory Установка веб приложения в папку [/Users/plushavey/Desktop/TP_Projects/WebServletV3/tomcat/webapps/ROOT]
11-Dec-2025 14:23:56.820 INFO [main] org.apache.catalina.startup.HostConfig.deployDirectory Deployment of web application directory [/Users/plushavey/Desktop/TP_Projects/WebServletV3/tomcat/webapps/ROOT] has finished in [8] ms
11-Dec-2025 14:23:56.820 INFO [main] org.apache.catalina.startup.HostConfig.deployDirectory Установка веб приложения в папку [/Users/plushavey/Desktop/TP_Projects/WebServletV3/tomcat/webapps/host-manager]
11-Dec-2025 14:23:56.829 INFO [main] org.apache.catalina.startup.HostConfig.deployDirectory Deployment of web application directory [/Users/plushavey/Desktop/TP_Projects/WebServletV3/tomcat/webapps/host-manager] has finished in [9] ms
11-Dec-2025 14:23:56.830 INFO [main] org.apache.coyote.AbstractProtocol.start Starting ProtocolHandler ["http-nio-8080"]
11-Dec-2025 14:23:56.834 INFO [main] org.apache.catalina.startup.Catalina.start Server startup in [330] milliseconds
11-Dec-2025 14:29:03.940 INFO [main] org.apache.catalina.core.StandardServer.await A valid shutdown command was received via the shutdown port. Stopping the Server instance.
11-Dec-2025 14:29:03.941 INFO [main] org.apache.coyote.AbstractProtocol.pause Pausing ProtocolHandler ["http-nio-8080"]
11-Dec-2025 14:29:03.944 INFO [main] org.apache.catalina.core.StandardService.stopInternal Stopping service [Catalina]
11-Dec-2025 14:29:03.959 INFO [main] org.apache.coyote.AbstractProtocol.stop Stopping ProtocolHandler ["http-nio-8080"]
11-Dec-2025 14:29:03.969 INFO [main] org.apache.coyote.AbstractProtocol.destroy Destroying ProtocolHandler ["http-nio-8080"]
NOTE: Picked up JDK_JAVA_OPTIONS:  --add-opens=java.base/java.lang=ALL-UNNAMED --add-opens=java.base/java.lang.invoke=ALL-UNNAMED --add-opens=java.base/java.lang.reflect=ALL-UNNAMED --add-opens=java.base/java.io=ALL-UNNAMED --add-opens=java.base/java.util=ALL-UNNAMED --add-opens=java.base/java.util.concurrent=ALL-UNNAMED --add-opens=java.rmi/sun.rmi.transport=ALL-UNNAMED
11-Dec-2025 14:29:06.193 INFO [main] org.apache.catalina.startup.VersionLoggerListener.log Имя версии сервера:    Apache Tomcat/9.0.112
11-Dec-2025 14:29:06.194 INFO [main] org.apache.catalina.startup.VersionLoggerListener.log Сервер собран:         Nov 6 2025 07:46:18 UTC
11-Dec-2025 14:29:06.195 INFO [main] org.apache.catalina.startup.VersionLoggerListener.log Номер версии сервера:  9.0.112.0
11-Dec-2025 14:29:06.195 INFO [main] org.apache.catalina.startup.VersionLoggerListener.log OS Name:               Mac OS X
11-Dec-2025 14:29:06.195 INFO [main] org.apache.catalina.startup.VersionLoggerListener.log Версия ОС:             15.6.1
11-Dec-2025 14:29:06.195 INFO [main] org.apache.catalina.startup.VersionLoggerListener.log Архитектура:           aarch64
11-Dec-2025 14:29:06.195 INFO [main] org.apache.catalina.startup.VersionLoggerListener.log Java Home:             /Users/plushavey/Library/Java/JavaVirtualMachines/corretto-23.0.2/Contents/Home
11-Dec-2025 14:29:06.195 INFO [main] org.apache.catalina.startup.VersionLoggerListener.log Версия JVM:            23.0.2+7-FR
11-Dec-2025 14:29:06.195 INFO [main] org.apache.catalina.startup.VersionLoggerListener.log Производитель JVM:     Amazon.com Inc.
11-Dec-2025 14:29:06.195 INFO [main] org.apache.catalina.startup.VersionLoggerListener.log CATALINA_BASE:         /Users/plushavey/Desktop/TP_Projects/WebServletV3/tomcat
11-Dec-2025 14:29:06.195 INFO [main] org.apache.catalina.startup.VersionLoggerListener.log CATALINA_HOME:         /Users/plushavey/Desktop/TP_Projects/WebServletV3/tomcat
11-Dec-2025 14:29:06.202 INFO [main] org.apache.catalina.startup.VersionLoggerListener.log Command line argument: --add-opens=java.base/java.lang=ALL-UNNAMED
11-Dec-2025 14:29:06.202 INFO [main] org.apache.catalina.startup.VersionLoggerListener.log Command line argument: --add-opens=java.base/java.lang.invoke=ALL-UNNAMED
11-Dec-2025 14:29:06.202 INFO [main] org.apache.catalina.startup.VersionLoggerListener.log Command line argument: --add-opens=java.base/java.lang.reflect=ALL-UNNAMED
11-Dec-2025 14:29:06.202 INFO [main] org.apache.catalina.startup.VersionLoggerListener.log Command line argument: --add-opens=java.base/java.io=ALL-UNNAMED
11-Dec-2025 14:29:06.202 INFO [main] org.apache.catalina.startup.VersionLoggerListener.log Command line argument: --add-opens=java.base/java.util=ALL-UNNAMED
11-Dec-2025 14:29:06.202 INFO [main] org.apache.catalina.startup.VersionLoggerListener.log Command line argument: --add-opens=java.base/java.util.concurrent=ALL-UNNAMED
11-Dec-2025 14:29:06.202 INFO [main] org.apache.catalina.startup.VersionLoggerListener.log Command line argument: --add-opens=java.rmi/sun.rmi.transport=ALL-UNNAMED
11-Dec-2025 14:29:06.202 INFO [main] org.apache.catalina.startup.VersionLoggerListener.log Command line argument: -Djava.util.logging.config.file=/Users/plushavey/Desktop/TP_Projects/WebServletV3/tomcat/conf/logging.properties
11-Dec-2025 14:29:06.202 INFO [main] org.apache.catalina.startup.VersionLoggerListener.log Command line argument: -Djava.util.logging.manager=org.apache.juli.ClassLoaderLogManager
11-Dec-2025 14:29:06.202 INFO [main] org.apache.catalina.startup.VersionLoggerListener.log Command line argument: -Djdk.tls.ephemeralDHKeySize=2048
11-Dec-2025 14:29:06.203 INFO [main] org.apache.catalina.startup.VersionLoggerListener.log Command line argument: -Djava.protocol.handler.pkgs=org.apache.catalina.webresources
11-Dec-2025 14:29:06.203 INFO [main] org.apache.catalina.startup.VersionLoggerListener.log Command line argument: -Dsun.io.useCanonCaches=false
11-Dec-2025 14:29:06.203 INFO [main] org.apache.catalina.startup.VersionLoggerListener.log Command line argument: -Dorg.apache.catalina.security.SecurityListener.UMASK=0027
11-Dec-2025 14:29:06.203 INFO [main] org.apache.catalina.startup.VersionLoggerListener.log Command line argument: -Dignore.endorsed.dirs=
11-Dec-2025 14:29:06.203 INFO [main] org.apache.catalina.startup.VersionLoggerListener.log Command line argument: -Dcatalina.base=/Users/plushavey/Desktop/TP_Projects/WebServletV3/tomcat
11-Dec-2025 14:29:06.203 INFO [main] org.apache.catalina.startup.VersionLoggerListener.log Command line argument: -Dcatalina.home=/Users/plushavey/Desktop/TP_Projects/WebServletV3/tomcat
11-Dec-2025 14:29:06.203 INFO [main] org.apache.catalina.startup.VersionLoggerListener.log Command line argument: -Djava.io.tmpdir=/Users/plushavey/Desktop/TP_Projects/WebServletV3/tomcat/temp
11-Dec-2025 14:29:06.209 INFO [main] org.apache.catalina.core.AprLifecycleListener.lifecycleEvent The Apache Tomcat Native library which allows using OpenSSL was not found on the java.library.path: [/Users/plushavey/Library/Java/Extensions:/Library/Java/Extensions:/Network/Library/Java/Extensions:/System/Library/Java/Extensions:/usr/lib/java:.]
11-Dec-2025 14:29:06.367 INFO [main] org.apache.coyote.AbstractProtocol.init Инициализация ProtocolHandler ["http-nio-8080"]
11-Dec-2025 14:29:06.378 INFO [main] org.apache.catalina.startup.Catalina.load Server initialization in [274] milliseconds
11-Dec-2025 14:29:06.397 INFO [main] org.apache.catalina.core.StandardService.startInternal Starting service [Catalina]
11-Dec-2025 14:29:06.397 INFO [main] org.apache.catalina.core.StandardEngine.startInternal Starting Servlet engine: [Apache Tomcat/9.0.112]
11-Dec-2025 14:29:06.403 INFO [main] org.apache.catalina.startup.HostConfig.deployWAR Deploying web application archive [/Users/plushavey/Desktop/TP_Projects/WebServletV3/tomcat/webapps/WebServletV3.war]
11-Dec-2025 14:29:06.410 INFO [main] org.apache.catalina.startup.ExpandWar.expand An expanded directory [/Users/plushavey/Desktop/TP_Projects/WebServletV3/tomcat/webapps/WebServletV3] was found with a last modified time that did not match the associated WAR. It will be deleted.
11-Dec-2025 14:29:06.547 INFO [main] org.apache.catalina.startup.HostConfig.deployWAR Deployment of web application archive [/Users/plushavey/Desktop/TP_Projects/WebServletV3/tomcat/webapps/WebServletV3.war] has finished in [143] ms
11-Dec-2025 14:29:06.547 INFO [main] org.apache.catalina.startup.HostConfig.deployDirectory Установка веб приложения в папку [/Users/plushavey/Desktop/TP_Projects/WebServletV3/tomcat/webapps/docs]
11-Dec-2025 14:29:06.560 INFO [main] org.apache.catalina.startup.HostConfig.deployDirectory Deployment of web application directory [/Users/plushavey/Desktop/TP_Projects/WebServletV3/tomcat/webapps/docs] has finished in [13] ms
11-Dec-2025 14:29:06.560 INFO [main] org.apache.catalina.startup.HostConfig.deployDirectory Установка веб приложения в папку [/Users/plushavey/Desktop/TP_Projects/WebServletV3/tomcat/webapps/manager]
11-Dec-2025 14:29:06.576 INFO [main] org.apache.catalina.startup.HostConfig.deployDirectory Deployment of web application directory [/Users/plushavey/Desktop/TP_Projects/WebServletV3/tomcat/webapps/manager] has finished in [16] ms
11-Dec-2025 14:29:06.576 INFO [main] org.apache.catalina.startup.HostConfig.deployDirectory Установка веб приложения в папку [/Users/plushavey/Desktop/TP_Projects/WebServletV3/tomcat/webapps/examples]
11-Dec-2025 14:29:06.679 INFO [main] org.apache.catalina.startup.HostConfig.deployDirectory Deployment of web application directory [/Users/plushavey/Desktop/TP_Projects/WebServletV3/tomcat/webapps/examples] has finished in [103] ms
11-Dec-2025 14:29:06.679 INFO [main] org.apache.catalina.startup.HostConfig.deployDirectory Установка веб приложения в папку [/Users/plushavey/Desktop/TP_Projects/WebServletV3/tomcat/webapps/ROOT]
11-Dec-2025 14:29:06.687 INFO [main] org.apache.catalina.startup.HostConfig.deployDirectory Deployment of web application directory [/Users/plushavey/Desktop/TP_Projects/WebServletV3/tomcat/webapps/ROOT] has finished in [8] ms
11-Dec-2025 14:29:06.687 INFO [main] org.apache.catalina.startup.HostConfig.deployDirectory Установка веб приложения в папку [/Users/plushavey/Desktop/TP_Projects/WebServletV3/tomcat/webapps/host-manager]
11-Dec-2025 14:29:06.696 INFO [main] org.apache.catalina.startup.HostConfig.deployDirectory Deployment of web application directory [/Users/plushavey/Desktop/TP_Projects/WebServletV3/tomcat/webapps/host-manager] has finished in [9] ms
11-Dec-2025 14:29:06.697 INFO [main] org.apache.coyote.AbstractProtocol.start Starting ProtocolHandler ["http-nio-8080"]
11-Dec-2025 14:29:06.701 INFO [main] org.apache.catalina.startup.Catalina.start Server startup in [322] milliseconds
11-Dec-2025 15:10:11.309 INFO [main] org.apache.catalina.core.StandardServer.await A valid shutdown command was received via the shutdown port. Stopping the Server instance.
11-Dec-2025 15:10:11.310 INFO [main] org.apache.coyote.AbstractProtocol.pause Pausing ProtocolHandler ["http-nio-8080"]
11-Dec-2025 15:10:11.313 INFO [main] org.apache.catalina.core.StandardService.stopInternal Stopping service [Catalina]
11-Dec-2025 15:10:11.330 INFO [main] org.apache.coyote.AbstractProtocol.stop Stopping ProtocolHandler ["http-nio-8080"]
11-Dec-2025 15:10:11.338 INFO [main] org.apache.coyote.AbstractProtocol.destroy Destroying ProtocolHandler ["http-nio-8080"]
NOTE: Picked up JDK_JAVA_OPTIONS:  --add-opens=java.base/java.lang=ALL-UNNAMED --add-opens=java.base/java.lang.invoke=ALL-UNNAMED --add-opens=java.base/java.lang.reflect=ALL-UNNAMED --add-opens=java.base/java.io=ALL-UNNAMED --add-opens=java.base/java.util=ALL-UNNAMED --add-opens=java.base/java.util.concurrent=ALL-UNNAMED --add-opens=java.rmi/sun.rmi.transport=ALL-UNNAMED
11-Dec-2025 15:10:13.592 INFO [main] org.apache.catalina.startup.VersionLoggerListener.log Имя версии сервера:    Apache Tomcat/9.0.112
11-Dec-2025 15:10:13.594 INFO [main] org.apache.catalina.startup.VersionLoggerListener.log Сервер собран:         Nov 6 2025 07:46:18 UTC
11-Dec-2025 15:10:13.594 INFO [main] org.apache.catalina.startup.VersionLoggerListener.log Номер версии сервера:  9.0.112.0
11-Dec-2025 15:10:13.594 INFO [main] org.apache.catalina.startup.VersionLoggerListener.log OS Name:               Mac OS X
11-Dec-2025 15:10:13.594 INFO [main] org.apache.catalina.startup.VersionLoggerListener.log Версия ОС:             15.6.1
11-Dec-2025 15:10:13.594 INFO [main] org.apache.catalina.startup.VersionLoggerListener.log Архитектура:           aarch64
11-Dec-2025 15:10:13.594 INFO [main] org.apache.catalina.startup.VersionLoggerListener.log Java Home:             /Users/plushavey/Library/Java/JavaVirtualMachines/corretto-23.0.2/Contents/Home
11-Dec-2025 15:10:13.594 INFO [main] org.apache.catalina.startup.VersionLoggerListener.log Версия JVM:            23.0.2+7-FR
11-Dec-2025 15:10:13.594 INFO [main] org.apache.catalina.startup.VersionLoggerListener.log Производитель JVM:     Amazon.com Inc.
11-Dec-2025 15:10:13.595 INFO [main] org.apache.catalina.startup.VersionLoggerListener.log CATALINA_BASE:         /Users/plushavey/Desktop/TP_Projects/WebServletV3/tomcat
11-Dec-2025 15:10:13.595 INFO [main] org.apache.catalina.startup.VersionLoggerListener.log CATALINA_HOME:         /Users/plushavey/Desktop/TP_Projects/WebServletV3/tomcat
11-Dec-2025 15:10:13.601 INFO [main] org.apache.catalina.startup.VersionLoggerListener.log Command line argument: --add-opens=java.base/java.lang=ALL-UNNAMED
11-Dec-2025 15:10:13.602 INFO [main] org.apache.catalina.startup.VersionLoggerListener.log Command line argument: --add-opens=java.base/java.lang.invoke=ALL-UNNAMED
11-Dec-2025 15:10:13.602 INFO [main] org.apache.catalina.startup.VersionLoggerListener.log Command line argument: --add-opens=java.base/java.lang.reflect=ALL-UNNAMED
11-Dec-2025 15:10:13.602 INFO [main] org.apache.catalina.startup.VersionLoggerListener.log Command line argument: --add-opens=java.base/java.io=ALL-UNNAMED
11-Dec-2025 15:10:13.602 INFO [main] org.apache.catalina.startup.VersionLoggerListener.log Command line argument: --add-opens=java.base/java.util=ALL-UNNAMED
11-Dec-2025 15:10:13.602 INFO [main] org.apache.catalina.startup.VersionLoggerListener.log Command line argument: --add-opens=java.base/java.util.concurrent=ALL-UNNAMED
11-Dec-2025 15:10:13.602 INFO [main] org.apache.catalina.startup.VersionLoggerListener.log Command line argument: --add-opens=java.rmi/sun.rmi.transport=ALL-UNNAMED
11-Dec-2025 15:10:13.602 INFO [main] org.apache.catalina.startup.VersionLoggerListener.log Command line argument: -Djava.util.logging.config.file=/Users/plushavey/Desktop/TP_Projects/WebServletV3/tomcat/conf/logging.properties
11-Dec-2025 15:10:13.602 INFO [main] org.apache.catalina.startup.VersionLoggerListener.log Command line argument: -Djava.util.logging.manager=org.apache.juli.ClassLoaderLogManager
11-Dec-2025 15:10:13.602 INFO [main] org.apache.catalina.startup.VersionLoggerListener.log Command line argument: -Djdk.tls.ephemeralDHKeySize=2048
11-Dec-2025 15:10:13.602 INFO [main] org.apache.catalina.startup.VersionLoggerListener.log Command line argument: -Djava.protocol.handler.pkgs=org.apache.catalina.webresources
11-Dec-2025 15:10:13.602 INFO [main] org.apache.catalina.startup.VersionLoggerListener.log Command line argument: -Dsun.io.useCanonCaches=false
11-Dec-2025 15:10:13.602 INFO [main] org.apache.catalina.startup.VersionLoggerListener.log Command line argument: -Dorg.apache.catalina.security.SecurityListener.UMASK=0027
11-Dec-2025 15:10:13.602 INFO [main] org.apache.catalina.startup.VersionLoggerListener.log Command line argument: -Dignore.endorsed.dirs=
11-Dec-2025 15:10:13.602 INFO [main] org.apache.catalina.startup.VersionLoggerListener.log Command line argument: -Dcatalina.base=/Users/plushavey/Desktop/TP_Projects/WebServletV3/tomcat
11-Dec-2025 15:10:13.602 INFO [main] org.apache.catalina.startup.VersionLoggerListener.log Command line argument: -Dcatalina.home=/Users/plushavey/Desktop/TP_Projects/WebServletV3/tomcat
11-Dec-2025 15:10:13.602 INFO [main] org.apache.catalina.startup.VersionLoggerListener.log Command line argument: -Djava.io.tmpdir=/Users/plushavey/Desktop/TP_Projects/WebServletV3/tomcat/temp
11-Dec-2025 15:10:13.608 INFO [main] org.apache.catalina.core.AprLifecycleListener.lifecycleEvent The Apache Tomcat Native library which allows using OpenSSL was not found on the java.library.path: [/Users/plushavey/Library/Java/Extensions:/Library/Java/Extensions:/Network/Library/Java/Extensions:/System/Library/Java/Extensions:/usr/lib/java:.]
11-Dec-2025 15:10:13.765 INFO [main] org.apache.coyote.AbstractProtocol.init Инициализация ProtocolHandler ["http-nio-8080"]
11-Dec-2025 15:10:13.777 INFO [main] org.apache.catalina.startup.Catalina.load Server initialization in [275] milliseconds
11-Dec-2025 15:10:13.795 INFO [main] org.apache.catalina.core.StandardService.startInternal Starting service [Catalina]
11-Dec-2025 15:10:13.796 INFO [main] org.apache.catalina.core.StandardEngine.startInternal Starting Servlet engine: [Apache Tomcat/9.0.112]
11-Dec-2025 15:10:13.802 INFO [main] org.apache.catalina.startup.HostConfig.deployWAR Deploying web application archive [/Users/plushavey/Desktop/TP_Projects/WebServletV3/tomcat/webapps/WebServletV3.war]
11-Dec-2025 15:10:13.809 INFO [main] org.apache.catalina.startup.ExpandWar.expand An expanded directory [/Users/plushavey/Desktop/TP_Projects/WebServletV3/tomcat/webapps/WebServletV3] was found with a last modified time that did not match the associated WAR. It will be deleted.
11-Dec-2025 15:10:13.952 INFO [main] org.apache.catalina.startup.HostConfig.deployWAR Deployment of web application archive [/Users/plushavey/Desktop/TP_Projects/WebServletV3/tomcat/webapps/WebServletV3.war] has finished in [149] ms
11-Dec-2025 15:10:13.952 INFO [main] org.apache.catalina.startup.HostConfig.deployDirectory Установка веб приложения в папку [/Users/plushavey/Desktop/TP_Projects/WebServletV3/tomcat/webapps/docs]
11-Dec-2025 15:10:13.965 INFO [main] org.apache.catalina.startup.HostConfig.deployDirectory Deployment of web application directory [/Users/plushavey/Desktop/TP_Projects/WebServletV3/tomcat/webapps/docs] has finished in [13] ms
11-Dec-2025 15:10:13.966 INFO [main] org.apache.catalina.startup.HostConfig.deployDirectory Установка веб приложения в папку [/Users/plushavey/Desktop/TP_Projects/WebServletV3/tomcat/webapps/manager]
11-Dec-2025 15:10:13.982 INFO [main] org.apache.catalina.startup.HostConfig.deployDirectory Deployment of web application directory [/Users/plushavey/Desktop/TP_Projects/WebServletV3/tomcat/webapps/manager] has finished in [16] ms
11-Dec-2025 15:10:13.982 INFO [main] org.apache.catalina.startup.HostConfig.deployDirectory Установка веб приложения в папку [/Users/plushavey/Desktop/TP_Projects/WebServletV3/tomcat/webapps/examples]
11-Dec-2025 15:10:14.084 INFO [main] org.apache.catalina.startup.HostConfig.deployDirectory Deployment of web application directory [/Users/plushavey/Desktop/TP_Projects/WebServletV3/tomcat/webapps/examples] has finished in [102] ms
11-Dec-2025 15:10:14.084 INFO [main] org.apache.catalina.startup.HostConfig.deployDirectory Установка веб приложения в папку [/Users/plushavey/Desktop/TP_Projects/WebServletV3/tomcat/webapps/ROOT]
11-Dec-2025 15:10:14.092 INFO [main] org.apache.catalina.startup.HostConfig.deployDirectory Deployment of web application directory [/Users/plushavey/Desktop/TP_Projects/WebServletV3/tomcat/webapps/ROOT] has finished in [8] ms
11-Dec-2025 15:10:14.092 INFO [main] org.apache.catalina.startup.HostConfig.deployDirectory Установка веб приложения в папку [/Users/plushavey/Desktop/TP_Projects/WebServletV3/tomcat/webapps/host-manager]
11-Dec-2025 15:10:14.101 INFO [main] org.apache.catalina.startup.HostConfig.deployDirectory Deployment of web application directory [/Users/plushavey/Desktop/TP_Projects/WebServletV3/tomcat/webapps/host-manager] has finished in [9] ms
11-Dec-2025 15:10:14.102 INFO [main] org.apache.coyote.AbstractProtocol.start Starting ProtocolHandler ["http-nio-8080"]
11-Dec-2025 15:10:14.106 INFO [main] org.apache.catalina.startup.Catalina.start Server startup in [328] milliseconds
11-Dec-2025 15:16:05.014 INFO [main] org.apache.catalina.core.StandardServer.await A valid shutdown command was received via the shutdown port. Stopping the Server instance.
11-Dec-2025 15:16:05.015 INFO [main] org.apache.coyote.AbstractProtocol.pause Pausing ProtocolHandler ["http-nio-8080"]
11-Dec-2025 15:16:05.018 INFO [main] org.apache.catalina.core.StandardService.stopInternal Stopping service [Catalina]
11-Dec-2025 15:16:05.033 INFO [main] org.apache.coyote.AbstractProtocol.stop Stopping ProtocolHandler ["http-nio-8080"]
11-Dec-2025 15:16:05.042 INFO [main] org.apache.coyote.AbstractProtocol.destroy Destroying ProtocolHandler ["http-nio-8080"]
NOTE: Picked up JDK_JAVA_OPTIONS:  --add-opens=java.base/java.lang=ALL-UNNAMED --add-opens=java.base/java.lang.invoke=ALL-UNNAMED --add-opens=java.base/java.lang.reflect=ALL-UNNAMED --add-opens=java.base/java.io=ALL-UNNAMED --add-opens=java.base/java.util=ALL-UNNAMED --add-opens=java.base/java.util.concurrent=ALL-UNNAMED --add-opens=java.rmi/sun.rmi.transport=ALL-UNNAMED
11-Dec-2025 15:16:07.294 INFO [main] org.apache.catalina.startup.VersionLoggerListener.log Имя версии сервера:    Apache Tomcat/9.0.112
11-Dec-2025 15:16:07.296 INFO [main] org.apache.catalina.startup.VersionLoggerListener.log Сервер собран:         Nov 6 2025 07:46:18 UTC
11-Dec-2025 15:16:07.296 INFO [main] org.apache.catalina.startup.VersionLoggerListener.log Номер версии сервера:  9.0.112.0
11-Dec-2025 15:16:07.296 INFO [main] org.apache.catalina.startup.VersionLoggerListener.log OS Name:               Mac OS X
11-Dec-2025 15:16:07.296 INFO [main] org.apache.catalina.startup.VersionLoggerListener.log Версия ОС:             15.6.1
11-Dec-2025 15:16:07.296 INFO [main] org.apache.catalina.startup.VersionLoggerListener.log Архитектура:           aarch64
11-Dec-2025 15:16:07.296 INFO [main] org.apache.catalina.startup.VersionLoggerListener.log Java Home:             /Users/plushavey/Library/Java/JavaVirtualMachines/corretto-23.0.2/Contents/Home
11-Dec-2025 15:16:07.296 INFO [main] org.apache.catalina.startup.VersionLoggerListener.log Версия JVM:            23.0.2+7-FR
11-Dec-2025 15:16:07.296 INFO [main] org.apache.catalina.startup.VersionLoggerListener.log Производитель JVM:     Amazon.com Inc.
11-Dec-2025 15:16:07.297 INFO [main] org.apache.catalina.startup.VersionLoggerListener.log CATALINA_BASE:         /Users/plushavey/Desktop/TP_Projects/WebServletV3/tomcat
11-Dec-2025 15:16:07.297 INFO [main] org.apache.catalina.startup.VersionLoggerListener.log CATALINA_HOME:         /Users/plushavey/Desktop/TP_Projects/WebServletV3/tomcat
11-Dec-2025 15:16:07.304 INFO [main] org.apache.catalina.startup.VersionLoggerListener.log Command line argument: --add-opens=java.base/java.lang=ALL-UNNAMED
11-Dec-2025 15:16:07.304 INFO [main] org.apache.catalina.startup.VersionLoggerListener.log Command line argument: --add-opens=java.base/java.lang.invoke=ALL-UNNAMED
11-Dec-2025 15:16:07.304 INFO [main] org.apache.catalina.startup.VersionLoggerListener.log Command line argument: --add-opens=java.base/java.lang.reflect=ALL-UNNAMED
11-Dec-2025 15:16:07.304 INFO [main] org.apache.catalina.startup.VersionLoggerListener.log Command line argument: --add-opens=java.base/java.io=ALL-UNNAMED
11-Dec-2025 15:16:07.304 INFO [main] org.apache.catalina.startup.VersionLoggerListener.log Command line argument: --add-opens=java.base/java.util=ALL-UNNAMED
11-Dec-2025 15:16:07.304 INFO [main] org.apache.catalina.startup.VersionLoggerListener.log Command line argument: --add-opens=java.base/java.util.concurrent=ALL-UNNAMED
11-Dec-2025 15:16:07.304 INFO [main] org.apache.catalina.startup.VersionLoggerListener.log Command line argument: --add-opens=java.rmi/sun.rmi.transport=ALL-UNNAMED
11-Dec-2025 15:16:07.304 INFO [main] org.apache.catalina.startup.VersionLoggerListener.log Command line argument: -Djava.util.logging.config.file=/Users/plushavey/Desktop/TP_Projects/WebServletV3/tomcat/conf/logging.properties
11-Dec-2025 15:16:07.304 INFO [main] org.apache.catalina.startup.VersionLoggerListener.log Command line argument: -Djava.util.logging.manager=org.apache.juli.ClassLoaderLogManager
11-Dec-2025 15:16:07.304 INFO [main] org.apache.catalina.startup.VersionLoggerListener.log Command line argument: -Djdk.tls.ephemeralDHKeySize=2048
11-Dec-2025 15:16:07.304 INFO [main] org.apache.catalina.startup.VersionLoggerListener.log Command line argument: -Djava.protocol.handler.pkgs=org.apache.catalina.webresources
11-Dec-2025 15:16:07.304 INFO [main] org.apache.catalina.startup.VersionLoggerListener.log Command line argument: -Dsun.io.useCanonCaches=false
11-Dec-2025 15:16:07.304 INFO [main] org.apache.catalina.startup.VersionLoggerListener.log Command line argument: -Dorg.apache.catalina.security.SecurityListener.UMASK=0027
11-Dec-2025 15:16:07.304 INFO [main] org.apache.catalina.startup.VersionLoggerListener.log Command line argument: -Dignore.endorsed.dirs=
11-Dec-2025 15:16:07.304 INFO [main] org.apache.catalina.startup.VersionLoggerListener.log Command line argument: -Dcatalina.base=/Users/plushavey/Desktop/TP_Projects/WebServletV3/tomcat
11-Dec-2025 15:16:07.304 INFO [main] org.apache.catalina.startup.VersionLoggerListener.log Command line argument: -Dcatalina.home=/Users/plushavey/Desktop/TP_Projects/WebServletV3/tomcat
11-Dec-2025 15:16:07.304 INFO [main] org.apache.catalina.startup.VersionLoggerListener.log Command line argument: -Djava.io.tmpdir=/Users/plushavey/Desktop/TP_Projects/WebServletV3/tomcat/temp
11-Dec-2025 15:16:07.310 INFO [main] org.apache.catalina.core.AprLifecycleListener.lifecycleEvent The Apache Tomcat Native library which allows using OpenSSL was not found on the java.library.path: [/Users/plushavey/Library/Java/Extensions:/Library/Java/Extensions:/Network/Library/Java/Extensions:/System/Library/Java/Extensions:/usr/lib/java:.]
11-Dec-2025 15:16:07.473 INFO [main] org.apache.coyote.AbstractProtocol.init Инициализация ProtocolHandler ["http-nio-8080"]
11-Dec-2025 15:16:07.485 INFO [main] org.apache.catalina.startup.Catalina.load Server initialization in [282] milliseconds
11-Dec-2025 15:16:07.504 INFO [main] org.apache.catalina.core.StandardService.startInternal Starting service [Catalina]
11-Dec-2025 15:16:07.504 INFO [main] org.apache.catalina.core.StandardEngine.startInternal Starting Servlet engine: [Apache Tomcat/9.0.112]
11-Dec-2025 15:16:07.510 INFO [main] org.apache.catalina.startup.HostConfig.deployWAR Deploying web application archive [/Users/plushavey/Desktop/TP_Projects/WebServletV3/tomcat/webapps/WebServletV3.war]
11-Dec-2025 15:16:07.518 INFO [main] org.apache.catalina.startup.ExpandWar.expand An expanded directory [/Users/plushavey/Desktop/TP_Projects/WebServletV3/tomcat/webapps/WebServletV3] was found with a last modified time that did not match the associated WAR. It will be deleted.
11-Dec-2025 15:16:07.654 INFO [main] org.apache.catalina.startup.HostConfig.deployWAR Deployment of web application archive [/Users/plushavey/Desktop/TP_Projects/WebServletV3/tomcat/webapps/WebServletV3.war] has finished in [143] ms
11-Dec-2025 15:16:07.655 INFO [main] org.apache.catalina.startup.HostConfig.deployDirectory Установка веб приложения в папку [/Users/plushavey/Desktop/TP_Projects/WebServletV3/tomcat/webapps/docs]
11-Dec-2025 15:16:07.667 INFO [main] org.apache.catalina.startup.HostConfig.deployDirectory Deployment of web application directory [/Users/plushavey/Desktop/TP_Projects/WebServletV3/tomcat/webapps/docs] has finished in [12] ms
11-Dec-2025 15:16:07.667 INFO [main] org.apache.catalina.startup.HostConfig.deployDirectory Установка веб приложения в папку [/Users/plushavey/Desktop/TP_Projects/WebServletV3/tomcat/webapps/manager]
11-Dec-2025 15:16:07.685 INFO [main] org.apache.catalina.startup.HostConfig.deployDirectory Deployment of web application directory [/Users/plushavey/Desktop/TP_Projects/WebServletV3/tomcat/webapps/manager] has finished in [18] ms
11-Dec-2025 15:16:07.685 INFO [main] org.apache.catalina.startup.HostConfig.deployDirectory Установка веб приложения в папку [/Users/plushavey/Desktop/TP_Projects/WebServletV3/tomcat/webapps/examples]
11-Dec-2025 15:16:07.792 INFO [main] org.apache.catalina.startup.HostConfig.deployDirectory Deployment of web application directory [/Users/plushavey/Desktop/TP_Projects/WebServletV3/tomcat/webapps/examples] has finished in [107] ms
11-Dec-2025 15:16:07.792 INFO [main] org.apache.catalina.startup.HostConfig.deployDirectory Установка веб приложения в папку [/Users/plushavey/Desktop/TP_Projects/WebServletV3/tomcat/webapps/ROOT]
11-Dec-2025 15:16:07.800 INFO [main] org.apache.catalina.startup.HostConfig.deployDirectory Deployment of web application directory [/Users/plushavey/Desktop/TP_Projects/WebServletV3/tomcat/webapps/ROOT] has finished in [8] ms
11-Dec-2025 15:16:07.800 INFO [main] org.apache.catalina.startup.HostConfig.deployDirectory Установка веб приложения в папку [/Users/plushavey/Desktop/TP_Projects/WebServletV3/tomcat/webapps/host-manager]
11-Dec-2025 15:16:07.809 INFO [main] org.apache.catalina.startup.HostConfig.deployDirectory Deployment of web application directory [/Users/plushavey/Desktop/TP_Projects/WebServletV3/tomcat/webapps/host-manager] has finished in [9] ms
11-Dec-2025 15:16:07.811 INFO [main] org.apache.coyote.AbstractProtocol.start Starting ProtocolHandler ["http-nio-8080"]
11-Dec-2025 15:16:07.815 INFO [main] org.apache.catalina.startup.Catalina.start Server startup in [329] milliseconds
11-Dec-2025 16:02:46.433 INFO [main] org.apache.catalina.core.StandardServer.await A valid shutdown command was received via the shutdown port. Stopping the Server instance.
11-Dec-2025 16:02:46.434 INFO [main] org.apache.coyote.AbstractProtocol.pause Pausing ProtocolHandler ["http-nio-8080"]
11-Dec-2025 16:02:46.436 INFO [main] org.apache.catalina.core.StandardService.stopInternal Stopping service [Catalina]
11-Dec-2025 16:02:46.448 INFO [main] org.apache.coyote.AbstractProtocol.stop Stopping ProtocolHandler ["http-nio-8080"]
11-Dec-2025 16:02:46.461 INFO [main] org.apache.coyote.AbstractProtocol.destroy Destroying ProtocolHandler ["http-nio-8080"]
NOTE: Picked up JDK_JAVA_OPTIONS:  --add-opens=java.base/java.lang=ALL-UNNAMED --add-opens=java.base/java.lang.invoke=ALL-UNNAMED --add-opens=java.base/java.lang.reflect=ALL-UNNAMED --add-opens=java.base/java.io=ALL-UNNAMED --add-opens=java.base/java.util=ALL-UNNAMED --add-opens=java.base/java.util.concurrent=ALL-UNNAMED --add-opens=java.rmi/sun.rmi.transport=ALL-UNNAMED
15-Dec-2025 18:28:48.394 INFO [main] org.apache.catalina.startup.VersionLoggerListener.log Имя версии сервера:    Apache Tomcat/9.0.112
15-Dec-2025 18:28:48.397 INFO [main] org.apache.catalina.startup.VersionLoggerListener.log Сервер собран:         Nov 6 2025 07:46:18 UTC
15-Dec-2025 18:28:48.397 INFO [main] org.apache.catalina.startup.VersionLoggerListener.log Номер версии сервера:  9.0.112.0
15-Dec-2025 18:28:48.397 INFO [main] org.apache.catalina.startup.VersionLoggerListener.log OS Name:               Mac OS X
15-Dec-2025 18:28:48.397 INFO [main] org.apache.catalina.startup.VersionLoggerListener.log Версия ОС:             15.6.1
15-Dec-2025 18:28:48.397 INFO [main] org.apache.catalina.startup.VersionLoggerListener.log Архитектура:           aarch64
15-Dec-2025 18:28:48.397 INFO [main] org.apache.catalina.startup.VersionLoggerListener.log Java Home:             /Users/plushavey/Library/Java/JavaVirtualMachines/corretto-23.0.2/Contents/Home
15-Dec-2025 18:28:48.397 INFO [main] org.apache.catalina.startup.VersionLoggerListener.log Версия JVM:            23.0.2+7-FR
15-Dec-2025 18:28:48.397 INFO [main] org.apache.catalina.startup.VersionLoggerListener.log Производитель JVM:     Amazon.com Inc.
15-Dec-2025 18:28:48.397 INFO [main] org.apache.catalina.startup.VersionLoggerListener.log CATALINA_BASE:         /Users/plushavey/Desktop/TP_Projects/WebServletV3/tomcat
15-Dec-2025 18:28:48.397 INFO [main] org.apache.catalina.startup.VersionLoggerListener.log CATALINA_HOME:         /Users/plushavey/Desktop/TP_Projects/WebServletV3/tomcat
15-Dec-2025 18:28:48.410 INFO [main] org.apache.catalina.startup.VersionLoggerListener.log Command line argument: --add-opens=java.base/java.lang=ALL-UNNAMED
15-Dec-2025 18:28:48.410 INFO [main] org.apache.catalina.startup.VersionLoggerListener.log Command line argument: --add-opens=java.base/java.lang.invoke=ALL-UNNAMED
15-Dec-2025 18:28:48.410 INFO [main] org.apache.catalina.startup.VersionLoggerListener.log Command line argument: --add-opens=java.base/java.lang.reflect=ALL-UNNAMED
15-Dec-2025 18:28:48.410 INFO [main] org.apache.catalina.startup.VersionLoggerListener.log Command line argument: --add-opens=java.base/java.io=ALL-UNNAMED
15-Dec-2025 18:28:48.410 INFO [main] org.apache.catalina.startup.VersionLoggerListener.log Command line argument: --add-opens=java.base/java.util=ALL-UNNAMED
15-Dec-2025 18:28:48.410 INFO [main] org.apache.catalina.startup.VersionLoggerListener.log Command line argument: --add-opens=java.base/java.util.concurrent=ALL-UNNAMED
15-Dec-2025 18:28:48.410 INFO [main] org.apache.catalina.startup.VersionLoggerListener.log Command line argument: --add-opens=java.rmi/sun.rmi.transport=ALL-UNNAMED
15-Dec-2025 18:28:48.410 INFO [main] org.apache.catalina.startup.VersionLoggerListener.log Command line argument: -Djava.util.logging.config.file=/Users/plushavey/Desktop/TP_Projects/WebServletV3/tomcat/conf/logging.properties
15-Dec-2025 18:28:48.410 INFO [main] org.apache.catalina.startup.VersionLoggerListener.log Command line argument: -Djava.util.logging.manager=org.apache.juli.ClassLoaderLogManager
15-Dec-2025 18:28:48.410 INFO [main] org.apache.catalina.startup.VersionLoggerListener.log Command line argument: -Djdk.tls.ephemeralDHKeySize=2048
15-Dec-2025 18:28:48.410 INFO [main] org.apache.catalina.startup.VersionLoggerListener.log Command line argument: -Djava.protocol.handler.pkgs=org.apache.catalina.webresources
15-Dec-2025 18:28:48.410 INFO [main] org.apache.catalina.startup.VersionLoggerListener.log Command line argument: -Dsun.io.useCanonCaches=false
15-Dec-2025 18:28:48.411 INFO [main] org.apache.catalina.startup.VersionLoggerListener.log Command line argument: -Dorg.apache.catalina.security.SecurityListener.UMASK=0027
15-Dec-2025 18:28:48.411 INFO [main] org.apache.catalina.startup.VersionLoggerListener.log Command line argument: -Dignore.endorsed.dirs=
15-Dec-2025 18:28:48.411 INFO [main] org.apache.catalina.startup.VersionLoggerListener.log Command line argument: -Dcatalina.base=/Users/plushavey/Desktop/TP_Projects/WebServletV3/tomcat
15-Dec-2025 18:28:48.411 INFO [main] org.apache.catalina.startup.VersionLoggerListener.log Command line argument: -Dcatalina.home=/Users/plushavey/Desktop/TP_Projects/WebServletV3/tomcat
15-Dec-2025 18:28:48.411 INFO [main] org.apache.catalina.startup.VersionLoggerListener.log Command line argument: -Djava.io.tmpdir=/Users/plushavey/Desktop/TP_Projects/WebServletV3/tomcat/temp
15-Dec-2025 18:28:48.417 INFO [main] org.apache.catalina.core.AprLifecycleListener.lifecycleEvent The Apache Tomcat Native library which allows using OpenSSL was not found on the java.library.path: [/Users/plushavey/Library/Java/Extensions:/Library/Java/Extensions:/Network/Library/Java/Extensions:/System/Library/Java/Extensions:/usr/lib/java:.]
15-Dec-2025 18:28:48.585 INFO [main] org.apache.coyote.AbstractProtocol.init Инициализация ProtocolHandler ["http-nio-8080"]
15-Dec-2025 18:28:48.599 INFO [main] org.apache.catalina.startup.Catalina.load Server initialization in [309] milliseconds
15-Dec-2025 18:28:48.617 INFO [main] org.apache.catalina.core.StandardService.startInternal Starting service [Catalina]
15-Dec-2025 18:28:48.617 INFO [main] org.apache.catalina.core.StandardEngine.startInternal Starting Servlet engine: [Apache Tomcat/9.0.112]
15-Dec-2025 18:28:48.624 INFO [main] org.apache.catalina.startup.HostConfig.deployWAR Deploying web application archive [/Users/plushavey/Desktop/TP_Projects/WebServletV3/tomcat/webapps/WebServletV3.war]
15-Dec-2025 18:28:48.770 INFO [main] org.apache.catalina.startup.HostConfig.deployWAR Deployment of web application archive [/Users/plushavey/Desktop/TP_Projects/WebServletV3/tomcat/webapps/WebServletV3.war] has finished in [144] ms
15-Dec-2025 18:28:48.770 INFO [main] org.apache.catalina.startup.HostConfig.deployDirectory Установка веб приложения в папку [/Users/plushavey/Desktop/TP_Projects/WebServletV3/tomcat/webapps/docs]
15-Dec-2025 18:28:48.783 INFO [main] org.apache.catalina.startup.HostConfig.deployDirectory Deployment of web application directory [/Users/plushavey/Desktop/TP_Projects/WebServletV3/tomcat/webapps/docs] has finished in [12] ms
15-Dec-2025 18:28:48.783 INFO [main] org.apache.catalina.startup.HostConfig.deployDirectory Установка веб приложения в папку [/Users/plushavey/Desktop/TP_Projects/WebServletV3/tomcat/webapps/manager]
15-Dec-2025 18:28:48.799 INFO [main] org.apache.catalina.startup.HostConfig.deployDirectory Deployment of web application directory [/Users/plushavey/Desktop/TP_Projects/WebServletV3/tomcat/webapps/manager] has finished in [16] ms
15-Dec-2025 18:28:48.799 INFO [main] org.apache.catalina.startup.HostConfig.deployDirectory Установка веб приложения в папку [/Users/plushavey/Desktop/TP_Projects/WebServletV3/tomcat/webapps/examples]
15-Dec-2025 18:28:48.905 INFO [main] org.apache.catalina.startup.HostConfig.deployDirectory Deployment of web application directory [/Users/plushavey/Desktop/TP_Projects/WebServletV3/tomcat/webapps/examples] has finished in [106] ms
15-Dec-2025 18:28:48.906 INFO [main] org.apache.catalina.startup.HostConfig.deployDirectory Установка веб приложения в папку [/Users/plushavey/Desktop/TP_Projects/WebServletV3/tomcat/webapps/ROOT]
15-Dec-2025 18:28:48.913 INFO [main] org.apache.catalina.startup.HostConfig.deployDirectory Deployment of web application directory [/Users/plushavey/Desktop/TP_Projects/WebServletV3/tomcat/webapps/ROOT] has finished in [7] ms
15-Dec-2025 18:28:48.913 INFO [main] org.apache.catalina.startup.HostConfig.deployDirectory Установка веб приложения в папку [/Users/plushavey/Desktop/TP_Projects/WebServletV3/tomcat/webapps/host-manager]
15-Dec-2025 18:28:48.922 INFO [main] org.apache.catalina.startup.HostConfig.deployDirectory Deployment of web application directory [/Users/plushavey/Desktop/TP_Projects/WebServletV3/tomcat/webapps/host-manager] has finished in [9] ms
15-Dec-2025 18:28:48.924 INFO [main] org.apache.coyote.AbstractProtocol.start Starting ProtocolHandler ["http-nio-8080"]
15-Dec-2025 18:28:48.928 INFO [main] org.apache.catalina.startup.Catalina.start Server startup in [328] milliseconds
15-Dec-2025 18:34:03.831 INFO [main] org.apache.catalina.core.StandardServer.await A valid shutdown command was received via the shutdown port. Stopping the Server instance.
15-Dec-2025 18:34:03.832 INFO [main] org.apache.coyote.AbstractProtocol.pause Pausing ProtocolHandler ["http-nio-8080"]
15-Dec-2025 18:34:03.835 INFO [main] org.apache.catalina.core.StandardService.stopInternal Stopping service [Catalina]
15-Dec-2025 18:34:03.850 INFO [main] org.apache.coyote.AbstractProtocol.stop Stopping ProtocolHandler ["http-nio-8080"]
15-Dec-2025 18:34:03.860 INFO [main] org.apache.coyote.AbstractProtocol.destroy Destroying ProtocolHandler ["http-nio-8080"]
NOTE: Picked up JDK_JAVA_OPTIONS:  --add-opens=java.base/java.lang=ALL-UNNAMED --add-opens=java.base/java.lang.invoke=ALL-UNNAMED --add-opens=java.base/java.lang.reflect=ALL-UNNAMED --add-opens=java.base/java.io=ALL-UNNAMED --add-opens=java.base/java.util=ALL-UNNAMED --add-opens=java.base/java.util.concurrent=ALL-UNNAMED --add-opens=java.rmi/sun.rmi.transport=ALL-UNNAMED
18-Dec-2025 12:05:58.323 INFO [main] org.apache.catalina.startup.VersionLoggerListener.log Имя версии сервера:    Apache Tomcat/9.0.112
18-Dec-2025 12:05:58.325 INFO [main] org.apache.catalina.startup.VersionLoggerListener.log Сервер собран:         Nov 6 2025 07:46:18 UTC
18-Dec-2025 12:05:58.325 INFO [main] org.apache.catalina.startup.VersionLoggerListener.log Номер версии сервера:  9.0.112.0
18-Dec-2025 12:05:58.325 INFO [main] org.apache.catalina.startup.VersionLoggerListener.log OS Name:               Mac OS X
18-Dec-2025 12:05:58.325 INFO [main] org.apache.catalina.startup.VersionLoggerListener.log Версия ОС:             15.6.1
18-Dec-2025 12:05:58.325 INFO [main] org.apache.catalina.startup.VersionLoggerListener.log Архитектура:           aarch64
18-Dec-2025 12:05:58.325 INFO [main] org.apache.catalina.startup.VersionLoggerListener.log Java Home:             /Users/plushavey/Library/Java/JavaVirtualMachines/corretto-23.0.2/Contents/Home
18-Dec-2025 12:05:58.325 INFO [main] org.apache.catalina.startup.VersionLoggerListener.log Версия JVM:            23.0.2+7-FR
18-Dec-2025 12:05:58.325 INFO [main] org.apache.catalina.startup.VersionLoggerListener.log Производитель JVM:     Amazon.com Inc.
18-Dec-2025 12:05:58.326 INFO [main] org.apache.catalina.startup.VersionLoggerListener.log CATALINA_BASE:         /Users/plushavey/Desktop/TP_Projects/WebServletV3/tomcat
18-Dec-2025 12:05:58.326 INFO [main] org.apache.catalina.startup.VersionLoggerListener.log CATALINA_HOME:         /Users/plushavey/Desktop/TP_Projects/WebServletV3/tomcat
18-Dec-2025 12:05:58.330 INFO [main] org.apache.catalina.startup.VersionLoggerListener.log Command line argument: --add-opens=java.base/java.lang=ALL-UNNAMED
18-Dec-2025 12:05:58.330 INFO [main] org.apache.catalina.startup.VersionLoggerListener.log Command line argument: --add-opens=java.base/java.lang.invoke=ALL-UNNAMED
18-Dec-2025 12:05:58.330 INFO [main] org.apache.catalina.startup.VersionLoggerListener.log Command line argument: --add-opens=java.base/java.lang.reflect=ALL-UNNAMED
18-Dec-2025 12:05:58.330 INFO [main] org.apache.catalina.startup.VersionLoggerListener.log Command line argument: --add-opens=java.base/java.io=ALL-UNNAMED
18-Dec-2025 12:05:58.330 INFO [main] org.apache.catalina.startup.VersionLoggerListener.log Command line argument: --add-opens=java.base/java.util=ALL-UNNAMED
18-Dec-2025 12:05:58.330 INFO [main] org.apache.catalina.startup.VersionLoggerListener.log Command line argument: --add-opens=java.base/java.util.concurrent=ALL-UNNAMED
18-Dec-2025 12:05:58.330 INFO [main] org.apache.catalina.startup.VersionLoggerListener.log Command line argument: --add-opens=java.rmi/sun.rmi.transport=ALL-UNNAMED
18-Dec-2025 12:05:58.330 INFO [main] org.apache.catalina.startup.VersionLoggerListener.log Command line argument: -Djava.util.logging.config.file=/Users/plushavey/Desktop/TP_Projects/WebServletV3/tomcat/conf/logging.properties
18-Dec-2025 12:05:58.330 INFO [main] org.apache.catalina.startup.VersionLoggerListener.log Command line argument: -Djava.util.logging.manager=org.apache.juli.ClassLoaderLogManager
18-Dec-2025 12:05:58.330 INFO [main] org.apache.catalina.startup.VersionLoggerListener.log Command line argument: -Djdk.tls.ephemeralDHKeySize=2048
18-Dec-2025 12:05:58.330 INFO [main] org.apache.catalina.startup.VersionLoggerListener.log Command line argument: -Djava.protocol.handler.pkgs=org.apache.catalina.webresources
18-Dec-2025 12:05:58.330 INFO [main] org.apache.catalina.startup.VersionLoggerListener.log Command line argument: -Dsun.io.useCanonCaches=false
18-Dec-2025 12:05:58.330 INFO [main] org.apache.catalina.startup.VersionLoggerListener.log Command line argument: -Dorg.apache.catalina.security.SecurityListener.UMASK=0027
18-Dec-2025 12:05:58.330 INFO [main] org.apache.catalina.startup.VersionLoggerListener.log Command line argument: -Dignore.endorsed.dirs=
18-Dec-2025 12:05:58.330 INFO [main] org.apache.catalina.startup.VersionLoggerListener.log Command line argument: -Dcatalina.base=/Users/plushavey/Desktop/TP_Projects/WebServletV3/tomcat
18-Dec-2025 12:05:58.330 INFO [main] org.apache.catalina.startup.VersionLoggerListener.log Command line argument: -Dcatalina.home=/Users/plushavey/Desktop/TP_Projects/WebServletV3/tomcat
18-Dec-2025 12:05:58.330 INFO [main] org.apache.catalina.startup.VersionLoggerListener.log Command line argument: -Djava.io.tmpdir=/Users/plushavey/Desktop/TP_Projects/WebServletV3/tomcat/temp
18-Dec-2025 12:05:58.339 INFO [main] org.apache.catalina.core.AprLifecycleListener.lifecycleEvent The Apache Tomcat Native library which allows using OpenSSL was not found on the java.library.path: [/Users/plushavey/Library/Java/Extensions:/Library/Java/Extensions:/Network/Library/Java/Extensions:/System/Library/Java/Extensions:/usr/lib/java:.]
18-Dec-2025 12:05:58.488 INFO [main] org.apache.coyote.AbstractProtocol.init Инициализация ProtocolHandler ["http-nio-8080"]
18-Dec-2025 12:05:58.500 INFO [main] org.apache.catalina.startup.Catalina.load Server initialization in [267] milliseconds
18-Dec-2025 12:05:58.518 INFO [main] org.apache.catalina.core.StandardService.startInternal Starting service [Catalina]
18-Dec-2025 12:05:58.518 INFO [main] org.apache.catalina.core.StandardEngine.startInternal Starting Servlet engine: [Apache Tomcat/9.0.112]
18-Dec-2025 12:05:58.525 INFO [main] org.apache.catalina.startup.HostConfig.deployWAR Deploying web application archive [/Users/plushavey/Desktop/TP_Projects/WebServletV3/tomcat/webapps/WebServletV3.war]
18-Dec-2025 12:05:58.660 INFO [main] org.apache.catalina.startup.HostConfig.deployWAR Deployment of web application archive [/Users/plushavey/Desktop/TP_Projects/WebServletV3/tomcat/webapps/WebServletV3.war] has finished in [135] ms
18-Dec-2025 12:05:58.660 INFO [main] org.apache.catalina.startup.HostConfig.deployDirectory Установка веб приложения в папку [/Users/plushavey/Desktop/TP_Projects/WebServletV3/tomcat/webapps/docs]
18-Dec-2025 12:05:58.673 INFO [main] org.apache.catalina.startup.HostConfig.deployDirectory Deployment of web application directory [/Users/plushavey/Desktop/TP_Projects/WebServletV3/tomcat/webapps/docs] has finished in [13] ms
18-Dec-2025 12:05:58.673 INFO [main] org.apache.catalina.startup.HostConfig.deployDirectory Установка веб приложения в папку [/Users/plushavey/Desktop/TP_Projects/WebServletV3/tomcat/webapps/manager]
18-Dec-2025 12:05:58.689 INFO [main] org.apache.catalina.startup.HostConfig.deployDirectory Deployment of web application directory [/Users/plushavey/Desktop/TP_Projects/WebServletV3/tomcat/webapps/manager] has finished in [16] ms
18-Dec-2025 12:05:58.689 INFO [main] org.apache.catalina.startup.HostConfig.deployDirectory Установка веб приложения в папку [/Users/plushavey/Desktop/TP_Projects/WebServletV3/tomcat/webapps/examples]
18-Dec-2025 12:05:58.793 INFO [main] org.apache.catalina.startup.HostConfig.deployDirectory Deployment of web application directory [/Users/plushavey/Desktop/TP_Projects/WebServletV3/tomcat/webapps/examples] has finished in [104] ms
18-Dec-2025 12:05:58.793 INFO [main] org.apache.catalina.startup.HostConfig.deployDirectory Установка веб приложения в папку [/Users/plushavey/Desktop/TP_Projects/WebServletV3/tomcat/webapps/ROOT]
18-Dec-2025 12:05:58.801 INFO [main] org.apache.catalina.startup.HostConfig.deployDirectory Deployment of web application directory [/Users/plushavey/Desktop/TP_Projects/WebServletV3/tomcat/webapps/ROOT] has finished in [7] ms
18-Dec-2025 12:05:58.801 INFO [main] org.apache.catalina.startup.HostConfig.deployDirectory Установка веб приложения в папку [/Users/plushavey/Desktop/TP_Projects/WebServletV3/tomcat/webapps/host-manager]
18-Dec-2025 12:05:58.810 INFO [main] org.apache.catalina.startup.HostConfig.deployDirectory Deployment of web application directory [/Users/plushavey/Desktop/TP_Projects/WebServletV3/tomcat/webapps/host-manager] has finished in [9] ms
18-Dec-2025 12:05:58.811 INFO [main] org.apache.coyote.AbstractProtocol.start Starting ProtocolHandler ["http-nio-8080"]
18-Dec-2025 12:05:58.815 INFO [main] org.apache.catalina.startup.Catalina.start Server startup in [314] milliseconds
18-Dec-2025 12:09:29.482 INFO [Thread-1] org.apache.coyote.AbstractProtocol.pause Pausing ProtocolHandler ["http-nio-8080"]
18-Dec-2025 12:09:29.486 INFO [Thread-1] org.apache.catalina.core.StandardService.stopInternal Stopping service [Catalina]
18-Dec-2025 12:09:29.502 INFO [Thread-1] org.apache.coyote.AbstractProtocol.stop Stopping ProtocolHandler ["http-nio-8080"]
18-Dec-2025 12:09:29.512 INFO [Thread-1] org.apache.coyote.AbstractProtocol.destroy Destroying ProtocolHandler ["http-nio-8080"]
NOTE: Picked up JDK_JAVA_OPTIONS:  --add-opens=java.base/java.lang=ALL-UNNAMED --add-opens=java.base/java.lang.invoke=ALL-UNNAMED --add-opens=java.base/java.lang.reflect=ALL-UNNAMED --add-opens=java.base/java.io=ALL-UNNAMED --add-opens=java.base/java.util=ALL-UNNAMED --add-opens=java.base/java.util.concurrent=ALL-UNNAMED --add-opens=java.rmi/sun.rmi.transport=ALL-UNNAMED
18-Dec-2025 12:48:37.616 INFO [main] org.apache.catalina.startup.VersionLoggerListener.log Имя версии сервера:    Apache Tomcat/9.0.112
18-Dec-2025 12:48:37.618 INFO [main] org.apache.catalina.startup.VersionLoggerListener.log Сервер собран:         Nov 6 2025 07:46:18 UTC
18-Dec-2025 12:48:37.618 INFO [main] org.apache.catalina.startup.VersionLoggerListener.log Номер версии сервера:  9.0.112.0
18-Dec-2025 12:48:37.619 INFO [main] org.apache.catalina.startup.VersionLoggerListener.log OS Name:               Mac OS X
18-Dec-2025 12:48:37.619 INFO [main] org.apache.catalina.startup.VersionLoggerListener.log Версия ОС:             15.6.1
18-Dec-2025 12:48:37.619 INFO [main] org.apache.catalina.startup.VersionLoggerListener.log Архитектура:           aarch64
18-Dec-2025 12:48:37.619 INFO [main] org.apache.catalina.startup.VersionLoggerListener.log Java Home:             /Users/plushavey/Library/Java/JavaVirtualMachines/corretto-23.0.2/Contents/Home
18-Dec-2025 12:48:37.619 INFO [main] org.apache.catalina.startup.VersionLoggerListener.log Версия JVM:            23.0.2+7-FR
18-Dec-2025 12:48:37.619 INFO [main] org.apache.catalina.startup.VersionLoggerListener.log Производитель JVM:     Amazon.com Inc.
18-Dec-2025 12:48:37.619 INFO [main] org.apache.catalina.startup.VersionLoggerListener.log CATALINA_BASE:         /Users/plushavey/Desktop/TP_Projects/WebServletV3/tomcat
18-Dec-2025 12:48:37.619 INFO [main] org.apache.catalina.startup.VersionLoggerListener.log CATALINA_HOME:         /Users/plushavey/Desktop/TP_Projects/WebServletV3/tomcat
18-Dec-2025 12:48:37.626 INFO [main] org.apache.catalina.startup.VersionLoggerListener.log Command line argument: --add-opens=java.base/java.lang=ALL-UNNAMED
18-Dec-2025 12:48:37.626 INFO [main] org.apache.catalina.startup.VersionLoggerListener.log Command line argument: --add-opens=java.base/java.lang.invoke=ALL-UNNAMED
18-Dec-2025 12:48:37.626 INFO [main] org.apache.catalina.startup.VersionLoggerListener.log Command line argument: --add-opens=java.base/java.lang.reflect=ALL-UNNAMED
18-Dec-2025 12:48:37.626 INFO [main] org.apache.catalina.startup.VersionLoggerListener.log Command line argument: --add-opens=java.base/java.io=ALL-UNNAMED
18-Dec-2025 12:48:37.626 INFO [main] org.apache.catalina.startup.VersionLoggerListener.log Command line argument: --add-opens=java.base/java.util=ALL-UNNAMED
18-Dec-2025 12:48:37.626 INFO [main] org.apache.catalina.startup.VersionLoggerListener.log Command line argument: --add-opens=java.base/java.util.concurrent=ALL-UNNAMED
18-Dec-2025 12:48:37.626 INFO [main] org.apache.catalina.startup.VersionLoggerListener.log Command line argument: --add-opens=java.rmi/sun.rmi.transport=ALL-UNNAMED
18-Dec-2025 12:48:37.626 INFO [main] org.apache.catalina.startup.VersionLoggerListener.log Command line argument: -Djava.util.logging.config.file=/Users/plushavey/Desktop/TP_Projects/WebServletV3/tomcat/conf/logging.properties
18-Dec-2025 12:48:37.627 INFO [main] org.apache.catalina.startup.VersionLoggerListener.log Command line argument: -Djava.util.logging.manager=org.apache.juli.ClassLoaderLogManager
18-Dec-2025 12:48:37.627 INFO [main] org.apache.catalina.startup.VersionLoggerListener.log Command line argument: -Djdk.tls.ephemeralDHKeySize=2048
18-Dec-2025 12:48:37.627 INFO [main] org.apache.catalina.startup.VersionLoggerListener.log Command line argument: -Djava.protocol.handler.pkgs=org.apache.catalina.webresources
18-Dec-2025 12:48:37.627 INFO [main] org.apache.catalina.startup.VersionLoggerListener.log Command line argument: -Dsun.io.useCanonCaches=false
18-Dec-2025 12:48:37.627 INFO [main] org.apache.catalina.startup.VersionLoggerListener.log Command line argument: -Dorg.apache.catalina.security.SecurityListener.UMASK=0027
18-Dec-2025 12:48:37.627 INFO [main] org.apache.catalina.startup.VersionLoggerListener.log Command line argument: -Dignore.endorsed.dirs=
18-Dec-2025 12:48:37.627 INFO [main] org.apache.catalina.startup.VersionLoggerListener.log Command line argument: -Dcatalina.base=/Users/plushavey/Desktop/TP_Projects/WebServletV3/tomcat
18-Dec-2025 12:48:37.627 INFO [main] org.apache.catalina.startup.VersionLoggerListener.log Command line argument: -Dcatalina.home=/Users/plushavey/Desktop/TP_Projects/WebServletV3/tomcat
18-Dec-2025 12:48:37.627 INFO [main] org.apache.catalina.startup.VersionLoggerListener.log Command line argument: -Djava.io.tmpdir=/Users/plushavey/Desktop/TP_Projects/WebServletV3/tomcat/temp
18-Dec-2025 12:48:37.633 INFO [main] org.apache.catalina.core.AprLifecycleListener.lifecycleEvent The Apache Tomcat Native library which allows using OpenSSL was not found on the java.library.path: [/Users/plushavey/Library/Java/Extensions:/Library/Java/Extensions:/Network/Library/Java/Extensions:/System/Library/Java/Extensions:/usr/lib/java:.]
18-Dec-2025 12:48:37.799 INFO [main] org.apache.coyote.AbstractProtocol.init Инициализация ProtocolHandler ["http-nio-8080"]
18-Dec-2025 12:48:37.814 INFO [main] org.apache.catalina.startup.Catalina.load Server initialization in [302] milliseconds
18-Dec-2025 12:48:37.832 INFO [main] org.apache.catalina.core.StandardService.startInternal Starting service [Catalina]
18-Dec-2025 12:48:37.832 INFO [main] org.apache.catalina.core.StandardEngine.startInternal Starting Servlet engine: [Apache Tomcat/9.0.112]
18-Dec-2025 12:48:37.840 INFO [main] org.apache.catalina.startup.HostConfig.deployWAR Deploying web application archive [/Users/plushavey/Desktop/TP_Projects/WebServletV3/tomcat/webapps/WebServletV3.war]
18-Dec-2025 12:48:37.981 INFO [main] org.apache.catalina.startup.HostConfig.deployWAR Deployment of web application archive [/Users/plushavey/Desktop/TP_Projects/WebServletV3/tomcat/webapps/WebServletV3.war] has finished in [139] ms
18-Dec-2025 12:48:37.982 INFO [main] org.apache.catalina.startup.HostConfig.deployDirectory Установка веб приложения в папку [/Users/plushavey/Desktop/TP_Projects/WebServletV3/tomcat/webapps/docs]
18-Dec-2025 12:48:37.993 INFO [main] org.apache.catalina.startup.HostConfig.deployDirectory Deployment of web application directory [/Users/plushavey/Desktop/TP_Projects/WebServletV3/tomcat/webapps/docs] has finished in [11] ms
18-Dec-2025 12:48:37.994 INFO [main] org.apache.catalina.startup.HostConfig.deployDirectory Установка веб приложения в папку [/Users/plushavey/Desktop/TP_Projects/WebServletV3/tomcat/webapps/manager]
18-Dec-2025 12:48:38.010 INFO [main] org.apache.catalina.startup.HostConfig.deployDirectory Deployment of web application directory [/Users/plushavey/Desktop/TP_Projects/WebServletV3/tomcat/webapps/manager] has finished in [16] ms
18-Dec-2025 12:48:38.010 INFO [main] org.apache.catalina.startup.HostConfig.deployDirectory Установка веб приложения в папку [/Users/plushavey/Desktop/TP_Projects/WebServletV3/tomcat/webapps/examples]
18-Dec-2025 12:48:38.115 INFO [main] org.apache.catalina.startup.HostConfig.deployDirectory Deployment of web application directory [/Users/plushavey/Desktop/TP_Projects/WebServletV3/tomcat/webapps/examples] has finished in [105] ms
18-Dec-2025 12:48:38.115 INFO [main] org.apache.catalina.startup.HostConfig.deployDirectory Установка веб приложения в папку [/Users/plushavey/Desktop/TP_Projects/WebServletV3/tomcat/webapps/ROOT]
18-Dec-2025 12:48:38.123 INFO [main] org.apache.catalina.startup.HostConfig.deployDirectory Deployment of web application directory [/Users/plushavey/Desktop/TP_Projects/WebServletV3/tomcat/webapps/ROOT] has finished in [8] ms
18-Dec-2025 12:48:38.123 INFO [main] org.apache.catalina.startup.HostConfig.deployDirectory Установка веб приложения в папку [/Users/plushavey/Desktop/TP_Projects/WebServletV3/tomcat/webapps/host-manager]
18-Dec-2025 12:48:38.132 INFO [main] org.apache.catalina.startup.HostConfig.deployDirectory Deployment of web application directory [/Users/plushavey/Desktop/TP_Projects/WebServletV3/tomcat/webapps/host-manager] has finished in [9] ms
18-Dec-2025 12:48:38.133 INFO [main] org.apache.coyote.AbstractProtocol.start Starting ProtocolHandler ["http-nio-8080"]
18-Dec-2025 12:48:38.137 INFO [main] org.apache.catalina.startup.Catalina.start Server startup in [323] milliseconds
NOTE: Picked up JDK_JAVA_OPTIONS:  --add-opens=java.base/java.lang=ALL-UNNAMED --add-opens=java.base/java.lang.invoke=ALL-UNNAMED --add-opens=java.base/java.lang.reflect=ALL-UNNAMED --add-opens=java.base/java.io=ALL-UNNAMED --add-opens=java.base/java.util=ALL-UNNAMED --add-opens=java.base/java.util.concurrent=ALL-UNNAMED --add-opens=java.rmi/sun.rmi.transport=ALL-UNNAMED
18-Dec-2025 13:00:42.381 INFO [main] org.apache.catalina.startup.VersionLoggerListener.log Имя версии сервера:    Apache Tomcat/9.0.112
18-Dec-2025 13:00:42.383 INFO [main] org.apache.catalina.startup.VersionLoggerListener.log Сервер собран:         Nov 6 2025 07:46:18 UTC
18-Dec-2025 13:00:42.383 INFO [main] org.apache.catalina.startup.VersionLoggerListener.log Номер версии сервера:  9.0.112.0
18-Dec-2025 13:00:42.383 INFO [main] org.apache.catalina.startup.VersionLoggerListener.log OS Name:               Mac OS X
18-Dec-2025 13:00:42.383 INFO [main] org.apache.catalina.startup.VersionLoggerListener.log Версия ОС:             15.6.1
18-Dec-2025 13:00:42.383 INFO [main] org.apache.catalina.startup.VersionLoggerListener.log Архитектура:           aarch64
18-Dec-2025 13:00:42.383 INFO [main] org.apache.catalina.startup.VersionLoggerListener.log Java Home:             /Users/plushavey/Library/Java/JavaVirtualMachines/corretto-23.0.2/Contents/Home
18-Dec-2025 13:00:42.383 INFO [main] org.apache.catalina.startup.VersionLoggerListener.log Версия JVM:            23.0.2+7-FR
18-Dec-2025 13:00:42.383 INFO [main] org.apache.catalina.startup.VersionLoggerListener.log Производитель JVM:     Amazon.com Inc.
18-Dec-2025 13:00:42.383 INFO [main] org.apache.catalina.startup.VersionLoggerListener.log CATALINA_BASE:         /Users/plushavey/Desktop/TP_Projects/WebServletV3/tomcat
18-Dec-2025 13:00:42.383 INFO [main] org.apache.catalina.startup.VersionLoggerListener.log CATALINA_HOME:         /Users/plushavey/Desktop/TP_Projects/WebServletV3/tomcat
18-Dec-2025 13:00:42.387 INFO [main] org.apache.catalina.startup.VersionLoggerListener.log Command line argument: --add-opens=java.base/java.lang=ALL-UNNAMED
18-Dec-2025 13:00:42.388 INFO [main] org.apache.catalina.startup.VersionLoggerListener.log Command line argument: --add-opens=java.base/java.lang.invoke=ALL-UNNAMED
18-Dec-2025 13:00:42.388 INFO [main] org.apache.catalina.startup.VersionLoggerListener.log Command line argument: --add-opens=java.base/java.lang.reflect=ALL-UNNAMED
18-Dec-2025 13:00:42.388 INFO [main] org.apache.catalina.startup.VersionLoggerListener.log Command line argument: --add-opens=java.base/java.io=ALL-UNNAMED
18-Dec-2025 13:00:42.388 INFO [main] org.apache.catalina.startup.VersionLoggerListener.log Command line argument: --add-opens=java.base/java.util=ALL-UNNAMED
18-Dec-2025 13:00:42.388 INFO [main] org.apache.catalina.startup.VersionLoggerListener.log Command line argument: --add-opens=java.base/java.util.concurrent=ALL-UNNAMED
18-Dec-2025 13:00:42.388 INFO [main] org.apache.catalina.startup.VersionLoggerListener.log Command line argument: --add-opens=java.rmi/sun.rmi.transport=ALL-UNNAMED
18-Dec-2025 13:00:42.388 INFO [main] org.apache.catalina.startup.VersionLoggerListener.log Command line argument: -Djava.util.logging.config.file=/Users/plushavey/Desktop/TP_Projects/WebServletV3/tomcat/conf/logging.properties
18-Dec-2025 13:00:42.388 INFO [main] org.apache.catalina.startup.VersionLoggerListener.log Command line argument: -Djava.util.logging.manager=org.apache.juli.ClassLoaderLogManager
18-Dec-2025 13:00:42.388 INFO [main] org.apache.catalina.startup.VersionLoggerListener.log Command line argument: -Djdk.tls.ephemeralDHKeySize=2048
18-Dec-2025 13:00:42.388 INFO [main] org.apache.catalina.startup.VersionLoggerListener.log Command line argument: -Djava.protocol.handler.pkgs=org.apache.catalina.webresources
18-Dec-2025 13:00:42.388 INFO [main] org.apache.catalina.startup.VersionLoggerListener.log Command line argument: -Dsun.io.useCanonCaches=false
18-Dec-2025 13:00:42.388 INFO [main] org.apache.catalina.startup.VersionLoggerListener.log Command line argument: -Dorg.apache.catalina.security.SecurityListener.UMASK=0027
18-Dec-2025 13:00:42.388 INFO [main] org.apache.catalina.startup.VersionLoggerListener.log Command line argument: -Dignore.endorsed.dirs=
18-Dec-2025 13:00:42.388 INFO [main] org.apache.catalina.startup.VersionLoggerListener.log Command line argument: -Dcatalina.base=/Users/plushavey/Desktop/TP_Projects/WebServletV3/tomcat
18-Dec-2025 13:00:42.388 INFO [main] org.apache.catalina.startup.VersionLoggerListener.log Command line argument: -Dcatalina.home=/Users/plushavey/Desktop/TP_Projects/WebServletV3/tomcat
18-Dec-2025 13:00:42.388 INFO [main] org.apache.catalina.startup.VersionLoggerListener.log Command line argument: -Djava.io.tmpdir=/Users/plushavey/Desktop/TP_Projects/WebServletV3/tomcat/temp
18-Dec-2025 13:00:42.394 INFO [main] org.apache.catalina.core.AprLifecycleListener.lifecycleEvent The Apache Tomcat Native library which allows using OpenSSL was not found on the java.library.path: [/Users/plushavey/Library/Java/Extensions:/Library/Java/Extensions:/Network/Library/Java/Extensions:/System/Library/Java/Extensions:/usr/lib/java:.]
18-Dec-2025 13:00:42.544 INFO [main] org.apache.coyote.AbstractProtocol.init Инициализация ProtocolHandler ["http-nio-8080"]
18-Dec-2025 13:00:42.551 SEVERE [main] org.apache.catalina.util.LifecycleBase.handleSubClassException Ошибка инициализации компонента [Connector["http-nio-8080"]]
	org.apache.catalina.LifecycleException: Protocol handler initialization failed
		at org.apache.catalina.connector.Connector.initInternal(Connector.java:1070)
		at org.apache.catalina.util.LifecycleBase.init(LifecycleBase.java:122)
		at org.apache.catalina.core.StandardService.initInternal(StandardService.java:520)
		at org.apache.catalina.util.LifecycleBase.init(LifecycleBase.java:122)
		at org.apache.catalina.core.StandardServer.initInternal(StandardServer.java:984)
		at org.apache.catalina.util.LifecycleBase.init(LifecycleBase.java:122)
		at org.apache.catalina.startup.Catalina.load(Catalina.java:687)
		at org.apache.catalina.startup.Catalina.load(Catalina.java:710)
		at java.base/jdk.internal.reflect.DirectMethodHandleAccessor.invoke(DirectMethodHandleAccessor.java:103)
		at java.base/java.lang.reflect.Method.invoke(Method.java:580)
		at org.apache.catalina.startup.Bootstrap.load(Bootstrap.java:299)
		at org.apache.catalina.startup.Bootstrap.main(Bootstrap.java:472)
	Caused by: java.net.BindException: Address already in use
		at java.base/sun.nio.ch.Net.bind0(Native Method)
		at java.base/sun.nio.ch.Net.bind(Net.java:565)
		at java.base/sun.nio.ch.ServerSocketChannelImpl.netBind(ServerSocketChannelImpl.java:344)
		at java.base/sun.nio.ch.ServerSocketChannelImpl.bind(ServerSocketChannelImpl.java:301)
		at org.apache.tomcat.util.net.NioEndpoint.initServerSocket(NioEndpoint.java:296)
		at org.apache.tomcat.util.net.NioEndpoint.bind(NioEndpoint.java:251)
		at org.apache.tomcat.util.net.AbstractEndpoint.bindWithCleanup(AbstractEndpoint.java:1464)
		at org.apache.tomcat.util.net.AbstractEndpoint.init(AbstractEndpoint.java:1477)
		at org.apache.coyote.AbstractProtocol.init(AbstractProtocol.java:663)
		at org.apache.coyote.http11.AbstractHttp11Protocol.init(AbstractHttp11Protocol.java:80)
		at org.apache.catalina.connector.Connector.initInternal(Connector.java:1068)
		... 11 more
18-Dec-2025 13:00:42.551 INFO [main] org.apache.catalina.startup.Catalina.load Server initialization in [259] milliseconds
18-Dec-2025 13:00:42.566 INFO [main] org.apache.catalina.core.StandardService.startInternal Starting service [Catalina]
18-Dec-2025 13:00:42.567 INFO [main] org.apache.catalina.core.StandardEngine.startInternal Starting Servlet engine: [Apache Tomcat/9.0.112]
18-Dec-2025 13:00:42.573 INFO [main] org.apache.catalina.startup.HostConfig.deployWAR Deploying web application archive [/Users/plushavey/Desktop/TP_Projects/WebServletV3/tomcat/webapps/WebServletV3.war]
18-Dec-2025 13:00:42.705 INFO [main] org.apache.catalina.startup.HostConfig.deployWAR Deployment of web application archive [/Users/plushavey/Desktop/TP_Projects/WebServletV3/tomcat/webapps/WebServletV3.war] has finished in [130] ms
18-Dec-2025 13:00:42.705 INFO [main] org.apache.catalina.startup.HostConfig.deployDirectory Установка веб приложения в папку [/Users/plushavey/Desktop/TP_Projects/WebServletV3/tomcat/webapps/docs]
18-Dec-2025 13:00:42.717 INFO [main] org.apache.catalina.startup.HostConfig.deployDirectory Deployment of web application directory [/Users/plushavey/Desktop/TP_Projects/WebServletV3/tomcat/webapps/docs] has finished in [12] ms
18-Dec-2025 13:00:42.717 INFO [main] org.apache.catalina.startup.HostConfig.deployDirectory Установка веб приложения в папку [/Users/plushavey/Desktop/TP_Projects/WebServletV3/tomcat/webapps/manager]
18-Dec-2025 13:00:42.732 INFO [main] org.apache.catalina.startup.HostConfig.deployDirectory Deployment of web application directory [/Users/plushavey/Desktop/TP_Projects/WebServletV3/tomcat/webapps/manager] has finished in [15] ms
18-Dec-2025 13:00:42.733 INFO [main] org.apache.catalina.startup.HostConfig.deployDirectory Установка веб приложения в папку [/Users/plushavey/Desktop/TP_Projects/WebServletV3/tomcat/webapps/examples]
18-Dec-2025 13:00:42.832 INFO [main] org.apache.catalina.startup.HostConfig.deployDirectory Deployment of web application directory [/Users/plushavey/Desktop/TP_Projects/WebServletV3/tomcat/webapps/examples] has finished in [99] ms
18-Dec-2025 13:00:42.832 INFO [main] org.apache.catalina.startup.HostConfig.deployDirectory Установка веб приложения в папку [/Users/plushavey/Desktop/TP_Projects/WebServletV3/tomcat/webapps/ROOT]
18-Dec-2025 13:00:42.840 INFO [main] org.apache.catalina.startup.HostConfig.deployDirectory Deployment of web application directory [/Users/plushavey/Desktop/TP_Projects/WebServletV3/tomcat/webapps/ROOT] has finished in [7] ms
18-Dec-2025 13:00:42.840 INFO [main] org.apache.catalina.startup.HostConfig.deployDirectory Установка веб приложения в папку [/Users/plushavey/Desktop/TP_Projects/WebServletV3/tomcat/webapps/host-manager]
18-Dec-2025 13:00:42.848 INFO [main] org.apache.catalina.startup.HostConfig.deployDirectory Deployment of web application directory [/Users/plushavey/Desktop/TP_Projects/WebServletV3/tomcat/webapps/host-manager] has finished in [8] ms
18-Dec-2025 13:00:42.850 INFO [main] org.apache.catalina.startup.Catalina.start Server startup in [298] milliseconds
18-Dec-2025 13:00:42.852 SEVERE [main] org.apache.catalina.core.StandardServer.await Failed to create server shutdown socket on address [localhost] and port [8005] (base port [8005] and offset [0])
	java.net.BindException: Address already in use
		at java.base/sun.nio.ch.Net.bind0(Native Method)
		at java.base/sun.nio.ch.Net.bind(Net.java:565)
		at java.base/sun.nio.ch.Net.bind(Net.java:554)
		at java.base/sun.nio.ch.NioSocketImpl.bind(NioSocketImpl.java:636)
		at java.base/java.net.ServerSocket.bind(ServerSocket.java:389)
		at java.base/java.net.ServerSocket.<init>(ServerSocket.java:276)
		at org.apache.catalina.core.StandardServer.await(StandardServer.java:535)
		at org.apache.catalina.startup.Catalina.await(Catalina.java:826)
		at org.apache.catalina.startup.Catalina.start(Catalina.java:774)
		at java.base/jdk.internal.reflect.DirectMethodHandleAccessor.invoke(DirectMethodHandleAccessor.java:103)
		at java.base/java.lang.reflect.Method.invoke(Method.java:580)
		at org.apache.catalina.startup.Bootstrap.start(Bootstrap.java:342)
		at org.apache.catalina.startup.Bootstrap.main(Bootstrap.java:473)
18-Dec-2025 13:00:42.852 INFO [main] org.apache.coyote.AbstractProtocol.pause Pausing ProtocolHandler ["http-nio-8080"]
18-Dec-2025 13:00:42.852 INFO [main] org.apache.catalina.core.StandardService.stopInternal Stopping service [Catalina]
18-Dec-2025 13:00:42.862 INFO [main] org.apache.coyote.AbstractProtocol.stop Stopping ProtocolHandler ["http-nio-8080"]
18-Dec-2025 13:00:42.862 INFO [main] org.apache.coyote.AbstractProtocol.destroy Destroying ProtocolHandler ["http-nio-8080"]
18-Dec-2025 13:01:13.534 INFO [main] org.apache.catalina.core.StandardServer.await A valid shutdown command was received via the shutdown port. Stopping the Server instance.
18-Dec-2025 13:01:13.535 INFO [main] org.apache.coyote.AbstractProtocol.pause Pausing ProtocolHandler ["http-nio-8080"]
18-Dec-2025 13:01:13.537 INFO [main] org.apache.catalina.core.StandardService.stopInternal Stopping service [Catalina]
18-Dec-2025 13:01:13.549 INFO [main] org.apache.coyote.AbstractProtocol.stop Stopping ProtocolHandler ["http-nio-8080"]
18-Dec-2025 13:01:13.561 INFO [main] org.apache.coyote.AbstractProtocol.destroy Destroying ProtocolHandler ["http-nio-8080"]
NOTE: Picked up JDK_JAVA_OPTIONS:  --add-opens=java.base/java.lang=ALL-UNNAMED --add-opens=java.base/java.lang.invoke=ALL-UNNAMED --add-opens=java.base/java.lang.reflect=ALL-UNNAMED --add-opens=java.base/java.io=ALL-UNNAMED --add-opens=java.base/java.util=ALL-UNNAMED --add-opens=java.base/java.util.concurrent=ALL-UNNAMED --add-opens=java.rmi/sun.rmi.transport=ALL-UNNAMED
18-Dec-2025 13:01:52.897 INFO [main] org.apache.catalina.startup.VersionLoggerListener.log Имя версии сервера:    Apache Tomcat/9.0.112
18-Dec-2025 13:01:52.899 INFO [main] org.apache.catalina.startup.VersionLoggerListener.log Сервер собран:         Nov 6 2025 07:46:18 UTC
18-Dec-2025 13:01:52.899 INFO [main] org.apache.catalina.startup.VersionLoggerListener.log Номер версии сервера:  9.0.112.0
18-Dec-2025 13:01:52.899 INFO [main] org.apache.catalina.startup.VersionLoggerListener.log OS Name:               Mac OS X
18-Dec-2025 13:01:52.899 INFO [main] org.apache.catalina.startup.VersionLoggerListener.log Версия ОС:             15.6.1
18-Dec-2025 13:01:52.899 INFO [main] org.apache.catalina.startup.VersionLoggerListener.log Архитектура:           aarch64
18-Dec-2025 13:01:52.899 INFO [main] org.apache.catalina.startup.VersionLoggerListener.log Java Home:             /Users/plushavey/Library/Java/JavaVirtualMachines/corretto-23.0.2/Contents/Home
18-Dec-2025 13:01:52.899 INFO [main] org.apache.catalina.startup.VersionLoggerListener.log Версия JVM:            23.0.2+7-FR
18-Dec-2025 13:01:52.899 INFO [main] org.apache.catalina.startup.VersionLoggerListener.log Производитель JVM:     Amazon.com Inc.
18-Dec-2025 13:01:52.900 INFO [main] org.apache.catalina.startup.VersionLoggerListener.log CATALINA_BASE:         /Users/plushavey/Desktop/TP_Projects/WebServletV3/tomcat
18-Dec-2025 13:01:52.900 INFO [main] org.apache.catalina.startup.VersionLoggerListener.log CATALINA_HOME:         /Users/plushavey/Desktop/TP_Projects/WebServletV3/tomcat
18-Dec-2025 13:01:52.907 INFO [main] org.apache.catalina.startup.VersionLoggerListener.log Command line argument: --add-opens=java.base/java.lang=ALL-UNNAMED
18-Dec-2025 13:01:52.907 INFO [main] org.apache.catalina.startup.VersionLoggerListener.log Command line argument: --add-opens=java.base/java.lang.invoke=ALL-UNNAMED
18-Dec-2025 13:01:52.907 INFO [main] org.apache.catalina.startup.VersionLoggerListener.log Command line argument: --add-opens=java.base/java.lang.reflect=ALL-UNNAMED
18-Dec-2025 13:01:52.907 INFO [main] org.apache.catalina.startup.VersionLoggerListener.log Command line argument: --add-opens=java.base/java.io=ALL-UNNAMED
18-Dec-2025 13:01:52.907 INFO [main] org.apache.catalina.startup.VersionLoggerListener.log Command line argument: --add-opens=java.base/java.util=ALL-UNNAMED
18-Dec-2025 13:01:52.907 INFO [main] org.apache.catalina.startup.VersionLoggerListener.log Command line argument: --add-opens=java.base/java.util.concurrent=ALL-UNNAMED
18-Dec-2025 13:01:52.907 INFO [main] org.apache.catalina.startup.VersionLoggerListener.log Command line argument: --add-opens=java.rmi/sun.rmi.transport=ALL-UNNAMED
18-Dec-2025 13:01:52.907 INFO [main] org.apache.catalina.startup.VersionLoggerListener.log Command line argument: -Djava.util.logging.config.file=/Users/plushavey/Desktop/TP_Projects/WebServletV3/tomcat/conf/logging.properties
18-Dec-2025 13:01:52.907 INFO [main] org.apache.catalina.startup.VersionLoggerListener.log Command line argument: -Djava.util.logging.manager=org.apache.juli.ClassLoaderLogManager
18-Dec-2025 13:01:52.907 INFO [main] org.apache.catalina.startup.VersionLoggerListener.log Command line argument: -Djdk.tls.ephemeralDHKeySize=2048
18-Dec-2025 13:01:52.907 INFO [main] org.apache.catalina.startup.VersionLoggerListener.log Command line argument: -Djava.protocol.handler.pkgs=org.apache.catalina.webresources
18-Dec-2025 13:01:52.907 INFO [main] org.apache.catalina.startup.VersionLoggerListener.log Command line argument: -Dsun.io.useCanonCaches=false
18-Dec-2025 13:01:52.908 INFO [main] org.apache.catalina.startup.VersionLoggerListener.log Command line argument: -Dorg.apache.catalina.security.SecurityListener.UMASK=0027
18-Dec-2025 13:01:52.908 INFO [main] org.apache.catalina.startup.VersionLoggerListener.log Command line argument: -Dignore.endorsed.dirs=
18-Dec-2025 13:01:52.908 INFO [main] org.apache.catalina.startup.VersionLoggerListener.log Command line argument: -Dcatalina.base=/Users/plushavey/Desktop/TP_Projects/WebServletV3/tomcat
18-Dec-2025 13:01:52.908 INFO [main] org.apache.catalina.startup.VersionLoggerListener.log Command line argument: -Dcatalina.home=/Users/plushavey/Desktop/TP_Projects/WebServletV3/tomcat
18-Dec-2025 13:01:52.908 INFO [main] org.apache.catalina.startup.VersionLoggerListener.log Command line argument: -Djava.io.tmpdir=/Users/plushavey/Desktop/TP_Projects/WebServletV3/tomcat/temp
18-Dec-2025 13:01:52.913 INFO [main] org.apache.catalina.core.AprLifecycleListener.lifecycleEvent The Apache Tomcat Native library which allows using OpenSSL was not found on the java.library.path: [/Users/plushavey/Library/Java/Extensions:/Library/Java/Extensions:/Network/Library/Java/Extensions:/System/Library/Java/Extensions:/usr/lib/java:.]
18-Dec-2025 13:01:53.082 INFO [main] org.apache.coyote.AbstractProtocol.init Инициализация ProtocolHandler ["http-nio-8080"]
18-Dec-2025 13:01:53.094 INFO [main] org.apache.catalina.startup.Catalina.load Server initialization in [290] milliseconds
18-Dec-2025 13:01:53.113 INFO [main] org.apache.catalina.core.StandardService.startInternal Starting service [Catalina]
18-Dec-2025 13:01:53.113 INFO [main] org.apache.catalina.core.StandardEngine.startInternal Starting Servlet engine: [Apache Tomcat/9.0.112]
18-Dec-2025 13:01:53.120 INFO [main] org.apache.catalina.startup.HostConfig.deployWAR Deploying web application archive [/Users/plushavey/Desktop/TP_Projects/WebServletV3/tomcat/webapps/WebServletV3.war]
18-Dec-2025 13:01:53.266 INFO [main] org.apache.catalina.startup.HostConfig.deployWAR Deployment of web application archive [/Users/plushavey/Desktop/TP_Projects/WebServletV3/tomcat/webapps/WebServletV3.war] has finished in [145] ms
18-Dec-2025 13:01:53.267 INFO [main] org.apache.catalina.startup.HostConfig.deployDirectory Установка веб приложения в папку [/Users/plushavey/Desktop/TP_Projects/WebServletV3/tomcat/webapps/docs]
18-Dec-2025 13:01:53.279 INFO [main] org.apache.catalina.startup.HostConfig.deployDirectory Deployment of web application directory [/Users/plushavey/Desktop/TP_Projects/WebServletV3/tomcat/webapps/docs] has finished in [12] ms
18-Dec-2025 13:01:53.279 INFO [main] org.apache.catalina.startup.HostConfig.deployDirectory Установка веб приложения в папку [/Users/plushavey/Desktop/TP_Projects/WebServletV3/tomcat/webapps/manager]
18-Dec-2025 13:01:53.296 INFO [main] org.apache.catalina.startup.HostConfig.deployDirectory Deployment of web application directory [/Users/plushavey/Desktop/TP_Projects/WebServletV3/tomcat/webapps/manager] has finished in [17] ms
18-Dec-2025 13:01:53.296 INFO [main] org.apache.catalina.startup.HostConfig.deployDirectory Установка веб приложения в папку [/Users/plushavey/Desktop/TP_Projects/WebServletV3/tomcat/webapps/examples]
18-Dec-2025 13:01:53.403 INFO [main] org.apache.catalina.startup.HostConfig.deployDirectory Deployment of web application directory [/Users/plushavey/Desktop/TP_Projects/WebServletV3/tomcat/webapps/examples] has finished in [107] ms
18-Dec-2025 13:01:53.403 INFO [main] org.apache.catalina.startup.HostConfig.deployDirectory Установка веб приложения в папку [/Users/plushavey/Desktop/TP_Projects/WebServletV3/tomcat/webapps/ROOT]
18-Dec-2025 13:01:53.410 INFO [main] org.apache.catalina.startup.HostConfig.deployDirectory Deployment of web application directory [/Users/plushavey/Desktop/TP_Projects/WebServletV3/tomcat/webapps/ROOT] has finished in [7] ms
18-Dec-2025 13:01:53.410 INFO [main] org.apache.catalina.startup.HostConfig.deployDirectory Установка веб приложения в папку [/Users/plushavey/Desktop/TP_Projects/WebServletV3/tomcat/webapps/host-manager]
18-Dec-2025 13:01:53.419 INFO [main] org.apache.catalina.startup.HostConfig.deployDirectory Deployment of web application directory [/Users/plushavey/Desktop/TP_Projects/WebServletV3/tomcat/webapps/host-manager] has finished in [9] ms
18-Dec-2025 13:01:53.421 INFO [main] org.apache.coyote.AbstractProtocol.start Starting ProtocolHandler ["http-nio-8080"]
18-Dec-2025 13:01:53.425 INFO [main] org.apache.catalina.startup.Catalina.start Server startup in [330] milliseconds
18-Dec-2025 13:20:38.131 INFO [main] org.apache.catalina.core.StandardServer.await A valid shutdown command was received via the shutdown port. Stopping the Server instance.
18-Dec-2025 13:20:38.132 INFO [main] org.apache.coyote.AbstractProtocol.pause Pausing ProtocolHandler ["http-nio-8080"]
18-Dec-2025 13:20:38.136 INFO [main] org.apache.catalina.core.StandardService.stopInternal Stopping service [Catalina]
18-Dec-2025 13:20:38.151 INFO [main] org.apache.coyote.AbstractProtocol.stop Stopping ProtocolHandler ["http-nio-8080"]
18-Dec-2025 13:20:38.160 INFO [main] org.apache.coyote.AbstractProtocol.destroy Destroying ProtocolHandler ["http-nio-8080"]
